"pmid","title","abstract","abstract_words","journal","pub_year","country","keywords","major_topic","disease_group","clean_abstract"
41881506,"Japanese Clinical Practice Guidelines for Vascular Tumors, Vascular Malformations, Lymphatic Malformations, and Lymphangiomatosis 2022.","The objective was to prepare guidelines to perform the current optimum treatment by organizing effective and efficient treatments of hemangiomas and vascular malformations, confirming the safety, and systematizing treatment, employing evidence-based medicine techniques and aimed at improvement of the outcomes. Clinical questions (CQs) were decided based on the important clinical issues. For document retrieval, key words for literature searches were set for each CQ and literature published from 1980 to the end of December 2020 was searched in PubMed, and Japana Centra Revuo Medicina (JCRM). The strengths of evidence and recommendations acquired by systematic reviews were determined following the Medical Information Network Distribution Service (Minds) technique. A total of 38 CQs were used to compile recommendations and the subjects included efficacy of resection, sclerotherapy/embolization, drug therapy, laser therapy, radiotherapy, and other conservative treatment, differences in appropriate treatment due to the location of lesions and among symptoms, appropriate timing of treatment and tests, pathological diagnosis deciding the diagnosis, and causal genes of vascular anomalies. Thus, the Japanese Clinical Practice Guidelines for Vascular Tumors, Vascular Malformations, Lymphatic Malformations, and Lymphangiomatosis 2022 have been prepared as the evidence-based guidelines for the management of vascular anomalies.",192,"The Journal of dermatology",2026,"Japan","","","Cancer","the objective was to prepare guidelines to perform the current optimum treatment by organizing effective and efficient treatments of hemangiomas and vascular malformations confirming the safety and systematizing treatment employing evidence based medicine techniques and aimed at improvement of the outcomes clinical questions cqs were decided based on the important clinical issues for document retrieval key words for literature searches were set for each cq and literature published from to the end of december was searched in pubmed and japana centra revuo medicina jcrm the strengths of evidence and recommendations acquired by systematic reviews were determined following the medical information network distribution service minds technique a total of cqs were used to compile recommendations and the subjects included efficacy of resection sclerotherapy embolization drug therapy laser therapy radiotherapy and other conservative treatment differences in appropriate treatment due to the location of lesions and among symptoms appropriate timing of treatment and tests pathological diagnosis deciding the diagnosis and causal genes of vascular anomalies thus the japanese clinical practice guidelines for vascular tumors vascular malformations lymphatic malformations and lymphangiomatosis have been prepared as the evidence based guidelines for the management of vascular anomalies"
39469559,"Genetic studies of type 2 diabetes, and microvascular complications of diabetes.","Genome-wide association studies (GWAS) have significantly advanced the identification of genetic susceptibility variants associated with complex diseases. As of 2023, approximately 800 variants predisposing individuals to the risk of type 2 diabetes (T2D) were identified through GWAS, and the majority of studies were predominantly conducted in European populations. Despite the shared nature of the majority of genetic susceptibility loci across diverse ethnic populations, GWAS in non-European populations, including Japanese and East Asian populations, have revealed population-specific T2D loci. Currently, polygenic risk scores (PRSs), encompassing millions of associated variants, can identify individuals with a higher T2D risk than the general population. However, GWAS focusing on microvascular complications of diabetes have identified a limited number of disease-susceptibility loci. Ongoing efforts are crucial to enhance the applicability of PRS for all ethnic groups and unravel the genetic architecture of microvascular complications of diabetes.",140,"Diabetology international",2024,"Okinawa 903-0215 Japan","","","Diabetes","genome wide association studies gwas have significantly advanced the identification of genetic susceptibility variants associated with complex diseases as of approximately variants predisposing individuals to the risk of type diabetes t d were identified through gwas and the majority of studies were predominantly conducted in european populations despite the shared nature of the majority of genetic susceptibility loci across diverse ethnic populations gwas in non european populations including japanese and east asian populations have revealed population specific t d loci currently polygenic risk scores prss encompassing millions of associated variants can identify individuals with a higher t d risk than the general population however gwas focusing on microvascular complications of diabetes have identified a limited number of disease susceptibility loci ongoing efforts are crucial to enhance the applicability of prs for all ethnic groups and unravel the genetic architecture of microvascular complications of diabetes"
38286212,"Human neural progenitor cell models to study the antiviral effects and neuroprotective potential of approved and investigational human cytomegalovirus inhibitors.","Human cytomegalovirus (HCMV) is the viral leading cause of congenital defects in newborns worldwide. Many aspects of congenital CMV (cCMV) infection, which currently lacks a specific treatment, as well as the main determinants of neuropathogenesis in the developing brain during HCMV infection are unclear. In this study, we modeled HCMV infection at different stages of neural development. Moreover, we evaluated the effects of both approved and investigational anti-HCMV drugs on viral replication and gene expression in two different neural progenitor cell lines, i.e., human embryonic stem cells-derived neural stem cells (NSCs) and fetus-derived neuroepithelial stem (NES) cells. Ganciclovir, letermovir, nitazoxanide, and the ozonide OZ418 reduced viral DNA synthesis and the production of infectious virus in both lines of neural progenitors. HCMV infection dysregulated the expression of genes that either are markers of neural progenitors, such as SOX2, NESTIN, PAX-6, or play a role in neurogenesis, such as Doublecortin. Treatment with antiviral drugs had different effects on HCMV-induced dysregulation of the genes under investigation. This study contributes to the understanding of the molecular mechanisms of cCMV neuropathogenesis and paves the way for further consideration of anti-HCMV drugs as candidate therapeutic agents for the amelioration of cCMV-associated neurological manifestations.",197,"Antiviral research",2024,"Italy Electronic address: martatrevisan@unipdit","Infant, Newborn; Humans; Cytomegalovirus; Cytomegalovirus Infections; Brain; Drugs, Investigational; Stem Cells; Antiviral Agents","Cytomegalovirus","Neurological","human cytomegalovirus hcmv is the viral leading cause of congenital defects in newborns worldwide many aspects of congenital cmv ccmv infection which currently lacks a specific treatment as well as the main determinants of neuropathogenesis in the developing brain during hcmv infection are unclear in this study we modeled hcmv infection at different stages of neural development moreover we evaluated the effects of both approved and investigational anti hcmv drugs on viral replication and gene expression in two different neural progenitor cell lines i e human embryonic stem cells derived neural stem cells nscs and fetus derived neuroepithelial stem nes cells ganciclovir letermovir nitazoxanide and the ozonide oz reduced viral dna synthesis and the production of infectious virus in both lines of neural progenitors hcmv infection dysregulated the expression of genes that either are markers of neural progenitors such as sox nestin pax or play a role in neurogenesis such as doublecortin treatment with antiviral drugs had different effects on hcmv induced dysregulation of the genes under investigation this study contributes to the understanding of the molecular mechanisms of ccmv neuropathogenesis and paves the way for further consideration of anti hcmv drugs as candidate therapeutic agents for the amelioration of ccmv associated neurological manifestations"
40433138,"Rationale and Trial Design of Feedbacks Using Behavioural Economic Theories on STEP Counts (FOOTSTEPS) Trial in Patients With Cardiovascular Disease.","Physical activity is crucial for reducing cardiovascular disease (CVD) risk. Interventions for nonsupervised exercise therapy have not been broadly implemented, and few patients with CVD achieve the recommended activity levels (eg, 8000 daily steps). Behavioural economics-based programs increased physical activity in the general population; however, their effectiveness-including the impact of gain vs loss framing-in patients with CVD remains unclear. This study investigates the effectiveness of gamification with social incentives and support in promoting physical activity among patients with CVD using smartphone applications.This 5-arm, randomized controlled trial will recruit adult patients with CVD from a single acute tertiary emergency hospital in Tokyo, Japan. Participants will be randomly assigned to 1 of 5 groups: control, gamification (loss framing), gamification (gain framing), gamification (loss framing) + social support, or gamification (gain framing) + social support. The smartphone application incorporates gamification elements: points, rankings, and framing effects. Participants in social support arms will nominate a family member or friend to receive weekly progress reports and provide encouragement. The intervention period is 6 weeks, followed by a 6-week follow-up. The primary outcome is the change in mean daily step count from baseline to the intervention period. The target sample size is 325 participants (65 per arm), and mixed-effects regression models will be used to assess changes in physical activity.This trial will evaluate the effectiveness of gamification with social incentives and support to increase physical activity in patients with CVD. These findings may provide valuable evidence regarding the effectiveness of gamification systems in improving outcomes for this population. ClinicalTrials.gov ID NCT06446076.",255,"CJC open",2025,"Japan","","","Cardiovascular","physical activity is crucial for reducing cardiovascular disease cvd risk interventions for nonsupervised exercise therapy have not been broadly implemented and few patients with cvd achieve the recommended activity levels eg daily steps behavioural economics based programs increased physical activity in the general population however their effectiveness including the impact of gain vs loss framing in patients with cvd remains unclear this study investigates the effectiveness of gamification with social incentives and support in promoting physical activity among patients with cvd using smartphone applications this arm randomized controlled trial will recruit adult patients with cvd from a single acute tertiary emergency hospital in tokyo japan participants will be randomly assigned to of groups control gamification loss framing gamification gain framing gamification loss framing social support or gamification gain framing social support the smartphone application incorporates gamification elements points rankings and framing effects participants in social support arms will nominate a family member or friend to receive weekly progress reports and provide encouragement the intervention period is weeks followed by a week follow up the primary outcome is the change in mean daily step count from baseline to the intervention period the target sample size is participants per arm and mixed effects regression models will be used to assess changes in physical activity this trial will evaluate the effectiveness of gamification with social incentives and support to increase physical activity in patients with cvd these findings may provide valuable evidence regarding the effectiveness of gamification systems in improving outcomes for this population clinicaltrials gov id nct"
38191752,"Professionally led support groups for people living with advanced or metastatic cancer: a systematic scoping review of effectiveness and factors critical to implementation success within real-world healthcare and community settings.","To examine the effectiveness of professionally led support groups for people with advanced or metastatic cancer, and identify factors critical to implementation success within real-world settings. Databases (MEDLINE; PsychINFO; CINAHL) and grey literature were searched for empirical publications and evaluations. Articles were screened for eligibility and data systematically extracted, charted and summarised using a modified scoping review methodology. Implementation factors were mapped using Proctor's implementation framework and the Consolidated Framework for Implementation Research 2.0. A total of 1691 publications were identified; 19 were eligible for inclusion (8 randomised controlled trials, 7 qualitative studies, 2 cohort studies, 2 mixed methods studies). Most (n=18) studies focused on tumour-specific support groups. Evidence supported professionally led support groups in reducing mood disturbances (n=5), distress (i.e. traumatic stress, depression) (n=4) and pain (n=2). Other benefits included social connectedness (n=6), addressing existential distress (n=5), information and knowledge (n=6), empowerment and sense of control (n=2), relationships with families (n=2) and communication with health professionals (n=2). Thirteen studies identified factors predicting successful adoption, implementation or sustainment, including acceptability (n=12; 63%), feasibility (n=6; 32%) and appropriateness (n=1; 5%). Key determinants of successful implementation included group leaders' skills/experience, mode of operation, travelling distance, group composition and membership and resourcing. Professionally led tumour-specific support groups demonstrate effectiveness in reducing mood disturbances, distress and pain among patients. Successful implementation hinges on factors such as leadership expertise, operational methods and resource allocation. Professionally led support groups may fill an important gap in supportive care for people with advanced or metastatic cancer.",248,"Journal of cancer survivorship : research and practice",2025,"Australia","Humans; Neoplasms; Self-Help Groups; Cancer Survivors; Neoplasm Metastasis","Neoplasms","Cancer","to examine the effectiveness of professionally led support groups for people with advanced or metastatic cancer and identify factors critical to implementation success within real world settings databases medline psychinfo cinahl and grey literature were searched for empirical publications and evaluations articles were screened for eligibility and data systematically extracted charted and summarised using a modified scoping review methodology implementation factors were mapped using proctor s implementation framework and the consolidated framework for implementation research a total of publications were identified were eligible for inclusion randomised controlled trials qualitative studies cohort studies mixed methods studies most n studies focused on tumour specific support groups evidence supported professionally led support groups in reducing mood disturbances n distress i e traumatic stress depression n and pain n other benefits included social connectedness n addressing existential distress n information and knowledge n empowerment and sense of control n relationships with families n and communication with health professionals n thirteen studies identified factors predicting successful adoption implementation or sustainment including acceptability n feasibility n and appropriateness n key determinants of successful implementation included group leaders skills experience mode of operation travelling distance group composition and membership and resourcing professionally led tumour specific support groups demonstrate effectiveness in reducing mood disturbances distress and pain among patients successful implementation hinges on factors such as leadership expertise operational methods and resource allocation professionally led support groups may fill an important gap in supportive care for people with advanced or metastatic cancer"
39895971,"Mapping neuro-disabilities and their dimensions among under 5 years of age children in the southern agricultural corridor of Tanzania: a preliminary baseline survey.","Neuro-disabilities involve impairments of the nervous system, affecting brain development and functioning. Due to limited scientific data on neuro-disabilities in Tanzania, this study examines maternal characteristics in high-risk areas, such as the Southern Agricultural Growth Corridor (SAGCOT). This cross-sectional study sampled 286 children aged 0-5 years and their mothers in the SAGCOT region. Each mother selected the youngest child within the specified age range. Multi-stage sampling was used to choose clusters and areas for the study. The Malawi Developmental Assessment Tool (M-DAT) was used to assess the children's developmental levels. Descriptive analysis determined distribution patterns, while multivariate analyses were performed to identify significant factors. Modified Poisson regression with robust standard errors estimated prevalence ratios (PRs) and their 95% confidence intervals (CIs). The study included 286 mother-child pairs from four clusters: Ihemi, Kilombero, Ludewa, and Mbarali. The children's median age was 24 months, with the majority aged between 13 and 48 months. Boys constituted a slight majority (59.4%). The majority of mothers were married (72.4%), had primary education (56.6%), and were engaged in non-farming occupations (56.3%). Neurodevelopmental assessments revealed that 11.2% of children were fully developed, while 88.8% exhibited development delays. Adjusted prevalence ratios (aPR) with 95% confidence intervals identified significant associations between developmental domains and demographic variables such as age, gender, marital status, and maternal occupation. The study highlights a high prevalence of neuro-disability among children in Tanzania's southern corridor, revealing disparities across regions and the impact of factors such as gender and marital status. Targeted interventions are essential to address these developmental challenges effectively and promote optimal child development and wellbeing.",262,"Frontiers in psychology",2024,"Tanzania","","","Neurological","neuro disabilities involve impairments of the nervous system affecting brain development and functioning due to limited scientific data on neuro disabilities in tanzania this study examines maternal characteristics in high risk areas such as the southern agricultural growth corridor sagcot this cross sectional study sampled children aged years and their mothers in the sagcot region each mother selected the youngest child within the specified age range multi stage sampling was used to choose clusters and areas for the study the malawi developmental assessment tool m dat was used to assess the children s developmental levels descriptive analysis determined distribution patterns while multivariate analyses were performed to identify significant factors modified poisson regression with robust standard errors estimated prevalence ratios prs and their confidence intervals cis the study included mother child pairs from four clusters ihemi kilombero ludewa and mbarali the children s median age was months with the majority aged between and months boys constituted a slight majority the majority of mothers were married had primary education and were engaged in non farming occupations neurodevelopmental assessments revealed that of children were fully developed while exhibited development delays adjusted prevalence ratios apr with confidence intervals identified significant associations between developmental domains and demographic variables such as age gender marital status and maternal occupation the study highlights a high prevalence of neuro disability among children in tanzania s southern corridor revealing disparities across regions and the impact of factors such as gender and marital status targeted interventions are essential to address these developmental challenges effectively and promote optimal child development and wellbeing"
38223054,"Cardiac magnetic resonance imaging detection of intramyocardial hemorrhage in patients with ST-elevated myocardial infarction: comparison between susceptibility-weighted imaging and T1/T2 mapping techniques.","Susceptibility-weighted imaging (SWI) and T1/T2 mapping can be used to detect reperfusion intramyocardial hemorrhage (IMH) in ST-segment elevation myocardial infarction (STEMI) patients. However, the sensitivity and accuracy of the SWI and T1/T2 mapping sequences were not systematically compared. The study aimed to evaluate image quality and diagnostic performance of SWI in patients with IMH, compared with T1/T2 mapping. A prospective study was conducted on consecutive acute STEMI patients who were recruited from January to July 2022. Within 2-6 days after reperfusion treatment, all patients underwent a 3T cardiac magnetic resonance (CMR) examination, including T2-weighted short-tau inversion recovery (T2W-STIR), T1/T2 mapping, and SWI. A total of 36 patients [age, 56.50±17.25 years; males, 83.33% (30/36)] were enrolled. The relative infarct-remote myocardium signal intensity ratio (SIinfarct-remote) and contrast-to-noise ratio (CNR) were calculated for each patient on T1/T2 mapping and SWI, and the difference between relative signal intensity-to-noise ratio (rSNR) in the IMH (rSNRIMH) was measured for IMH patients on T1/T2 mapping and SWI. SIinfarct-remote, CNR, and rSNRIMH were compared among the three sequences. Receiver operating characteristic (ROC) analyses were used to evaluate the diagnostic performance of three sequences by SIinfarct-remote and visual assessment. A total of 26 (72.22%) patients had IMH. Quantitatively, the SIinfarct-remote of three sequences had excellent diagnostic performance for detecting IMH [SWI area under the curve (AUC) =1.000, 95% confidence interval (CI): 1.000-1.000 vs. T1 mapping AUC =0.954, 95% CI: 0.885-1.000 vs. T2 mapping AUC =0.985, 95% CI: 0.955-1.000; SWI vs. T1 mapping, P=0.300; SWI vs. T2 mapping, P=0.188; T1 mapping vs. T2 mapping, P=0.302). Qualitatively, three sequences had similar performance on detecting IMH (SWI AUC =0.895, 95% CI: 0.784-1.000; T1 mapping AUC =0.835, 95% CI: 0.711-0.958; and T2 mapping AUC =0.855, 95% CI: 0.735-0.974; SWI vs. T1 mapping, P=0.172; SWI vs. T2 mapping, P=0.317; T1 mapping vs. T2 mapping, P=0.710). The rSNRIMH was highest in T1 mapping, followed by T2 mapping and SWI, but SWI had the highest CNR. SWI, as well as T1/T2 mapping, is a feasible and accurate approach for clinical diagnosis of IMH with excellent performance.",340,"Quantitative imaging in medicine and surgery",2024,"China","","","Cardiovascular","susceptibility weighted imaging swi and t t mapping can be used to detect reperfusion intramyocardial hemorrhage imh in st segment elevation myocardial infarction stemi patients however the sensitivity and accuracy of the swi and t t mapping sequences were not systematically compared the study aimed to evaluate image quality and diagnostic performance of swi in patients with imh compared with t t mapping a prospective study was conducted on consecutive acute stemi patients who were recruited from january to july within days after reperfusion treatment all patients underwent a t cardiac magnetic resonance cmr examination including t weighted short tau inversion recovery t w stir t t mapping and swi a total of patients age years males were enrolled the relative infarct remote myocardium signal intensity ratio siinfarct remote and contrast to noise ratio cnr were calculated for each patient on t t mapping and swi and the difference between relative signal intensity to noise ratio rsnr in the imh rsnrimh was measured for imh patients on t t mapping and swi siinfarct remote cnr and rsnrimh were compared among the three sequences receiver operating characteristic roc analyses were used to evaluate the diagnostic performance of three sequences by siinfarct remote and visual assessment a total of patients had imh quantitatively the siinfarct remote of three sequences had excellent diagnostic performance for detecting imh swi area under the curve auc confidence interval ci vs t mapping auc ci vs t mapping auc ci swi vs t mapping p swi vs t mapping p t mapping vs t mapping p qualitatively three sequences had similar performance on detecting imh swi auc ci t mapping auc ci and t mapping auc ci swi vs t mapping p swi vs t mapping p t mapping vs t mapping p the rsnrimh was highest in t mapping followed by t mapping and swi but swi had the highest cnr swi as well as t t mapping is a feasible and accurate approach for clinical diagnosis of imh with excellent performance"
41531655,"Metformin Increased Histone Deacetylases 1, 3, and 8 Expressions as Epigenetic Regulators in Type 2 Diabetic Patients.","Type 2 diabetes is a complex disease resulting from interactions between genetic, epigenetic, and environmental factors. Histone deacetylases (HDAC) are essential epigenetic-regulatory enzymes that affect gene expression and, through metabolic homeostasis and beta-cell function regulation, play significant roles in the development and treatment of diabetes. In this study, we specifically focused on the effect of metformin, the first-line therapy for type 2 diabetes on the expression of class I HDAC genes. A total of 60 patients were equally allocated into two groups: those receiving metformin treatment and those without treatment. Also, 60 subjects with normal glucose tolerance were divided into two groups: non-obese (n=30) and obese individuals (n=30). All biochemical and clinical factors were estimated using standard methods, and RT-qPCR was used to quantify the expression levels of the candidate genes in peripheral blood mononuclear cells of different groups. The metformin treatment group exhibited increased expression of HDAC1, HDAC3, and HDAC8 in comparison to the non-treatment group. Furthermore, the expression levels of HDAC 1, 2, and 3 were higher in the obese group than the non-obese. Interestingly, evaluation of biochemical and clinical factors revealed significant association between the expression of class I HDAC genes and several diabetes-related risk factors. The current findings suggest that HDAC1, 3, and 8 genes expression are affected by metformin, and obesity has a substantial ability to increase the risk of diabetes. However, changes in HDAC expression may represent potential biomarkers and therapeutic targets for future clinical studies in diabetes, particularly in exploring combination therapies involving histone deacetylase inhibitors and metformin.",255,"Reports of biochemistry & molecular biology",2025,"Iran","","","Diabetes","type diabetes is a complex disease resulting from interactions between genetic epigenetic and environmental factors histone deacetylases hdac are essential epigenetic regulatory enzymes that affect gene expression and through metabolic homeostasis and beta cell function regulation play significant roles in the development and treatment of diabetes in this study we specifically focused on the effect of metformin the first line therapy for type diabetes on the expression of class i hdac genes a total of patients were equally allocated into two groups those receiving metformin treatment and those without treatment also subjects with normal glucose tolerance were divided into two groups non obese n and obese individuals n all biochemical and clinical factors were estimated using standard methods and rt qpcr was used to quantify the expression levels of the candidate genes in peripheral blood mononuclear cells of different groups the metformin treatment group exhibited increased expression of hdac hdac and hdac in comparison to the non treatment group furthermore the expression levels of hdac and were higher in the obese group than the non obese interestingly evaluation of biochemical and clinical factors revealed significant association between the expression of class i hdac genes and several diabetes related risk factors the current findings suggest that hdac and genes expression are affected by metformin and obesity has a substantial ability to increase the risk of diabetes however changes in hdac expression may represent potential biomarkers and therapeutic targets for future clinical studies in diabetes particularly in exploring combination therapies involving histone deacetylase inhibitors and metformin"
37977363,"DEHP and DBP, common phthalates, induce glucose metabolism disorders in rats via oxidative damage of PI3K/Akt/GLUT4 signaling.","Phthalic acid esters (PAEs) are environmental endocrine disruptors thought to interfere with glucose metabolism in humans. Most of the related research has focused on population epidemiological studies, with the underlying mechanisms remaining unresolved. Using an in vivo animal model, we examined the effects of oral administration of two commonly used PAEs [di(2-ethylhexyl) phthalate (DEHP) and dibutyl phthalate (DBP)] on glucose homeostasis and insulin secretion. DEHP (750 mg/kg, 1/40 LD50), DBP (500 mg/kg, 1/40 LD50), and DEHP (750 mg/kg) + DBP (500 mg/kg) exert an influence on glucose metabolism and elicit a reduction in insulin sensitivity in rats. Furthermore, these substances induce detrimental effects on the structure and functionality of pancreatic β-cells. DEHP and/or DBP triggered an increase in plasma malondialdehyde (MDA) and reduction in superoxide dismutase (SOD) activity; a reduction in the phosphorylation of phosphatidyl inositol 3 kinase (PI3K) and phospho-protein kinase B (p-Akt473) proteins; an increase in the relative expression of Bax, Caspase-8, cleaved-Caspase-9, and cleaved-Caspase-3; and a reduction in the relative expression of Bcl-2-related Bax in pancreatic tissue and of gastrocnemius glucose transporter 4 (GLUT4) in the gastrocnemius muscle. Based on these findings, these PAEs can disrupt glucose metabolism, possibly via oxidative damage of the PI3K/Akt/GLUT4 pathway; this damage induces pancreatic β-cell apoptosis, affects pancreatic β-cell function, and affects glucose metabolism and insulin resistance in rats. To the best of our knowledge, this study was the first to show that the combined effect of the two PAEs affects glucose metabolism and insulin resistance in rats that is significantly higher than the effects of each PAE. Thus, safety standards and studies do not consider this effect as a significant oversight when blending PAEs. We assert that this must be addressed and corrected for establishing more impactful and safer standards.",290,"Environmental pollution (Barking, Essex : 1987)",2024,"China Electronic address: 20060005@nxmueducn","Humans; Rats; Animals; Dibutyl Phthalate; Diethylhexyl Phthalate; Proto-Oncogene Proteins c-akt; Phosphatidylinositol 3-Kinases; Insulin Resistance; bcl-2-Associated X Protein; Phthalic Acids","Diethylhexyl Phthalate","Diabetes","phthalic acid esters paes are environmental endocrine disruptors thought to interfere with glucose metabolism in humans most of the related research has focused on population epidemiological studies with the underlying mechanisms remaining unresolved using an in vivo animal model we examined the effects of oral administration of two commonly used paes di ethylhexyl phthalate dehp and dibutyl phthalate dbp on glucose homeostasis and insulin secretion dehp mg kg ld dbp mg kg ld and dehp mg kg dbp mg kg exert an influence on glucose metabolism and elicit a reduction in insulin sensitivity in rats furthermore these substances induce detrimental effects on the structure and functionality of pancreatic cells dehp and or dbp triggered an increase in plasma malondialdehyde mda and reduction in superoxide dismutase sod activity a reduction in the phosphorylation of phosphatidyl inositol kinase pi k and phospho protein kinase b p akt proteins an increase in the relative expression of bax caspase cleaved caspase and cleaved caspase and a reduction in the relative expression of bcl related bax in pancreatic tissue and of gastrocnemius glucose transporter glut in the gastrocnemius muscle based on these findings these paes can disrupt glucose metabolism possibly via oxidative damage of the pi k akt glut pathway this damage induces pancreatic cell apoptosis affects pancreatic cell function and affects glucose metabolism and insulin resistance in rats to the best of our knowledge this study was the first to show that the combined effect of the two paes affects glucose metabolism and insulin resistance in rats that is significantly higher than the effects of each pae thus safety standards and studies do not consider this effect as a significant oversight when blending paes we assert that this must be addressed and corrected for establishing more impactful and safer standards"
38279557,"Effect of spermidine on long non-coding RNAs MALAT1 in a rotenone induced-rat model of Parkinson's disease.","Spermidine is a natural biologically active substance that has widespread influences on the body. This study aims to enhance our understanding of the potential effect of spermidine on long non-coding RNA MALAT1 and explore the underlying mechanism in the rotenone-induced rat model of Parkinson's disease. Rats were sacrificed after locomotor behavioral testing. Striatal tissues were used to assess the expression of MALAT1, oxidative stress markers, and autophagy markers. Our study found that treatment with spermidine for 2 weeks during the induction of the model significantly improved behavioral assessment, dopamine levels, and attenuated the histopathological changes that occurred in PD in comparison to the non-treated group. Our preliminary study supports the protective effect of spermidine on the activation of autophagy and its antioxidant properties. Part of the antioxidant activity is due to the inhibition of MALAT1. However, MALAT1 does not correlate with the spermidine-induced autophagy pathway.",145,"Fundamental & clinical pharmacology",2024,"Egypt","Animals; Male; Rats; Antioxidants; Autophagy; Disease Models, Animal; Dopamine; Oxidative Stress; Parkinson Disease; Rats, Wistar","Autophagy","Neurological","spermidine is a natural biologically active substance that has widespread influences on the body this study aims to enhance our understanding of the potential effect of spermidine on long non coding rna malat and explore the underlying mechanism in the rotenone induced rat model of parkinson s disease rats were sacrificed after locomotor behavioral testing striatal tissues were used to assess the expression of malat oxidative stress markers and autophagy markers our study found that treatment with spermidine for weeks during the induction of the model significantly improved behavioral assessment dopamine levels and attenuated the histopathological changes that occurred in pd in comparison to the non treated group our preliminary study supports the protective effect of spermidine on the activation of autophagy and its antioxidant properties part of the antioxidant activity is due to the inhibition of malat however malat does not correlate with the spermidine induced autophagy pathway"
38273378,"Novel insight into the lipid network of plasma extracellular vesicles reveal sex-based differences in the lipidomic profile of alcohol use disorder patients.","Alcohol use disorder (AUD) is one of the most common psychiatric disorders, with the consumption of alcohol considered a leading cause of preventable deaths worldwide. Lipids play a crucial functional role in cell membranes; however, we know little about the role of lipids in extracellular vesicles (EVs) as regulatory molecules and disease biomarkers. We employed a sensitive lipidomic strategy to characterize lipid species from the plasma EVs of AUD patients to evaluate functional roles and enzymatic activity networks to improve the knowledge of lipid metabolism after alcohol consumption. We analyzed plasma EV lipids from AUD females and males and healthy individuals to highlight lipids with differential abundance and biologically interpreted lipidomics data using LINEX2, which evaluates enzymatic dysregulation using an enrichment algorithm. Our results show, for the first time, that AUD females exhibited more significant substrate-product changes in lysophosphatidylcholine/phosphatidylcholine lipids and phospholipase/acyltransferase activity, which are potentially linked to cancer progression and neuroinflammation. Conversely, AUD males suffer from dysregulated ceramide and sphingomyelin lipids involving sphingomyelinase, sphingomyelin phosphodiesterase, and sphingomyelin synthase activity, which relates to hepatotoxicity. Notably, the analysis of plasma EVs from AUD females and males demonstrates enrichment of lipid ontology terms associated with ""negative intrinsic curvature"" and ""positive intrinsic curvature"", respectively. Our methodological developments support an improved understanding of lipid metabolism and regulatory mechanisms, which contribute to the identification of novel lipid targets and the discovery of sex-specific clinical biomarkers in AUD.",232,"Biology of sex differences",2024,"Spain","Male; Female; Humans; Lipidomics; Lipids; Alcoholism; Extracellular Vesicles; Biomarkers; Alcohol Drinking","Alcoholism","Cancer","alcohol use disorder aud is one of the most common psychiatric disorders with the consumption of alcohol considered a leading cause of preventable deaths worldwide lipids play a crucial functional role in cell membranes however we know little about the role of lipids in extracellular vesicles evs as regulatory molecules and disease biomarkers we employed a sensitive lipidomic strategy to characterize lipid species from the plasma evs of aud patients to evaluate functional roles and enzymatic activity networks to improve the knowledge of lipid metabolism after alcohol consumption we analyzed plasma ev lipids from aud females and males and healthy individuals to highlight lipids with differential abundance and biologically interpreted lipidomics data using linex which evaluates enzymatic dysregulation using an enrichment algorithm our results show for the first time that aud females exhibited more significant substrate product changes in lysophosphatidylcholine phosphatidylcholine lipids and phospholipase acyltransferase activity which are potentially linked to cancer progression and neuroinflammation conversely aud males suffer from dysregulated ceramide and sphingomyelin lipids involving sphingomyelinase sphingomyelin phosphodiesterase and sphingomyelin synthase activity which relates to hepatotoxicity notably the analysis of plasma evs from aud females and males demonstrates enrichment of lipid ontology terms associated with negative intrinsic curvature and positive intrinsic curvature respectively our methodological developments support an improved understanding of lipid metabolism and regulatory mechanisms which contribute to the identification of novel lipid targets and the discovery of sex specific clinical biomarkers in aud"
40039444,"Deep Normative Tractometry for Identifying Joint White Matter Macro- and Micro-structural Abnormalities in Alzheimer's Disease.","This study introduces the Deep Normative Tractometry (DNT) framework, that encodes the joint distribution of both macrostructural and microstructural profiles of the brain white matter tracts through a variational autoencoder (VAE). By training on data from healthy controls, DNT learns the normative distribution of tract data, and can delineate along-tract micro- and macro-structural abnormalities. Leveraging a large sample size via generative pre-training, we assess DNT's generalizability using transfer learning on data from an independent cohort acquired in India. Our findings demonstrate DNT's capacity to detect widespread diffusivity abnormalities along tracts in mild cognitive impairment and Alzheimer's disease, aligning closely with results from the Bundle Analytics (BUAN) tractometry pipeline. By incorporating tract geometry information, DNT may be able to distinguish disease-related abnormalities in anisotropy from tract macrostructure, and shows promise in enhancing fine-scale mapping and detection of white matter alterations in neurodegenerative conditions.",142,"Annual International Conference of the IEEE Engineering in Medicine and Biology Society. IEEE Engineering in Medicine and Biology Society. Annual International Conference",2024,"Unknown","Humans; Alzheimer Disease; White Matter; Male; Diffusion Tensor Imaging; Female; Aged; Cognitive Dysfunction; Image Processing, Computer-Assisted; Algorithms","Alzheimer Disease","Neurological","this study introduces the deep normative tractometry dnt framework that encodes the joint distribution of both macrostructural and microstructural profiles of the brain white matter tracts through a variational autoencoder vae by training on data from healthy controls dnt learns the normative distribution of tract data and can delineate along tract micro and macro structural abnormalities leveraging a large sample size via generative pre training we assess dnt s generalizability using transfer learning on data from an independent cohort acquired in india our findings demonstrate dnt s capacity to detect widespread diffusivity abnormalities along tracts in mild cognitive impairment and alzheimer s disease aligning closely with results from the bundle analytics buan tractometry pipeline by incorporating tract geometry information dnt may be able to distinguish disease related abnormalities in anisotropy from tract macrostructure and shows promise in enhancing fine scale mapping and detection of white matter alterations in neurodegenerative conditions"
38292231,"An unusual case of Zieve's syndrome in a 36-year-old male with latent autoimmune diabetes of adult and disseminated intravascular coagulation.","Zieve's syndrome, associated with chronic alcoholism, manifests as hemolytic anemia, transient hyperlipidemia, and cholestatic jaundice. Key symptoms comprise nausea, abdominal pain, and jaundice. Diagnosis relies on recognizing the triad in those with an alcohol use history. Supportive management includes blood transfusions and alcohol cessation. The exact pathophysiology remains uncertain, with hypotheses ranging from alcohol-induced liver damage to autoimmune processes. The report emphasizes diagnostic complexities, particularly when concurrent with autoimmune disorders such as latent autoimmune diabetes of adults or complicated by disseminated intravascular coagulation (DIC). A 36-year-old male with latent autoimmune diabetes of adults and an 18-year history of chronic alcoholism presented with yellowish skin discoloration, abdominal pain, and distension. Physical examination revealed signs of anemia, jaundice, pedal edema, hepatomegaly, splenomegaly, and abdominal tenderness. Over eight admissions, multiple tests revealed severe anemia, thrombocytopenia, elevated bilirubin, and positive autoantibodies. Treatment for suspected autoimmune hepatitis showed no improvement. Subsequent examinations indicated DIC, altered liver function, and cirrhosis progression. A confirmed diagnosis of Zieve's syndrome was made. Upper gastrointestinal endoscopy was done to check for esophageal varices which were banded. The patient was subsequently managed on supportive treatment with multiple blood transfusions and abstinence from alcohol. Prompt recognition of Zieve's syndrome is crucial to avoid unnecessary interventions. Alcohol cessation is the keystone of treatment, emphasizing the need to raise awareness among practitioners. This case points toward the importance of comprehensive evaluation, serial investigations, and multidisciplinary collaboration for accurate diagnosis and management. Further research is needed to enhance understanding and optimize therapeutic strategies.",248,"Clinical case reports",2024,"Department of Internal Medicine GMERS Medical College Gotri Vadodara India","","","Diabetes","zieve s syndrome associated with chronic alcoholism manifests as hemolytic anemia transient hyperlipidemia and cholestatic jaundice key symptoms comprise nausea abdominal pain and jaundice diagnosis relies on recognizing the triad in those with an alcohol use history supportive management includes blood transfusions and alcohol cessation the exact pathophysiology remains uncertain with hypotheses ranging from alcohol induced liver damage to autoimmune processes the report emphasizes diagnostic complexities particularly when concurrent with autoimmune disorders such as latent autoimmune diabetes of adults or complicated by disseminated intravascular coagulation dic a year old male with latent autoimmune diabetes of adults and an year history of chronic alcoholism presented with yellowish skin discoloration abdominal pain and distension physical examination revealed signs of anemia jaundice pedal edema hepatomegaly splenomegaly and abdominal tenderness over eight admissions multiple tests revealed severe anemia thrombocytopenia elevated bilirubin and positive autoantibodies treatment for suspected autoimmune hepatitis showed no improvement subsequent examinations indicated dic altered liver function and cirrhosis progression a confirmed diagnosis of zieve s syndrome was made upper gastrointestinal endoscopy was done to check for esophageal varices which were banded the patient was subsequently managed on supportive treatment with multiple blood transfusions and abstinence from alcohol prompt recognition of zieve s syndrome is crucial to avoid unnecessary interventions alcohol cessation is the keystone of treatment emphasizing the need to raise awareness among practitioners this case points toward the importance of comprehensive evaluation serial investigations and multidisciplinary collaboration for accurate diagnosis and management further research is needed to enhance understanding and optimize therapeutic strategies"
38202455,"Fruit Quality Attributes of Organically Grown Norwegian Apples Are Affected by Cultivar and Location.","In this work, 12 apple cultivars grown organically in three regions of Norway (Telemark, Ullensvang, Viken) were analyzed in terms of fruit quality, with the aim of equating different growing regions under specific climatic conditions. Apples were analyzed for concentration levels of minerals, sugars, sugar alcohols, organic acids, total phenolic content (TPC), radical scavenging activity (RSA), and phenolic profiles. Discovery ""Rose"" from Telemark stored the highest level of minerals (24,094.5 mg/kg dry weight). Glucose, fructose, sucrose, and sorbitol were the major carbohydrates, whereas the predominant organic acids were quinic acid and malic acid. Cultivar Discovery from Ullensvang had the highest TPC (9.22 g/kg) and RSA (229.32 mmol TE/kg). Of the polyphenols quantified, chlorogenic acid and kaempferol-3-O-glucoside were the most abounded, accounting for 85.50%. Principal component analysis (PCA) shows that the Ullensvang region is the richest source of most carbohydrates, organic acids (quinic, shikimic, and galacturonic), and most polyphenols, whereas the highest content of minerals and maleic acid characterized Viken. Regardless of location, the Discovery cultivar had, on average, the highest sugar and polyphenol contents. The results obtained suggest that organic apples from Norway are a rich source of beneficial compounds that can have a positive impact on human health. In addition, these results may be useful for consumers in identifying apple cultivars with desirable characteristics and for the fruit industry in tracing back the origin of apples. The findings could also be of great interest for locations with similar climate and soil conditions worldwide.",244,"Plants (Basel, Switzerland)",2024,"Serbia","","","Diabetes","in this work apple cultivars grown organically in three regions of norway telemark ullensvang viken were analyzed in terms of fruit quality with the aim of equating different growing regions under specific climatic conditions apples were analyzed for concentration levels of minerals sugars sugar alcohols organic acids total phenolic content tpc radical scavenging activity rsa and phenolic profiles discovery rose from telemark stored the highest level of minerals mg kg dry weight glucose fructose sucrose and sorbitol were the major carbohydrates whereas the predominant organic acids were quinic acid and malic acid cultivar discovery from ullensvang had the highest tpc g kg and rsa mmol te kg of the polyphenols quantified chlorogenic acid and kaempferol o glucoside were the most abounded accounting for principal component analysis pca shows that the ullensvang region is the richest source of most carbohydrates organic acids quinic shikimic and galacturonic and most polyphenols whereas the highest content of minerals and maleic acid characterized viken regardless of location the discovery cultivar had on average the highest sugar and polyphenol contents the results obtained suggest that organic apples from norway are a rich source of beneficial compounds that can have a positive impact on human health in addition these results may be useful for consumers in identifying apple cultivars with desirable characteristics and for the fruit industry in tracing back the origin of apples the findings could also be of great interest for locations with similar climate and soil conditions worldwide"
37557937,"Comparative pharmacokinetics and tissue distribution of polydatin, resveratrol, and emodin after oral administration of Huzhang and Huzhang-Guizhi herb-pair extracts to rats.","Huzhang-Guizhi herb pair (HGHP), composed of Polygonum cuspidatum (Huzhang [HZ] in Chinese, the root of Polygonum cuspidatum Sieb. & Zucc.) and Ramulus Cinnamomi (Guizhi [GZ] in Chinese, the dried twig of Cinnamomum cassia Presl.), is a popular herb pair commonly used to treat arthritis and involved in many Chinese prescriptions. In order to reveal the influence of GZ on HZ on bioavailability, the pharmacokinetic behaviors and tissue distribution variations of the three analytes from HZ were detected between oral administration of HZ and HGHP extracts to rats. Male Sprague-Dawley rats were randomly assigned to two groups for pharmacokinetics study and eight groups for tissues distribution research with the equivalent dose of 18 g crude HZ/kg. Assays for analytes from HZ (polydatin, resveratrol, emodin) were developed and validated using high performance liquid chromatography with ultraviolet detection (HPLC-UV). Part pharmacokinetic parameters including area under the concentration-time curve (AUC), the maximum plasma concentration (Cmax), biological half-life (t1/2), mean residence time (MRT), time to peak concentration (Tmax), clearance rate/bioavailability (CL/F) and volume of distribution/bioavailability (Vd/F) showed significant difference (P < 0.05) after oral administration of HGHP, as compared to those of HZ. The three analytes could be detected in heart, liver, spleen, lung, kidney and brain. Compared with the HZ group, AUC0-t of polydatin in heart, liver and kidney increased significantly (p < 0.05) while that in spleen decreased significantly (p < 0.05); AUC0-t of resveratrol in all detected tissues increased conspicuously (p < 0.05) in the HGHP group; AUC0-t of emodin in heart, liver, spleen, lung, and kidney increased conspicuously (p < 0.05), and decreased obviously (p < 0.05) in brain in the HGHP group. GZ could strongly influence the pharmacokinetic parameters and tissue distribution characteristics of polydatin, resveratrol and emodin in rats when administrated with HZ or HGHP extracts. It might provide a reference for further explanation of the compatibility mechanism and the clinical application of HGHP.",315,"Journal of ethnopharmacology",2024,"PR China","Rats; Male; Animals; Rats, Sprague-Dawley; Emodin; Fallopia japonica; Resveratrol; Tissue Distribution; Plant Extracts; Chromatography, High Pressure Liquid","Emodin","Neurological","huzhang guizhi herb pair hghp composed of polygonum cuspidatum huzhang hz in chinese the root of polygonum cuspidatum sieb zucc and ramulus cinnamomi guizhi gz in chinese the dried twig of cinnamomum cassia presl is a popular herb pair commonly used to treat arthritis and involved in many chinese prescriptions in order to reveal the influence of gz on hz on bioavailability the pharmacokinetic behaviors and tissue distribution variations of the three analytes from hz were detected between oral administration of hz and hghp extracts to rats male sprague dawley rats were randomly assigned to two groups for pharmacokinetics study and eight groups for tissues distribution research with the equivalent dose of g crude hz kg assays for analytes from hz polydatin resveratrol emodin were developed and validated using high performance liquid chromatography with ultraviolet detection hplc uv part pharmacokinetic parameters including area under the concentration time curve auc the maximum plasma concentration cmax biological half life t mean residence time mrt time to peak concentration tmax clearance rate bioavailability cl f and volume of distribution bioavailability vd f showed significant difference p after oral administration of hghp as compared to those of hz the three analytes could be detected in heart liver spleen lung kidney and brain compared with the hz group auc t of polydatin in heart liver and kidney increased significantly p while that in spleen decreased significantly p auc t of resveratrol in all detected tissues increased conspicuously p in the hghp group auc t of emodin in heart liver spleen lung and kidney increased conspicuously p and decreased obviously p in brain in the hghp group gz could strongly influence the pharmacokinetic parameters and tissue distribution characteristics of polydatin resveratrol and emodin in rats when administrated with hz or hghp extracts it might provide a reference for further explanation of the compatibility mechanism and the clinical application of hghp"
38271774,"How far is too far? Cancer prevention and clinical trial enrollment in geographically underserved patient populations.","Despite dedicated efforts to improve equitable access to cancer care in the United States, disparities in cancer outcomes persist, and geographically underserved patients remain at an increased risk of cancer with lower rates of survival. The critical evaluation of cancer prevention inequities and clinical trial access presents the opportunity to outline novel strategies to incrementally improve bookended access to gynecologic cancer care for geographically underserved patients. Cancer prevention strategies that can be addressed in the rural patient population mirror priorities in the Healthy People 2030 objectives and include increased identification of high risk individuals who may benefit from increased cancer screening and risk reduction, increasing the proportion of people who discuss interventions to prevent cancer, such as HPV vaccination, with their provider, and increasing the proportion of adults who complete evidence based cancer screening. Barriers to accrual to clinical trials for rural patients overlap significantly with the same barriers to obtaining health care in general. These barriers include: lack of facilities and specialized providers; lack of robust health infrastructure; inability to travel; and financial barriers. In this review, we will discuss current knowledge and opportunities to improve cancer prevention initiatives and clinical trial enrollment in geographically underserved populations with a focus on rurality.",203,"Gynecologic oncology",2024,"United States of America Electronic address: kel7j@uvahealthorg","Humans; Female; Clinical Trials as Topic; Health Services Accessibility; Medically Underserved Area; Rural Population; Genital Neoplasms, Female; United States; Healthcare Disparities; Patient Selection","Clinical Trials as Topic","Cancer","despite dedicated efforts to improve equitable access to cancer care in the united states disparities in cancer outcomes persist and geographically underserved patients remain at an increased risk of cancer with lower rates of survival the critical evaluation of cancer prevention inequities and clinical trial access presents the opportunity to outline novel strategies to incrementally improve bookended access to gynecologic cancer care for geographically underserved patients cancer prevention strategies that can be addressed in the rural patient population mirror priorities in the healthy people objectives and include increased identification of high risk individuals who may benefit from increased cancer screening and risk reduction increasing the proportion of people who discuss interventions to prevent cancer such as hpv vaccination with their provider and increasing the proportion of adults who complete evidence based cancer screening barriers to accrual to clinical trials for rural patients overlap significantly with the same barriers to obtaining health care in general these barriers include lack of facilities and specialized providers lack of robust health infrastructure inability to travel and financial barriers in this review we will discuss current knowledge and opportunities to improve cancer prevention initiatives and clinical trial enrollment in geographically underserved populations with a focus on rurality"
38291779,"Establishment of Nomogram for Prediction of Hearing Preservation after Retrosigmoid Approach in Patients with Vestibular Schwannoma.","To derive and validate a prognostic nomogram for the prediction of hearing preservation (HP) after retrosigmoid approach (RSA) in patients with vestibular schwannoma (VS) and further assist in clinical decision-making. Retrospective study. Tertiary referral center. A total of 111 patients diagnosed with VS with serviceable hearing from January 2013 to March 2023. All patients underwent surgery via RSA, and hearing outcomes were reviewed 2 weeks postoperatively. Preoperative and postoperative hearing were analyzed and stratified according to the American Academy of Otolaryngology-Head and Neck Surgery (AAO-HNS). In multivariate analysis of the primary group, preoperative hearing, tumor size, and tumor origin were significantly related to postoperative HP ( p = 0.029, p = 0.043, and p = 0.018, respectively). Factors derived from the multivariate analysis were all assembled into the nomogram. The receiver operating characteristic (ROC) curves showed good predictive accuracy of the nomogram model in both primary and validation groups with area under the ROC curve (AUC) values of 0.802 and 0.797, respectively. Independent predictors of postoperative HP in patients with VS were selected to create the nomogram. The nomogram was able to stratify patients into different risk groups and assist in clinical decision making.",194,"Otology & neurotology : official publication of the American Otological Society, American Neurotology Society [and] European Academy of Otology and Neurotology",2024,"China","Humans; Neuroma, Acoustic; Retrospective Studies; Nomograms; Treatment Outcome; Hearing","Neuroma, Acoustic","Cancer","to derive and validate a prognostic nomogram for the prediction of hearing preservation hp after retrosigmoid approach rsa in patients with vestibular schwannoma vs and further assist in clinical decision making retrospective study tertiary referral center a total of patients diagnosed with vs with serviceable hearing from january to march all patients underwent surgery via rsa and hearing outcomes were reviewed weeks postoperatively preoperative and postoperative hearing were analyzed and stratified according to the american academy of otolaryngology head and neck surgery aao hns in multivariate analysis of the primary group preoperative hearing tumor size and tumor origin were significantly related to postoperative hp p p and p respectively factors derived from the multivariate analysis were all assembled into the nomogram the receiver operating characteristic roc curves showed good predictive accuracy of the nomogram model in both primary and validation groups with area under the roc curve auc values of and respectively independent predictors of postoperative hp in patients with vs were selected to create the nomogram the nomogram was able to stratify patients into different risk groups and assist in clinical decision making"
35796486,"Randomized Controlled Trial of Ketamine and Moderate Sedation for Outpatient Endoscopy in Adults.","Ketamine is an effective sedative agent in a variety of settings due to its desirable properties including preservation of laryngeal reflexes and lack of cardiovascular depression. We hypothesized that ketamine is an effective alternative to standard moderate sedation (SMS) regimens for patients undergoing endoscopy. We conducted a randomized controlled trial comparing ketamine to SMS for outpatient colonoscopy or esophagogastroduodenoscopy at Brooke Army Medical Center. The ketamine group received a 1-mg dose of midazolam along with ketamine, whereas the SMS group received midazolam/fentanyl. The primary outcome was patient satisfaction measured using the Patient Satisfaction in Sedation Instrument, and secondary outcomes included changes in hemodynamics, time to sedation onset and recovery, and total medication doses. Thirty-three subjects were enrolled in each group. Baseline characteristics were similar. Endoscopies were performed for both diagnostic and screening purposes. Ketamine was superior in the overall sedation experience and in all analyzed categories compared to the SMS group (P = .0096). Sedation onset times and procedure times were similar among groups. The median ketamine dose was 75 mg. The median fentanyl and midazolam doses were 150 mcg and 5 mg, respectively, in SMS. Vital signs remained significantly closer to the physiological baseline in the ketamine group (P = .004). Recovery times were no different between the groups, and no adverse reactions were encountered. Ketamine is preferred by patients, preserves hemodynamics better than SMS, and can be safely administered by endoscopists. Data suggest that ketamine is a safe and effective sedation option for patients undergoing esophagogastroduodenoscopy or colonoscopy (clinicaltrials.gov NCT03461718).",252,"Military medicine",2024,"USA","Adult; Humans; Colonoscopy; Procedural Sedation; Fentanyl; Ketamine; Midazolam; Outpatients","Procedural Sedation","Cardiovascular","ketamine is an effective sedative agent in a variety of settings due to its desirable properties including preservation of laryngeal reflexes and lack of cardiovascular depression we hypothesized that ketamine is an effective alternative to standard moderate sedation sms regimens for patients undergoing endoscopy we conducted a randomized controlled trial comparing ketamine to sms for outpatient colonoscopy or esophagogastroduodenoscopy at brooke army medical center the ketamine group received a mg dose of midazolam along with ketamine whereas the sms group received midazolam fentanyl the primary outcome was patient satisfaction measured using the patient satisfaction in sedation instrument and secondary outcomes included changes in hemodynamics time to sedation onset and recovery and total medication doses thirty three subjects were enrolled in each group baseline characteristics were similar endoscopies were performed for both diagnostic and screening purposes ketamine was superior in the overall sedation experience and in all analyzed categories compared to the sms group p sedation onset times and procedure times were similar among groups the median ketamine dose was mg the median fentanyl and midazolam doses were mcg and mg respectively in sms vital signs remained significantly closer to the physiological baseline in the ketamine group p recovery times were no different between the groups and no adverse reactions were encountered ketamine is preferred by patients preserves hemodynamics better than sms and can be safely administered by endoscopists data suggest that ketamine is a safe and effective sedation option for patients undergoing esophagogastroduodenoscopy or colonoscopy clinicaltrials gov nct"
38286671,"Oxidative Stress Promotes Liver Cancer Metastasis via RNF25-Mediated E-Cadherin Protein Degradation.","Loss of E-cadherin (ECAD) is required in tumor metastasis. Protein degradation of ECAD in response to oxidative stress is found in metastasis of hepatocellular carcinoma (HCC) and is independent of transcriptional repression as usually known. Mechanistically, protein kinase A (PKA) senses oxidative stress by redox modification in its β catalytic subunit (PRKACB) at Cys200 and Cys344. The activation of PKA kinase activity subsequently induces RNF25 phosphorylation at Ser450 to initiate RNF25-catalyzed degradation of ECAD. Functionally, RNF25 repression induces ECAD protein expression and inhibits HCC metastasis in vitro and in vivo. Altogether, these results indicate that RNF25 is a critical regulator of ECAD protein turnover, and PKA is a necessary redox sensor to enable this process. This study provides some mechanistic insight into how oxidative stress-induced ECAD degradation promotes tumor metastasis of HCC.",132,"Advanced science (Weinheim, Baden-Wurttemberg, Germany)",2024,"China","Humans; Cadherins; Carcinoma, Hepatocellular; Liver Neoplasms; Oxidative Stress; Proteolysis; Ubiquitin-Protein Ligases; Antigens, CD","Carcinoma, Hepatocellular","Cancer","loss of e cadherin ecad is required in tumor metastasis protein degradation of ecad in response to oxidative stress is found in metastasis of hepatocellular carcinoma hcc and is independent of transcriptional repression as usually known mechanistically protein kinase a pka senses oxidative stress by redox modification in its catalytic subunit prkacb at cys and cys the activation of pka kinase activity subsequently induces rnf phosphorylation at ser to initiate rnf catalyzed degradation of ecad functionally rnf repression induces ecad protein expression and inhibits hcc metastasis in vitro and in vivo altogether these results indicate that rnf is a critical regulator of ecad protein turnover and pka is a necessary redox sensor to enable this process this study provides some mechanistic insight into how oxidative stress induced ecad degradation promotes tumor metastasis of hcc"
38222031,"Association of Uric Acid to Creatinine Ratio with Metabolic Dysfunction-Associated Fatty Liver in Non-Obese Individuals Without Type 2 Diabetes Mellitus.","Metabolic dysfunction-associated fatty liver disease (MAFLD) is the most common chronic liver disease, which is usually associated with type 2 diabetes mellitus (T2DM) and obesity. However, the incidence of MALFD in non-obese individuals without T2DM is increasing, and the pathogenesis is unclear. Serum uric acid to creatinine ratio (sUA/Cr) can reflect overall metabolic status. This study aims to observe the association between sUA/Cr and MAFLD in non-obese individuals without T2DM. A total of 21,996 individuals were included in this study. The subjects were divided into four subgroups: non-obese patients without T2DM, obese patients without T2DM, non-obese patients with T2DM, and obese patients with T2DM. Logistic regression analyzed the correlation between sUA/Cr and MAFLD subgroups. Receiver operating characteristics analyzed the predictive value of sUA/Cr for MAFLD subgroups. The stratified analyses by sex and age were performed. Non-obese MAFLD individuals without T2DM had higher sUA/Cr levels than their counterparts. sUA/Cr was significantly correlated positively with MAFLD in non-obese patients. Similar results were observed in both males and females and in populations at all age stages (all p<0.01). sUA/Cr was capable of discriminating MAFLD in non-obese individuals without T2DM (AUC: 0.667), especially for patients over 60 years old (AUC: 0.704). The sUA/Cr ratio was correlated with MAFLD in non-obese patients without T2DM. The predictive value of sUA/Cr for MAFLD was observed. Hence, the sUA/Cr ratio might be given more concern for the risk of MAFLD in non-obese individuals without T2DM.",237,"Diabetes, metabolic syndrome and obesity : targets and therapy",2024,"People's Republic of China","","","Diabetes","metabolic dysfunction associated fatty liver disease mafld is the most common chronic liver disease which is usually associated with type diabetes mellitus t dm and obesity however the incidence of malfd in non obese individuals without t dm is increasing and the pathogenesis is unclear serum uric acid to creatinine ratio sua cr can reflect overall metabolic status this study aims to observe the association between sua cr and mafld in non obese individuals without t dm a total of individuals were included in this study the subjects were divided into four subgroups non obese patients without t dm obese patients without t dm non obese patients with t dm and obese patients with t dm logistic regression analyzed the correlation between sua cr and mafld subgroups receiver operating characteristics analyzed the predictive value of sua cr for mafld subgroups the stratified analyses by sex and age were performed non obese mafld individuals without t dm had higher sua cr levels than their counterparts sua cr was significantly correlated positively with mafld in non obese patients similar results were observed in both males and females and in populations at all age stages all p sua cr was capable of discriminating mafld in non obese individuals without t dm auc especially for patients over years old auc the sua cr ratio was correlated with mafld in non obese patients without t dm the predictive value of sua cr for mafld was observed hence the sua cr ratio might be given more concern for the risk of mafld in non obese individuals without t dm"
41640664,"Comparison of Clinical Outcomes of Two Different Cardioplegic Solutions in Patients Undergoing Coronary Artery Bypass Graft Surgery; A randomize clinical trial.","Usually, manual cardioplegic solutions with low magnesium and lidocaine, and corporate solutions with high magnesium and procaine, are the only common solutions used to induce cardiac arrest during coronary artery bypass graft (CABG) surgery. This study compares the clinical outcomes of these two solutions. This randomized, single-blind clinical trial was conducted on 70 patients undergoing CABG at Chamran Hospital in Isfahan. In the first group, a manual cardioplegic solution was used. In the second group, a corporate cardioplegic solution (Blood; Shahid Ghazi Company) was used. Subsequently, inflammatory factors, complications, and outcomes were evaluated in the two groups. There were no significant differences between the two groups in the incidence of arrhythmia after declamping, the total inotropic support required within 24 h post-surgery, changes in electrolytes, or markers of myocardial injury (P > 0.05). However, the time to return to heart rhythm in the manual cardioplegic solution group, with a mean of 146.06 ± 118.39 s, was significantly longer than that in the corporate cardioplegic solution group, with a mean of 90.60 ± 59.72 s (P = 0.016). This study found no difference in patient outcomes between the corporate cardioplegic solution (high magnesium/procaine) and the manual solution (lower magnesium/lidocaine). Therefore, the manual solution can be used in some cases, as its lower magnesium level avoids hypermagnesemia and does not cause cardiac muscle weakness during mechanical activities.",225,"Advanced biomedical research",2025,"Iran","","","Cardiovascular","usually manual cardioplegic solutions with low magnesium and lidocaine and corporate solutions with high magnesium and procaine are the only common solutions used to induce cardiac arrest during coronary artery bypass graft cabg surgery this study compares the clinical outcomes of these two solutions this randomized single blind clinical trial was conducted on patients undergoing cabg at chamran hospital in isfahan in the first group a manual cardioplegic solution was used in the second group a corporate cardioplegic solution blood shahid ghazi company was used subsequently inflammatory factors complications and outcomes were evaluated in the two groups there were no significant differences between the two groups in the incidence of arrhythmia after declamping the total inotropic support required within h post surgery changes in electrolytes or markers of myocardial injury p however the time to return to heart rhythm in the manual cardioplegic solution group with a mean of s was significantly longer than that in the corporate cardioplegic solution group with a mean of s p this study found no difference in patient outcomes between the corporate cardioplegic solution high magnesium procaine and the manual solution lower magnesium lidocaine therefore the manual solution can be used in some cases as its lower magnesium level avoids hypermagnesemia and does not cause cardiac muscle weakness during mechanical activities"
41542121,"Longitudinal Changes in Diastolic Dysfunction in Heart Failure with Reduced Ejection Fraction: Clinical and Echocardiographic Associations.","Diastolic dysfunction (DD) in heart failure with reduced ejection fraction (HFrEF) is relatively understudied, particularly regarding longitudinal changes in DD after HFrEF diagnosis and their clinical and echocardiographic associations. This retrospective study included 360 patients with HFrEF who visited heart failure (HF) clinics in King Salman Heart Center, Riyadh, Saudi Arabia, between October 2019 and January 2020. Associations between DD grades and patients' clinical characteristics and echocardiographic parameters at diagnosis and during follow-up were evaluated. At diagnosis, left ventricular ejection fraction (LVEF) was 26.7% ( ± 7.2%), and 43.1%, 29.4%, and 27.5% of patients had grade III, II, and I DD, respectively. After 3.4 years, 65% and 57.5% of patients with grades III and II DD, respectively, improved by at least one grade. Concordant improvements in almost all diastolic parameters were observed. DD grade improvement was predicted by increased LVEF (P < 0.001), nonischemic HF etiology, and absence of myocardial infarction (P < 0.001). No associations were found with HF medications or cardiovascular risk factors. DD improvement was independently associated with improved New York Heart Association class (P = 0.008), lower B-type natriuretic peptide level (P < 0.001), and higher systolic blood pressure (P < 0.001), regardless of LVEF, age, and time since diagnosis. In HFrEF, DD improves with better LVEF and absence of ischemia or infarction. DD improvement is independently associated with improved New York Heart Association class, systolic blood pressure, and B-type natriuretic peptide level, suggesting that in HFrEF, diastolic HF coexists with and parallels systolic HF severity, and contributes independently to symptoms and hemodynamics.",257,"CJC open",2025,"Saudi Arabia","","","Cardiovascular","diastolic dysfunction dd in heart failure with reduced ejection fraction hfref is relatively understudied particularly regarding longitudinal changes in dd after hfref diagnosis and their clinical and echocardiographic associations this retrospective study included patients with hfref who visited heart failure hf clinics in king salman heart center riyadh saudi arabia between october and january associations between dd grades and patients clinical characteristics and echocardiographic parameters at diagnosis and during follow up were evaluated at diagnosis left ventricular ejection fraction lvef was and and of patients had grade iii ii and i dd respectively after years and of patients with grades iii and ii dd respectively improved by at least one grade concordant improvements in almost all diastolic parameters were observed dd grade improvement was predicted by increased lvef p nonischemic hf etiology and absence of myocardial infarction p no associations were found with hf medications or cardiovascular risk factors dd improvement was independently associated with improved new york heart association class p lower b type natriuretic peptide level p and higher systolic blood pressure p regardless of lvef age and time since diagnosis in hfref dd improves with better lvef and absence of ischemia or infarction dd improvement is independently associated with improved new york heart association class systolic blood pressure and b type natriuretic peptide level suggesting that in hfref diastolic hf coexists with and parallels systolic hf severity and contributes independently to symptoms and hemodynamics"
38263153,"Giant cell-rich solitary fibrous tumour of the urinary bladder: case report of an unusual histological variant and literature review.","Giant cell-rich solitary fibrous tumour (GCR-SFT), previously referred to as giant cell angiofibroma, is an uncommon soft tissue tumour that classically occurs in the orbit but very rarely presents in deep organs. Here, we present a case of GCR-SFT occurring in the urinary bladder, which is one of the unusual histological subtypes of SFT. A 56-year-old man was incidentally found to have a mass measuring 4.5 × 4.3 × 4.0 cm located in the left posterior wall of the bladder by computed tomography during a physical examination. The lesion was confirmed as GCR-SFT by pathological examination after laparoscopic radical surgery. Histopathologically, the tumour was a well-circumscribed, nonencapsulated lesion that was composed of bland spindle-ovoid tumour cells alternating with hypocellular and hypercellular areas, staghorn-like vasculatures and scattered large dark-stained multinucleate giant cells lining pseudovascular spaces. The spindle-ovoid cells and multinucleate giant cells showed strong and diffuse expression of CD34 and nuclear STAT6. In addition, the hallmark of the NAB2ex4-STAT6ex5 fusion gene was detected by RT‒PCR. The patient was classified as having a low risk of recurrence or metastasis according to the risk stratification criteria. The patient underwent regular follow-up for 34 months after surgery, and there was no evidence of local recurrence or metastasis. This is the first reported case of GCR-SFT occurring in the urinary bladder with underlying NAB2ex4-STAT6ex5 fusion. Complete surgical excision of the tumour and long-term follow-up are recommended to ensure no local recurrence or metastasis.",238,"Diagnostic pathology",2024,"China","Male; Humans; Middle Aged; Urinary Bladder; Solitary Fibrous Tumors; Giant Cells; Hyperplasia; Urinary Bladder Neoplasms","Solitary Fibrous Tumors","Cancer","giant cell rich solitary fibrous tumour gcr sft previously referred to as giant cell angiofibroma is an uncommon soft tissue tumour that classically occurs in the orbit but very rarely presents in deep organs here we present a case of gcr sft occurring in the urinary bladder which is one of the unusual histological subtypes of sft a year old man was incidentally found to have a mass measuring cm located in the left posterior wall of the bladder by computed tomography during a physical examination the lesion was confirmed as gcr sft by pathological examination after laparoscopic radical surgery histopathologically the tumour was a well circumscribed nonencapsulated lesion that was composed of bland spindle ovoid tumour cells alternating with hypocellular and hypercellular areas staghorn like vasculatures and scattered large dark stained multinucleate giant cells lining pseudovascular spaces the spindle ovoid cells and multinucleate giant cells showed strong and diffuse expression of cd and nuclear stat in addition the hallmark of the nab ex stat ex fusion gene was detected by rt pcr the patient was classified as having a low risk of recurrence or metastasis according to the risk stratification criteria the patient underwent regular follow up for months after surgery and there was no evidence of local recurrence or metastasis this is the first reported case of gcr sft occurring in the urinary bladder with underlying nab ex stat ex fusion complete surgical excision of the tumour and long term follow up are recommended to ensure no local recurrence or metastasis"
39881810,"First-trimester metabolic profiling of gestational diabetes mellitus: insights into early-onset and late-onset cases compared with healthy controls.","Gestational diabetes mellitus (GDM) is a global health concern with significant short and long-term complications for both mother and baby. Early prediction of GDM, particularly late-onset, is crucial for implementing timely interventions to mitigate adverse outcomes. In this study, we conducted a comprehensive metabolomic analysis to explore potential biomarkers for early GDM prediction. Plasma samples were collected during the first trimester from 60 women: 20 with early-onset GDM, 20 with late-onset GDM, and 20 with normal glucose tolerance. Using advanced analytical techniques, including liquid chromatography-tandem mass spectrometry (LC-MS/MS) and gas chromatography-mass spectrometry (GC-MS), we profiled over 150 lipid species and central carbon metabolism intermediates. Significant metabolic alterations were observed in both early- and late-onset GDM groups compared to healthy controls, with a specific focus on glycerolipids, fatty acids, and glucose metabolism. Key findings revealed a 4.0-fold increase in TG(44:0), TG(46:0), TG(46:1) with p-values <0.001 and TG(46:2) with 4.7-fold increase and p-value <0.0001 as well as changes in several phospholipids as PC(38:3), PC(40:4) with 1.4-fold increase, p < 0.001 and PE(34:1), PE(34:2) and PE(36:2) with 1.5-fold change, p < 0.001 in late-onset GDM. Observed lipid changes highlight disruptions in energy metabolism and inflammatory pathways. It is suggested that lipid profiles with distinct fatty acid chain lengths and degrees of unsaturation can serve as early biomarkers of GDM risk. These findings underline the importance of integrating metabolomic insights with clinical data to develop predictive models for GDM. Such models could enable early risk stratification, allowing for timely dietary, lifestyle, or medical interventions aimed at optimizing glucose regulation and preventing complications such as preeclampsia, macrosomia, and neonatal metabolic disorders. By focusing on metabolic disruptions evident in the first trimester, this approach addresses a critical window for improving maternal and fetal outcomes. Our study demonstrates the value of metabolomics in understanding the metabolic perturbations associated with GDM. Future research is needed to validate these biomarkers in larger cohorts and assess their integration into clinical workflows for personalized pregnancy care.",325,"Frontiers in molecular biosciences",2024,"Poland","","","Diabetes","gestational diabetes mellitus gdm is a global health concern with significant short and long term complications for both mother and baby early prediction of gdm particularly late onset is crucial for implementing timely interventions to mitigate adverse outcomes in this study we conducted a comprehensive metabolomic analysis to explore potential biomarkers for early gdm prediction plasma samples were collected during the first trimester from women with early onset gdm with late onset gdm and with normal glucose tolerance using advanced analytical techniques including liquid chromatography tandem mass spectrometry lc ms ms and gas chromatography mass spectrometry gc ms we profiled over lipid species and central carbon metabolism intermediates significant metabolic alterations were observed in both early and late onset gdm groups compared to healthy controls with a specific focus on glycerolipids fatty acids and glucose metabolism key findings revealed a fold increase in tg tg tg with p values and tg with fold increase and p value as well as changes in several phospholipids as pc pc with fold increase p and pe pe and pe with fold change p in late onset gdm observed lipid changes highlight disruptions in energy metabolism and inflammatory pathways it is suggested that lipid profiles with distinct fatty acid chain lengths and degrees of unsaturation can serve as early biomarkers of gdm risk these findings underline the importance of integrating metabolomic insights with clinical data to develop predictive models for gdm such models could enable early risk stratification allowing for timely dietary lifestyle or medical interventions aimed at optimizing glucose regulation and preventing complications such as preeclampsia macrosomia and neonatal metabolic disorders by focusing on metabolic disruptions evident in the first trimester this approach addresses a critical window for improving maternal and fetal outcomes our study demonstrates the value of metabolomics in understanding the metabolic perturbations associated with gdm future research is needed to validate these biomarkers in larger cohorts and assess their integration into clinical workflows for personalized pregnancy care"
38280435,"The m6A methyltransferase RBM15 affects tumor cell stemness and progression of cervical cancer by regulating the stability of lncRNA HEIH.","Cervical cancer (CC), as a common female malignant tumor in the world, is an important risk factor endangering women's health worldwide. The purpose of this study was to investigate the role of RBM15 in CC. The TCGA database was used to screen differentially expressed m6A genes in normal and tumor tissues. QRT-PCR was used to quantify HEIH, miR-802, EGFR, cell stemness, and epithelial-mesenchymal transition (EMT)-related genes. The interaction between HEIH and miR-802 was verified by dual-luciferase reporter assay and RIP assay. The occurrence of tumor cells after different treatments was detected by CCK-8, transwell and EdU staining. BALB/c nude mice were used to examine the effects of different treatments on tumor growth and cell stemness in vivo. RBM15 was upregulated in tumor tissues and cells. M6A was highly enriched in HEIH and enhances its RNA stability. HEIH acts as an oncogenic lncRNA to promote CC cell proliferation, migration and tumor growth. Mechanistically, HEIH regulates tumor cell stemness and promotes the proliferation and migration of CC cells by competitively adsorbing miR-802 and up-regulating the expression of EGFR. In short, our data shown that the m6A methyltransferase RBM15 could affect tumor cell proliferation, metastasis and cell stemness by stabilizing HEIH expression.",199,"Experimental cell research",2024,"PR China","Animals; Mice; Humans; Female; MicroRNAs; Cell Line, Tumor; RNA, Long Noncoding; Uterine Cervical Neoplasms; Mice, Nude; ErbB Receptors","MicroRNAs","Cancer","cervical cancer cc as a common female malignant tumor in the world is an important risk factor endangering women s health worldwide the purpose of this study was to investigate the role of rbm in cc the tcga database was used to screen differentially expressed m a genes in normal and tumor tissues qrt pcr was used to quantify heih mir egfr cell stemness and epithelial mesenchymal transition emt related genes the interaction between heih and mir was verified by dual luciferase reporter assay and rip assay the occurrence of tumor cells after different treatments was detected by cck transwell and edu staining balb c nude mice were used to examine the effects of different treatments on tumor growth and cell stemness in vivo rbm was upregulated in tumor tissues and cells m a was highly enriched in heih and enhances its rna stability heih acts as an oncogenic lncrna to promote cc cell proliferation migration and tumor growth mechanistically heih regulates tumor cell stemness and promotes the proliferation and migration of cc cells by competitively adsorbing mir and up regulating the expression of egfr in short our data shown that the m a methyltransferase rbm could affect tumor cell proliferation metastasis and cell stemness by stabilizing heih expression"
38219864,"Association of Long-Term Habitual Dietary Fiber Intake since Infancy with Gut Microbiota Composition in Young Adulthood.","Dietary fiber is an important health-promoting component of the diet, which is fermented by the gut microbes that produce metabolites beneficial for the host's health. We studied the associations of habitual long-term fiber intake from infancy with gut microbiota composition in young adulthood by leveraging data from the Special Turku Coronary Risk Factor Intervention Project, an infancy-onset 20-y dietary counseling study. Fiber intake was assessed annually using food diaries from infancy ≤ age 20 y. At age 26 y, the first postintervention follow-up study was conducted including food diaries and fecal sample collection (N = 357). Cumulative dietary fiber intake was assessed as the area under the curve for energy-adjusted fiber intake throughout the study (age 0-26 y). Gut microbiota was profiled using 16S ribosomal ribonucleic acid amplicon sequencing. The primary outcomes were 1) α diversity expressed as the observed richness and Shannon index, 2) β diversity using Bray-Curtis dissimilarity scores, and 3) differential abundance of each microbial taxa with respect to the cumulative energy-adjusted dietary fiber intake. Higher cumulative dietary fiber intake was associated with decreased Shannon index (β = -0.019 per unit change in cumulative fiber intake, P = 0.008). Overall microbial community composition was related to the amount of fiber consumed (permutational analysis of variation R2 = 0.005, P = 0.024). The only genus that was increased with higher cumulative fiber intake was butyrate-producing Butyrivibrio (log2 fold-change per unit change in cumulative fiber intake 0.40, adjusted P = 0.023), whereas some other known butyrate producers such as Faecalibacterium and Subdoligranulum were decreased with higher cumulative fiber intake. As early-life nutritional exposures may affect the lifetime microbiota composition and disease risk, this study adds novel information on the associations of long-term dietary fiber intake with the gut microbiota. This trial was registered at clinicaltrials.gov as NCT00223600.",298,"The Journal of nutrition",2024,"Finland Electronic address: marjaheiskanen@utufi","Bacteria; Butyrates; Diet; Dietary Fiber; Feces; Follow-Up Studies; Gastrointestinal Microbiome; RNA, Ribosomal, 16S","Gastrointestinal Microbiome","Cardiovascular","dietary fiber is an important health promoting component of the diet which is fermented by the gut microbes that produce metabolites beneficial for the host s health we studied the associations of habitual long term fiber intake from infancy with gut microbiota composition in young adulthood by leveraging data from the special turku coronary risk factor intervention project an infancy onset y dietary counseling study fiber intake was assessed annually using food diaries from infancy age y at age y the first postintervention follow up study was conducted including food diaries and fecal sample collection n cumulative dietary fiber intake was assessed as the area under the curve for energy adjusted fiber intake throughout the study age y gut microbiota was profiled using s ribosomal ribonucleic acid amplicon sequencing the primary outcomes were diversity expressed as the observed richness and shannon index diversity using bray curtis dissimilarity scores and differential abundance of each microbial taxa with respect to the cumulative energy adjusted dietary fiber intake higher cumulative dietary fiber intake was associated with decreased shannon index per unit change in cumulative fiber intake p overall microbial community composition was related to the amount of fiber consumed permutational analysis of variation r p the only genus that was increased with higher cumulative fiber intake was butyrate producing butyrivibrio log fold change per unit change in cumulative fiber intake adjusted p whereas some other known butyrate producers such as faecalibacterium and subdoligranulum were decreased with higher cumulative fiber intake as early life nutritional exposures may affect the lifetime microbiota composition and disease risk this study adds novel information on the associations of long term dietary fiber intake with the gut microbiota this trial was registered at clinicaltrials gov as nct"
38240862,"Systemic metabolic engineering of Enterobacter aerogenes for efficient 2,3-butanediol production.","2,3-Butanediol (2,3-BDO) is an important gateway molecule for many chemical derivatives. Currently, microbial production is gradually being recognized as a green and sustainable alternative to petrochemical synthesis, but the titer, yield, and productivity of microbial 2,3-BDO remain suboptimal. Here, we used systemic metabolic engineering strategies to debottleneck the 2,3-BDO production in Enterobacter aerogenes. Firstly, the pyruvate metabolic network was reconstructed by deleting genes for by-product synthesis to improve the flux toward 2,3-BDO synthesis, which resulted in a 90% increase of the product titer. Secondly, the 2,3-BDO productivity of the IAM1183-LPCT/D was increased by 55% due to the heterologous expression of DR1558 which boosted cell resistance to abiotic stress. Thirdly, carbon sources were optimized to further improve the yield of target products. The IAM1183-LPCT/D showed the highest titer of 2,3-BDO from sucrose, 20% higher than that from glucose, and the yield of 2,3-BDO reached 0.49 g/g. Finally, the titer of 2,3-BDO of IAM1183-LPCT/D in a 5-L fermenter reached 22.93 g/L, 85% higher than the wild-type strain, and the titer of by-products except ethanol was very low. KEY POINTS: Deletion of five key genes in E. aerogenes improved 2,3-BDO production The titer of 2,3-BDO was increased by 90% by regulating metabolic flux Response regulator DR1558 was expressed to increase 2,3-BDO productivity.",209,"Applied microbiology and biotechnology",2024,"China","Enterobacter aerogenes; Metabolic Engineering; Butylene Glycols; Bioreactors; Fermentation","Enterobacter aerogenes","Diabetes","butanediol bdo is an important gateway molecule for many chemical derivatives currently microbial production is gradually being recognized as a green and sustainable alternative to petrochemical synthesis but the titer yield and productivity of microbial bdo remain suboptimal here we used systemic metabolic engineering strategies to debottleneck the bdo production in enterobacter aerogenes firstly the pyruvate metabolic network was reconstructed by deleting genes for by product synthesis to improve the flux toward bdo synthesis which resulted in a increase of the product titer secondly the bdo productivity of the iam lpct d was increased by due to the heterologous expression of dr which boosted cell resistance to abiotic stress thirdly carbon sources were optimized to further improve the yield of target products the iam lpct d showed the highest titer of bdo from sucrose higher than that from glucose and the yield of bdo reached g g finally the titer of bdo of iam lpct d in a l fermenter reached g l higher than the wild type strain and the titer of by products except ethanol was very low key points deletion of five key genes in e aerogenes improved bdo production the titer of bdo was increased by by regulating metabolic flux response regulator dr was expressed to increase bdo productivity"
38260648,"Psychotic symptoms are associated with elevated tau PET signal in the amygdala independent of Alzheimer's disease clinical severity and amyloid burden.","Psychosis in Alzheimer's disease (AD) is associated with worse outcomes, yet no established biomarkers exist for early diagnosis and intervention. We compared tau PET burden across older individuals with and without psychotic symptoms. [18F]AV1451 tau PET binding was compared between 26 Alzheimer's Disease Neuroimaging Initiative (ADNI) subjects with psychotic symptoms (delusions and/or hallucinations) and 26 ADNI subjects without psychotic symptoms, matched for age, sex, race/ethnicity, and clinical severity. Tau was assessed on a region-of-interest and voxel level, corrected for amyloid PET burden. Tau was greater in individuals with psychotic symptoms in the amygdala in region-of-interest analyses, and in amygdala, thalamus, putamen, right hippocampus, right entorhinal cortex, and right frontal cortex in voxel-based analyses. When considering different onset and type of psychotic symptoms, tau binding was greatest in those with concurrent delusions. Elevated tau in limbic regions may be relevant for psychotic symptoms in aging and AD.",146,"medRxiv : the preprint server for health sciences",2024,"NY 10032","","","Neurological","psychosis in alzheimer s disease ad is associated with worse outcomes yet no established biomarkers exist for early diagnosis and intervention we compared tau pet burden across older individuals with and without psychotic symptoms f av tau pet binding was compared between alzheimer s disease neuroimaging initiative adni subjects with psychotic symptoms delusions and or hallucinations and adni subjects without psychotic symptoms matched for age sex race ethnicity and clinical severity tau was assessed on a region of interest and voxel level corrected for amyloid pet burden tau was greater in individuals with psychotic symptoms in the amygdala in region of interest analyses and in amygdala thalamus putamen right hippocampus right entorhinal cortex and right frontal cortex in voxel based analyses when considering different onset and type of psychotic symptoms tau binding was greatest in those with concurrent delusions elevated tau in limbic regions may be relevant for psychotic symptoms in aging and ad"
38666284,"Cerebral Protection in Trans-Catheter Aortic Valve Replacement: Review and Contemporary Assessment of Randomized Trial Data.","As the population has aged and as aortic valve therapies have evolved, the use of trans-catheter aortic valve replacement (TAVR) has grown dramatically over the past decade. A well-known complication of percutaneous cardiac intervention is embolic phenomena, and TAVR is among the highest risk procedures for clinical and subclinical stroke. As indications for TAVR expand to lower-risk and ultimately younger patients, the long-term consequences of stroke are amplified. Cerebral embolic protection (CEP) devices have taken a on unique preventative role following the Food and Drug Administration approval of the SentinelTM Cerebral Protection System (CPS). More recently, the PROTECTED TAVR study has spurred extensive debate in the neuro-cardiac community. In this review we describe the contemporary literature regarding stroke risk associated with TAVR, the history and role of CEP devices, a PROTECTED TAVR sub-group analysis, and implications for next steps in the field. Lastly, we explore the unique need for CEP in a younger TAVR population, as well as directions for future research.",162,"The Neurohospitalist",2024,"USA","","","Neurological","as the population has aged and as aortic valve therapies have evolved the use of trans catheter aortic valve replacement tavr has grown dramatically over the past decade a well known complication of percutaneous cardiac intervention is embolic phenomena and tavr is among the highest risk procedures for clinical and subclinical stroke as indications for tavr expand to lower risk and ultimately younger patients the long term consequences of stroke are amplified cerebral embolic protection cep devices have taken a on unique preventative role following the food and drug administration approval of the sentineltm cerebral protection system cps more recently the protected tavr study has spurred extensive debate in the neuro cardiac community in this review we describe the contemporary literature regarding stroke risk associated with tavr the history and role of cep devices a protected tavr sub group analysis and implications for next steps in the field lastly we explore the unique need for cep in a younger tavr population as well as directions for future research"
39995445,"Assessment of adherence to dietary recommendations and associated factors among type 2 diabetic patients in selected hospitals in Addis Ababa, Ethiopia.","In Ethiopia, diabetes and its complications are significant causes of morbidity and mortality, with huge economic implications. Despite the high dietary non-adherence that has been reported in limited studies in Ethiopia. Moreover, there is a gap from the perspective of patients in the area of this topic. This study aimed to assess adherence to dietary recommendations and associated factors among type 2 diabetic patients in Addis Ababa Selected Hospitals, Addis Ababa, Ethiopia, 2024. An institution-based cross-sectional study was conducted in a 420 sampled population among four hospitals found in Addis Ababa, Ethiopia, from 24 June to 15 July 2024. Systematic random sampling was used to recruit individual study participants. The collected data were exported into SPSS version 25 software for analysis. A descriptive summary, including frequencies, percentages, and graphs, was used to present the study results. Binary logistic regression was used for statistical analysis. Finally, the results of bivariate and multivariable logistic regression analyses were presented using odds ratios with 95% confidence intervals. In the final model, a p-value of <0.05 was taken as statistically significant. A total of 406 participants were included, with a response rate of 96.7%. The study participants had an average age of 48 (± 11.4 years), and the overall adherence to dietary recommendations in this study was 62.8% among type 2 diabetic patients. Years of diagnosis of DM, having a family history of DM, having comorbidities, and having received diabetic nutrition education were significantly associated with adhering to diabetic dietary recommendations among type 2 diabetic patients. The study found that overall adherence to dietary recommendations among type 2 diabetic patients was relatively high at 62.8%, suggesting the need to develop and implement tailored dietary education and counseling programs for this patient population.",287,"Frontiers in nutrition",2024,"Ethiopia","","","Diabetes","in ethiopia diabetes and its complications are significant causes of morbidity and mortality with huge economic implications despite the high dietary non adherence that has been reported in limited studies in ethiopia moreover there is a gap from the perspective of patients in the area of this topic this study aimed to assess adherence to dietary recommendations and associated factors among type diabetic patients in addis ababa selected hospitals addis ababa ethiopia an institution based cross sectional study was conducted in a sampled population among four hospitals found in addis ababa ethiopia from june to july systematic random sampling was used to recruit individual study participants the collected data were exported into spss version software for analysis a descriptive summary including frequencies percentages and graphs was used to present the study results binary logistic regression was used for statistical analysis finally the results of bivariate and multivariable logistic regression analyses were presented using odds ratios with confidence intervals in the final model a p value of was taken as statistically significant a total of participants were included with a response rate of the study participants had an average age of years and the overall adherence to dietary recommendations in this study was among type diabetic patients years of diagnosis of dm having a family history of dm having comorbidities and having received diabetic nutrition education were significantly associated with adhering to diabetic dietary recommendations among type diabetic patients the study found that overall adherence to dietary recommendations among type diabetic patients was relatively high at suggesting the need to develop and implement tailored dietary education and counseling programs for this patient population"
38342553,"Insights into the mechanisms driving microbial community succession during pepper fermentation: Roles of microbial interactions and endogenous environmental changes.","Elucidating the driving mechanism of microbial community succession during pepper fermentation contributes to establishing efficient fermentation regulation strategies. This study utilized three-generation high-throughput sequencing technology, microbial co-occurrence network analysis, and random forest analysis to reveal microbial community succession processes and driving mechanisms during pepper fermentation. The results showed that more positive correlations than negative correlations were observed among microorganisms, with positive correlation proportions of 60 %, 51.03 %, and 71.43 % between bacteria and bacteria, fungi and fungi, and bacteria and fungi in sipingtou peppers, and 69.23 %, 54.93 %, and 79.44 % in zhudachang peppers, respectively. Microbial interactions, mainly among Weissella hellenica, Lactobacillus plantarum, Hanseniaspora opuntiae, and Kazachstania humillis, could drive bacterial and fungal community succession. Notably, the bacterial community successions during the fermentation of two peppers were similar, showing the transition from Leuconostoc pseudomesenteroides, Lactococcus lactis, Weissella ghanensis to Weissella hellenica and Lactobacillus plantarum. However, the fungal community successions in the two fermented peppers differed significantly, and the differential biomarkers were Dipodascus geotrichum and Kazachstania humillis. Differences in autochthonous microbial composition and inherent constituents brought by pepper varieties resulted in different endogenous environmental changes, mainly in fructose, malic acid, and citric acid. Furthermore, endogenous environmental factors could also drive microbial community succession, with succinic acid, lactic acid, and malic acid being the main potential drivers of bacterial community succession, whereas fructose, glucose, and succinic acid were the main drivers of fungal community succession. These results will provide insights into controlling fermentation processes by raw material combinations, optimization of environmental parameters, and microbial interactions.",255,"Food research international (Ottawa, Ont.)",2024,"China","Fermentation; Succinic Acid; Bacteria; Microbiota; Saccharomycetales; Lactiplantibacillus plantarum; Microbial Interactions; Fructose; Malates; Weissella","Microbiota","Diabetes","elucidating the driving mechanism of microbial community succession during pepper fermentation contributes to establishing efficient fermentation regulation strategies this study utilized three generation high throughput sequencing technology microbial co occurrence network analysis and random forest analysis to reveal microbial community succession processes and driving mechanisms during pepper fermentation the results showed that more positive correlations than negative correlations were observed among microorganisms with positive correlation proportions of and between bacteria and bacteria fungi and fungi and bacteria and fungi in sipingtou peppers and and in zhudachang peppers respectively microbial interactions mainly among weissella hellenica lactobacillus plantarum hanseniaspora opuntiae and kazachstania humillis could drive bacterial and fungal community succession notably the bacterial community successions during the fermentation of two peppers were similar showing the transition from leuconostoc pseudomesenteroides lactococcus lactis weissella ghanensis to weissella hellenica and lactobacillus plantarum however the fungal community successions in the two fermented peppers differed significantly and the differential biomarkers were dipodascus geotrichum and kazachstania humillis differences in autochthonous microbial composition and inherent constituents brought by pepper varieties resulted in different endogenous environmental changes mainly in fructose malic acid and citric acid furthermore endogenous environmental factors could also drive microbial community succession with succinic acid lactic acid and malic acid being the main potential drivers of bacterial community succession whereas fructose glucose and succinic acid were the main drivers of fungal community succession these results will provide insights into controlling fermentation processes by raw material combinations optimization of environmental parameters and microbial interactions"
38232558,"Predicting the therapeutic response to valproic acid in childhood absence epilepsy through electroencephalogram analysis using machine learning.","Childhood absence epilepsy (CAE) is a common type of idiopathic generalized epilepsy, manifesting as daily multiple absence seizures. Although seizures in most patients can be adequately controlled with first-line antiseizure medication (ASM), approximately 25 % of patients respond poorly to first-line ASM. In addition, an accurate method for predicting first-line medication responsiveness is lacking. We used the quantitative electroencephalogram (QEEG) features of patients with CAE along with machine learning to predict the therapeutic effects of valproic acid in this population. We enrolled 25 patients with CAE from multiple medical centers. Twelve patients who required additional medication for seizure control or who were shifted to another ASM and 13 patients who achieved seizure freedom with valproic acid within 6 months served as the nonresponder and responder groups. Using machine learning, we analyzed the interictal background EEG data without epileptiform discharge before ASM. The following features were analyzed: EEG frequency bands, Hjorth parameters, detrended fluctuation analysis, Higuchi fractal dimension, Lempel-Ziv complexity (LZC), Petrosian fractal dimension, and sample entropy (SE). We applied leave-one-out cross-validation with support vector machine, K-nearest neighbor (KNN), random forest, decision tree, Ada boost, and extreme gradient boosting, and we tested the performance of these models. The responders had significantly higher alpha band power and lower delta band power than the nonresponders. The Hjorth mobility, LZC, and SE values in the temporal, parietal, and occipital lobes were higher in the responders than in the nonresponders. Hjorth complexity was higher in the nonresponders than in the responders in almost all the brain regions, except for the leads FP1 and FP2. Using KNN classification with theta band power in the temporal lobe yielded optimal performance, with sensitivity of 92.31 %, specificity of 76.92 %, accuracy of 84.62 %, and area under the curve of 88.46 %.We used various EEG features along with machine learning to accurately predict whether patients with CAE would respond to valproic acid. Our method could provide valuable assistance for pediatric neurologists in selecting suitable ASM.",327,"Epilepsy & behavior : E&B",2024,"Taiwan","Child; Humans; Epilepsy, Absence; Valproic Acid; Seizures; Electroencephalography; Machine Learning","Epilepsy, Absence","Neurological","childhood absence epilepsy cae is a common type of idiopathic generalized epilepsy manifesting as daily multiple absence seizures although seizures in most patients can be adequately controlled with first line antiseizure medication asm approximately of patients respond poorly to first line asm in addition an accurate method for predicting first line medication responsiveness is lacking we used the quantitative electroencephalogram qeeg features of patients with cae along with machine learning to predict the therapeutic effects of valproic acid in this population we enrolled patients with cae from multiple medical centers twelve patients who required additional medication for seizure control or who were shifted to another asm and patients who achieved seizure freedom with valproic acid within months served as the nonresponder and responder groups using machine learning we analyzed the interictal background eeg data without epileptiform discharge before asm the following features were analyzed eeg frequency bands hjorth parameters detrended fluctuation analysis higuchi fractal dimension lempel ziv complexity lzc petrosian fractal dimension and sample entropy se we applied leave one out cross validation with support vector machine k nearest neighbor knn random forest decision tree ada boost and extreme gradient boosting and we tested the performance of these models the responders had significantly higher alpha band power and lower delta band power than the nonresponders the hjorth mobility lzc and se values in the temporal parietal and occipital lobes were higher in the responders than in the nonresponders hjorth complexity was higher in the nonresponders than in the responders in almost all the brain regions except for the leads fp and fp using knn classification with theta band power in the temporal lobe yielded optimal performance with sensitivity of specificity of accuracy of and area under the curve of we used various eeg features along with machine learning to accurately predict whether patients with cae would respond to valproic acid our method could provide valuable assistance for pediatric neurologists in selecting suitable asm"
41769305,"COMPUTATIONAL ANALYSIS OF THE NOVEL LQT3 MUTATIONS G1481V AND Q1491H IN MYOCARDIAL AND PURKINJE CELLS.","Long QT Syndrome type 3 (LQT3) arises from mutations in SCNA5 gene encoding the Nav1.5 sodium channel. We studied two novel mutations (G1481V and Q1491H) found in infants who suffered sudden cardiac death. Using computational modeling, we incorporated experimental data into a Na+ Markovian model and simulated effects in rabbit cardiac cells. Both mutations caused tissue-specific effects, with Purkinje cells showing more severe action potential prolongation than myocardial cells. At slow heart rates, these mutations triggered early afterdepolarizations (EADs) and delayed afterdepolarizations (DADs) exclusively in Purkinje cells, with Q1491H displaying greater arrhythmogenic potential which was absent in myocardial cells. Enhanced late sodium current underlies these effects, especially in Purkinje cells with fewer repolarization reserves. Our findings suggest targeted therapies: late Na+ current blockers or Purkinje fiber ablation for patients with these mutations.",132,"Annual Modeling and Simulation Conference (ANNSIM). Annual Modeling and Simulation Conference (Online)",2025,"United States of America","","","Cardiovascular","long qt syndrome type lqt arises from mutations in scna gene encoding the nav sodium channel we studied two novel mutations g v and q h found in infants who suffered sudden cardiac death using computational modeling we incorporated experimental data into a na markovian model and simulated effects in rabbit cardiac cells both mutations caused tissue specific effects with purkinje cells showing more severe action potential prolongation than myocardial cells at slow heart rates these mutations triggered early afterdepolarizations eads and delayed afterdepolarizations dads exclusively in purkinje cells with q h displaying greater arrhythmogenic potential which was absent in myocardial cells enhanced late sodium current underlies these effects especially in purkinje cells with fewer repolarization reserves our findings suggest targeted therapies late na current blockers or purkinje fiber ablation for patients with these mutations"
38232995,"Idiopathic segmental anhidrosis in an older patient presenting with recurrent dizziness.","Dizziness is one of the most common complaints encountered in the outpatient clinic, which is difficult to diagnose, especially in older patients because of the multifactorial nature of the disease. Although not commonly recognised, anhidrosis can also cause dizziness.We report a case of a woman in her 70s who presented with long-term recurrent dizziness. She had a history of frequent hospitalisations for heatstroke. Physical examination revealed markedly less sweating in the left axilla and soles than in the right. Minol test revealed that most of the left side of her body, including the face, was anhidrotic. She was diagnosed with idiopathic segmental anhidrosis. We administered steroid pulse therapy without observing any significant effects.Although anhidrosis is a rare disorder, a careful interview and physical examination should be conducted to confirm a history of heatstroke and the absence of sweating to avoid missing the disease.",143,"BMJ case reports",2024,"Japan","Female; Humans; Aged; Hypohidrosis; Dizziness; Sweating; Vertigo; Heat Stroke","Hypohidrosis","Neurological","dizziness is one of the most common complaints encountered in the outpatient clinic which is difficult to diagnose especially in older patients because of the multifactorial nature of the disease although not commonly recognised anhidrosis can also cause dizziness we report a case of a woman in her s who presented with long term recurrent dizziness she had a history of frequent hospitalisations for heatstroke physical examination revealed markedly less sweating in the left axilla and soles than in the right minol test revealed that most of the left side of her body including the face was anhidrotic she was diagnosed with idiopathic segmental anhidrosis we administered steroid pulse therapy without observing any significant effects although anhidrosis is a rare disorder a careful interview and physical examination should be conducted to confirm a history of heatstroke and the absence of sweating to avoid missing the disease"
38163851,"Safety and tolerability of sodium-glucose cotransporter-2 inhibitors in children and young adults: a systematic review and meta-analysis.","Sodium glucose cotransporter-2 inhibitors (SGLT2i) have been evaluated in children with type 2 diabetes mellitus (T2DM), type 1 diabetes mellitus (T1DM), and several other nondiabetic conditions. Potential tolerability issues have prevented the routine use of SGLT2i in children with diabetes. However, no meta-analysis to date has evaluated the safety and tolerability of SGLT2i in children. This systematic review and meta-analysis aimed to address this knowledge gap. Databases were searched for randomized controlled trials (RCTs), case control, and cohort studies involving children receiving SGLT2i in the intervention-arm. Primary outcome was occurrence of treatment emergent adverse events (TAEs). Secondary outcomes were evaluation of glycemic efficacy and occurrence of severe adverse events (SAEs), hypoglycemia, ketosis, genital or urinary infections, and any other adverse events. From the 27 articles initially screened, data from 4 RCTs (258 children) were analyzed. In children with T2DM, occurrence of TAEs (odds ratio [OR], 1.77; 95% confidence interval [CI], 0.93-3.36; P=0.08; I2=0%), SAEs (OR, 0.45; 95% CI, 0.08-2.54; P=0.37; I2=0%), ketoacidosis (OR, 0.33; 95% CI, 0.01-8.37; P=0.50), urinary tract infections (OR, 2.34; 95% CI, 0.44-12.50; P=0.32; I2=0%), and severe hypoglycemia (OR, 4.47; 95% CI, 0.21-96.40; P=0.34) were comparable among the SGLTi group and placebo. Compared to placebo, T2DM children receiving SGLTi had significantly lower glycosylated hemoglobin at 24-26 weeks (mean difference [MD], -0.79%; 95% CI, -1.33 to -0.26; P=0.004; I2=0%). In T1DM children, β-hydroxybutyrate levels were significantly higher in the SGLTi group than the placebo group (MD, 0.11 mmol/L; 95% CI, 0.05-0.17; P=0.0005; I2=53%). In T1DM, there was not a single report of an SAE, ketoacidosis, or severe hypoglycemia in either the placebo or treatment groups, but time-in-range was considerably greater in the SGLT2i group than the placebo group (68%±6% vs. 50%±13%, P<0.001). SGLT2i use in children and young adults appears to be both safe and tolerable based on our meta-analyses and review of the literature.",307,"Annals of pediatric endocrinology & metabolism",2024,"India","","","Diabetes","sodium glucose cotransporter inhibitors sglt i have been evaluated in children with type diabetes mellitus t dm type diabetes mellitus t dm and several other nondiabetic conditions potential tolerability issues have prevented the routine use of sglt i in children with diabetes however no meta analysis to date has evaluated the safety and tolerability of sglt i in children this systematic review and meta analysis aimed to address this knowledge gap databases were searched for randomized controlled trials rcts case control and cohort studies involving children receiving sglt i in the intervention arm primary outcome was occurrence of treatment emergent adverse events taes secondary outcomes were evaluation of glycemic efficacy and occurrence of severe adverse events saes hypoglycemia ketosis genital or urinary infections and any other adverse events from the articles initially screened data from rcts children were analyzed in children with t dm occurrence of taes odds ratio or confidence interval ci p i saes or ci p i ketoacidosis or ci p urinary tract infections or ci p i and severe hypoglycemia or ci p were comparable among the sglti group and placebo compared to placebo t dm children receiving sglti had significantly lower glycosylated hemoglobin at weeks mean difference md ci to p i in t dm children hydroxybutyrate levels were significantly higher in the sglti group than the placebo group md mmol l ci p i in t dm there was not a single report of an sae ketoacidosis or severe hypoglycemia in either the placebo or treatment groups but time in range was considerably greater in the sglt i group than the placebo group vs p sglt i use in children and young adults appears to be both safe and tolerable based on our meta analyses and review of the literature"
38219440,"Bovine serum albumin nanoparticles containing Poly (I:C) can enhance the neutralizing antibody response induced by envelope protein of Orthoflavivirus zikaense.","Since the Orthoflavivirus zikaense (ZIKV) has been considered a risk for Zika congenital syndrome development, developing a safe and effective vaccine has become a high priority. Numerous research groups have developed strategies to prevent ZIKV infection and have identified the domain III of the ZIKV envelope protein (zEDIII) as a promising target. Subunit antigens are often poorly immunogenic, necessitating the use of adjuvants and/or delivery systems to induce optimal immune responses. The subject of nanotechnology has substantial expansion in recent years in terms of research and applications. Nanoparticles could be used as drug delivery systems and to increase the immunogenicity and stability of a given antigen. This work aims to characterize and validate the potential of a vaccine formulation composed of domain zEDIII and bovine serum albumin nanoparticles containing polyinosinic-polycytidylic acid (NPPI). NPPI were uptake in vitro by immature bone marrow dendritic cells and histological analysis of the skin of mice treated with NPPI showed an increase in cellularity. Immunization assay showed that mice immunized with zEDIII in the presence of NPPI produced neutralizing antibodies. Through the passive transfer of sera from immunized mice to ZIKV-infected neonatal mice, it was demonstrated that these antibodies provide protection, mitigating weight loss, clinical or neurological signs induced by infection, and significantly increased survival rates. Protection was further substantiated by the reduction in the number of viable infectious ZIKV, as well as a decrease in inflammatory cytokines and tissue alterations in the brains of infected mice. Taken together, data presented in this study shows that NPPI + zEDIII is a promising vaccine candidate for ZIKV.",261,"International immunopharmacology",2024,"Brazil Electronic address: raineamaral@aouunifal-mgedubr","Animals; Mice; Antibodies, Neutralizing; Zika Virus Infection; Zika Virus; Poly I-C; Serum Albumin, Bovine; Antibodies, Viral; Viral Envelope Proteins; Viral Vaccines","Zika Virus Infection","Neurological","since the orthoflavivirus zikaense zikv has been considered a risk for zika congenital syndrome development developing a safe and effective vaccine has become a high priority numerous research groups have developed strategies to prevent zikv infection and have identified the domain iii of the zikv envelope protein zediii as a promising target subunit antigens are often poorly immunogenic necessitating the use of adjuvants and or delivery systems to induce optimal immune responses the subject of nanotechnology has substantial expansion in recent years in terms of research and applications nanoparticles could be used as drug delivery systems and to increase the immunogenicity and stability of a given antigen this work aims to characterize and validate the potential of a vaccine formulation composed of domain zediii and bovine serum albumin nanoparticles containing polyinosinic polycytidylic acid nppi nppi were uptake in vitro by immature bone marrow dendritic cells and histological analysis of the skin of mice treated with nppi showed an increase in cellularity immunization assay showed that mice immunized with zediii in the presence of nppi produced neutralizing antibodies through the passive transfer of sera from immunized mice to zikv infected neonatal mice it was demonstrated that these antibodies provide protection mitigating weight loss clinical or neurological signs induced by infection and significantly increased survival rates protection was further substantiated by the reduction in the number of viable infectious zikv as well as a decrease in inflammatory cytokines and tissue alterations in the brains of infected mice taken together data presented in this study shows that nppi zediii is a promising vaccine candidate for zikv"
41020635,"A network pharmacology- and molecular dynamics simulation-based bioprospection of Khaya grandifoliola C. DC. for diabetes care.","Khaya grandifoliola is a common medicinal plant with diverse uses. Despite its reported antidiabetic activity, stduies on the exact mechanism of action is limited. This study investigated the mechanism of action of K. grandifoliola metabolites in the management of type 2 diabetes mellitus (T2DM) using network pharmacology and molecular dynamics simulation methods. Findings from this study revealed that of the total 290 overlapping genes retrieved from 100 K. grandifoliola metabolites, 249 are linked to T2DM genes. A further KEGG analysis revealed AGE-RAGE as the most enriched signaling pathway with PRKCA and MMP2 as its most enriched genes as they interacted with 24 and 22 metabolites of K. grandifoliola, respectively. The top-five interacting metabolites of K. grandifoliola had higher negative docking scores, binding free energies, stability and interaction for PRKCA and MMP2 genes than metformin and the respective gene inhibitors. Cholestane-3,26-diol-22-one (-57.17 ± 5.07 kcal/mol) and linolelaidic acid (-37.96 ± 4.66 kcal/mol) had the highest negative binding free energies with PRKCA and MMP2, respectively. Conclusively, the identified lead metabolites of K. grandifoliola probably exhibit their antidiabetic activity via the downregulation of the profiled T2DM genes and can be further explored as potential antidiabetic drug candidates. Further studies to validate the degree of modulation of the profiled T2DM signaling pathways by the lead metabolites in the management of T2DM are required and efforts are underway in this direction.",226,"Journal of biomolecular structure & dynamics",2025,"South Africa","Molecular Dynamics Simulation; Hypoglycemic Agents; Network Pharmacology; Diabetes Mellitus, Type 2; Humans; Molecular Docking Simulation; Plant Extracts; Signal Transduction; Matrix Metalloproteinase 2; Meliaceae","Molecular Dynamics Simulation","Diabetes","khaya grandifoliola is a common medicinal plant with diverse uses despite its reported antidiabetic activity stduies on the exact mechanism of action is limited this study investigated the mechanism of action of k grandifoliola metabolites in the management of type diabetes mellitus t dm using network pharmacology and molecular dynamics simulation methods findings from this study revealed that of the total overlapping genes retrieved from k grandifoliola metabolites are linked to t dm genes a further kegg analysis revealed age rage as the most enriched signaling pathway with prkca and mmp as its most enriched genes as they interacted with and metabolites of k grandifoliola respectively the top five interacting metabolites of k grandifoliola had higher negative docking scores binding free energies stability and interaction for prkca and mmp genes than metformin and the respective gene inhibitors cholestane diol one kcal mol and linolelaidic acid kcal mol had the highest negative binding free energies with prkca and mmp respectively conclusively the identified lead metabolites of k grandifoliola probably exhibit their antidiabetic activity via the downregulation of the profiled t dm genes and can be further explored as potential antidiabetic drug candidates further studies to validate the degree of modulation of the profiled t dm signaling pathways by the lead metabolites in the management of t dm are required and efforts are underway in this direction"
40256246,"Targeting ceramide-induced microglial pyroptosis: Icariin is a promising therapy for Alzheimer's disease.","Alzheimer's disease (AD), a progressive dementia, is one of the most common neurodegenerative diseases. Clinical trial results of amyloid-β (Aβ) and tau regulators based on the pretext of straightforward amyloid and tau immunotherapy were disappointing. There are currently no effective strategies for slowing the progression of AD. Herein, we spotlight the dysregulation of lipid metabolism, particularly the elevation of ceramides (Cers), as a critical yet underexplored facet of AD pathogenesis. Our study delineates the role of Cers in promoting microglial pyroptosis, a form of programmed cell death distinct from apoptosis and necroptosis, characterized by cellular swelling, and membrane rupture mediated by the NLRP3 inflammasome pathway. Utilizing both in vivo experiments with amyloid precursor protein (APP)/presenilin 1 (PS1) transgenic mice and in vitro assays with BV-2 microglial cells, we investigate the activation of microglial pyroptosis by Cers and its inhibition by icariin (ICA), a flavonoid with known antioxidant and anti-inflammatory properties. Our findings reveal a significant increase in Cers levels and pyroptosis markers (NOD-like receptor family, pyrin domain containing 3 (NLRP3), apoptosis-associated speck-like protein containing a caspase recruitment domain, caspase-1, gasdermin D (gasdermin D (GSDMD)), and interleukin-18 (IL-18)) in the brains of AD model mice, indicating a direct involvement of Cers in AD pathology through the induction of microglial pyroptosis. Conversely, ICA treatment effectively reduces these pyroptotic markers and Cer levels, thereby attenuating microglial pyroptosis and suggesting a novel therapeutic mechanism of action against AD. This study not only advances our understanding of the pathogenic role of Cers in AD but also introduces ICA as a promising candidate for AD therapy, capable of mitigating neuroinflammation and pyroptosis through the cyclooxygenase-2 (COX-2)-NLRP3 inflammasome-gasdermin D (GSDMD) axis. Our results pave the way for further exploration of Cer metabolism disorders in neurodegenerative diseases and highlight the therapeutic potential of targeting microglial pyroptosis in AD.",300,"Journal of pharmaceutical analysis",2025,"China","","","Neurological","alzheimer s disease ad a progressive dementia is one of the most common neurodegenerative diseases clinical trial results of amyloid a and tau regulators based on the pretext of straightforward amyloid and tau immunotherapy were disappointing there are currently no effective strategies for slowing the progression of ad herein we spotlight the dysregulation of lipid metabolism particularly the elevation of ceramides cers as a critical yet underexplored facet of ad pathogenesis our study delineates the role of cers in promoting microglial pyroptosis a form of programmed cell death distinct from apoptosis and necroptosis characterized by cellular swelling and membrane rupture mediated by the nlrp inflammasome pathway utilizing both in vivo experiments with amyloid precursor protein app presenilin ps transgenic mice and in vitro assays with bv microglial cells we investigate the activation of microglial pyroptosis by cers and its inhibition by icariin ica a flavonoid with known antioxidant and anti inflammatory properties our findings reveal a significant increase in cers levels and pyroptosis markers nod like receptor family pyrin domain containing nlrp apoptosis associated speck like protein containing a caspase recruitment domain caspase gasdermin d gasdermin d gsdmd and interleukin il in the brains of ad model mice indicating a direct involvement of cers in ad pathology through the induction of microglial pyroptosis conversely ica treatment effectively reduces these pyroptotic markers and cer levels thereby attenuating microglial pyroptosis and suggesting a novel therapeutic mechanism of action against ad this study not only advances our understanding of the pathogenic role of cers in ad but also introduces ica as a promising candidate for ad therapy capable of mitigating neuroinflammation and pyroptosis through the cyclooxygenase cox nlrp inflammasome gasdermin d gsdmd axis our results pave the way for further exploration of cer metabolism disorders in neurodegenerative diseases and highlight the therapeutic potential of targeting microglial pyroptosis in ad"
38313386,"Amplifying Curcumin's Antitumor Potential: A Heat-Driven Approach for Colorectal Cancer Treatment.","Peritoneal metastases from colorectal cancer (CRC) present a significant clinical challenge with poor prognosis, often unresponsive to systemic chemotherapy. Cytoreductive surgery (CRS) combined with hyperthermic intraperitoneal chemotherapy (HIPEC) is a treatment approach for select patients. The use of curcumin, a natural compound with antitumor properties, in HIPEC is of interest due to its lower side effects compared to conventional drugs and potential for increased efficacy through direct delivery to the peritoneal cavity. An in vitro hyperthermic model was developed to simulate clinical HIPEC conditions. Three colon cancer cell lines (SK-CO-1, COLO205, SNU-C1) representing different genetic mutations (p53, KRAS, BRAF) were treated with either curcumin (25 µM) or mitomycin-C (1 µM) for 1, 2, or 3 hours. Post-treatment, cells were incubated at 37°C (normothermia) or 42°C (hyperthermia). Cell viability and proliferation were assessed at 24, 48 and 72 hours post-treatment using Annexin V/PI, MTT assay, trypan blue exclusion, and Hoffman microscopy. Hyperthermia significantly enhanced the antitumor efficacy of curcumin, evidenced by a two-fold reduction in cell viability compared to normothermia across all cell lines. In the SNU-C1 cell line, which harbors a p53 mutation, mitomycin-C failed to significantly impact cell viability, unlike curcumin, suggesting mutation-specific differences in treatment response. The findings indicate that hyperthermia augments the antitumor effects of curcumin in vitro, supporting the hypothesis that curcumin could be a more effective HIPEC agent than traditional drugs like mitomycin-C. Mutation-associated differences in response to treatments were observed, particularly in p53 mutant cells. While further studies are needed, these preliminary results suggest that curcumin in HIPEC could represent a novel therapeutic strategy for CRC patients with peritoneal metastases. This approach may offer improved outcomes with fewer side effects, particularly in genetically distinct CRC subtypes.",282,"OncoTargets and therapy",2024,"USA","","","Cancer","peritoneal metastases from colorectal cancer crc present a significant clinical challenge with poor prognosis often unresponsive to systemic chemotherapy cytoreductive surgery crs combined with hyperthermic intraperitoneal chemotherapy hipec is a treatment approach for select patients the use of curcumin a natural compound with antitumor properties in hipec is of interest due to its lower side effects compared to conventional drugs and potential for increased efficacy through direct delivery to the peritoneal cavity an in vitro hyperthermic model was developed to simulate clinical hipec conditions three colon cancer cell lines sk co colo snu c representing different genetic mutations p kras braf were treated with either curcumin m or mitomycin c m for or hours post treatment cells were incubated at c normothermia or c hyperthermia cell viability and proliferation were assessed at and hours post treatment using annexin v pi mtt assay trypan blue exclusion and hoffman microscopy hyperthermia significantly enhanced the antitumor efficacy of curcumin evidenced by a two fold reduction in cell viability compared to normothermia across all cell lines in the snu c cell line which harbors a p mutation mitomycin c failed to significantly impact cell viability unlike curcumin suggesting mutation specific differences in treatment response the findings indicate that hyperthermia augments the antitumor effects of curcumin in vitro supporting the hypothesis that curcumin could be a more effective hipec agent than traditional drugs like mitomycin c mutation associated differences in response to treatments were observed particularly in p mutant cells while further studies are needed these preliminary results suggest that curcumin in hipec could represent a novel therapeutic strategy for crc patients with peritoneal metastases this approach may offer improved outcomes with fewer side effects particularly in genetically distinct crc subtypes"
41425844,"Perceived Risk of Colorectal Cancer in Oman: Implications for screening and prevention.","Colorectal cancer (CRC) remains one of the leading causes of cancer-related deaths worldwide and is the most diagnosed malignancy among men in Oman. Although it has historically affected older populations, a troubling rise in CRC incidence among younger demographics has emerged in recent years. This study assessed perceived CRC risk, beliefs, and awareness among Omani adults and identified sociodemographic predictors to inform culturally tailored prevention strategies. A national cross-sectional survey of 1,060 adults aged ≥18 years was conducted across Oman between March and August 2023 using a validated questionnaire adapted from the Health Information National Trends Survey (HINTS). Convenience sampling was employed via social media. Multivariable logistic regression identified predictors of self-perceived CRC risk. Over 60% of participants had never considered CRC screening, and more than half perceived themselves at low or average risk. Perceived risk was significantly associated with gender, age, education, marital and employment status, family history of CRC, and tobacco exposure (P <0.05). Misconceptions were prevalent: 74.1% believed CRC would present with symptoms such as pain, and 60.3% reported confusion over prevention recommendations. Findings highlight a critical gap between actual and perceived CRC risk in Oman. Culturally sensitive, demographically targeted health communication is urgently needed to improve screening uptake and early detection.",205,"Sultan Qaboos University medical journal",2025,"Oman","Humans; Oman; Male; Female; Colorectal Neoplasms; Middle Aged; Adult; Cross-Sectional Studies; Early Detection of Cancer; Aged","Colorectal Neoplasms","Cancer","colorectal cancer crc remains one of the leading causes of cancer related deaths worldwide and is the most diagnosed malignancy among men in oman although it has historically affected older populations a troubling rise in crc incidence among younger demographics has emerged in recent years this study assessed perceived crc risk beliefs and awareness among omani adults and identified sociodemographic predictors to inform culturally tailored prevention strategies a national cross sectional survey of adults aged years was conducted across oman between march and august using a validated questionnaire adapted from the health information national trends survey hints convenience sampling was employed via social media multivariable logistic regression identified predictors of self perceived crc risk over of participants had never considered crc screening and more than half perceived themselves at low or average risk perceived risk was significantly associated with gender age education marital and employment status family history of crc and tobacco exposure p misconceptions were prevalent believed crc would present with symptoms such as pain and reported confusion over prevention recommendations findings highlight a critical gap between actual and perceived crc risk in oman culturally sensitive demographically targeted health communication is urgently needed to improve screening uptake and early detection"
38399661,"Electrochemical Characterization of Two Gut Microbial Strains Cooperatively Promoting Multiple Sclerosis Pathogenesis.","In this study, we explored the extracellular electron transfer (EET) capabilities of two bacterial strains, OTU0001 and OTU0002, which are demonstrated in biofilm formation in mouse gut and the induction of autoimmune diseases like multiple sclerosis. OTU0002 displayed significant electrogenic behaviour, producing microbial current on an indium tin-doped oxide electrode surface, particularly in the presence of glucose, with a current density of 60 nA/cm2. The presence of cell-surface redox substrate potentially mediating EET was revealed by the redox-based staining method and electrochemical voltammetry assay. However, medium swapping analyses and the addition of flavins, a model redox mediator, suggest that the current production is dominated by soluble endogenous redox substrates in OTU0002. Given redox substrates were detected at the cell surface, the secreted redox molecule may interact with the cellular surface of OTU0002. In contrast to OTU0002, OTU0001 did not exhibit notable electrochemical activity, lacking cell-surface redox molecules. Further, the mixture of the two strains did not increase the current production from OTU0001, suggesting that OTU0001 does not support the EET mechanism of OTU0002. The present work revealed the coexistence of EET and non-EET capable pathogens in multi-species biofilm.",188,"Microorganisms",2024,"UK","","","Diabetes","in this study we explored the extracellular electron transfer eet capabilities of two bacterial strains otu and otu which are demonstrated in biofilm formation in mouse gut and the induction of autoimmune diseases like multiple sclerosis otu displayed significant electrogenic behaviour producing microbial current on an indium tin doped oxide electrode surface particularly in the presence of glucose with a current density of na cm the presence of cell surface redox substrate potentially mediating eet was revealed by the redox based staining method and electrochemical voltammetry assay however medium swapping analyses and the addition of flavins a model redox mediator suggest that the current production is dominated by soluble endogenous redox substrates in otu given redox substrates were detected at the cell surface the secreted redox molecule may interact with the cellular surface of otu in contrast to otu otu did not exhibit notable electrochemical activity lacking cell surface redox molecules further the mixture of the two strains did not increase the current production from otu suggesting that otu does not support the eet mechanism of otu the present work revealed the coexistence of eet and non eet capable pathogens in multi species biofilm"
40259961,"Apoptotic and anti-migratory activity of Citrus limon rind essential oil encapsulated in niosome against human breast cancer cells.","This study aimed to formulate Citrus limon fruit rind's essential oil (EO) and to analyze its impact on breast cancer cells. Initially, the cytotoxicity of EO (0.09-9 µg/ml) and doxorubicin (0.5-5 µM) on MCF-7, SK-BR-3, and MDA-MB-231 breast cancer cells was assessed using the MTT assay following 24-72 hr treatment. The cells were then treated with niosomes containing 4.5 µg/ml EO and 0.5 µM doxorubicin for 48 hr. Flow cytometry, migration assay, and RT-qPCR were used to study the cell behavior. MTT results indicated that both EO and doxorubicin alone exhibited severe cytotoxicity (viability ≤ 30%) towards all three cells after 48 hr . When treated with encapsulated EO, the apoptotic death rate in MCF-7, MDA-MB-231, and SK-BR-3 cells was substantially diminished to 14%, 28%, and 9%, respectively. Similarly, encapsulated doxorubicin induced mild apoptotic death in these cells. Encapsulated EO and doxorubicin significantly prevented the migration of all cells. Following treatment with the encapsulated EO, a notable reduction in the expression of VIM, SLUG, SNAIL, and JUN, which are promoters of cancer cell invasion, was seen. Conversely, the expression of the FAS receptor, an active participant in the extrinsic apoptosis pathway, increased (p˂0.01). Lemon EO has apoptotic and anti-migratory effects on breast cancer cells, comparable to that of doxorubicin. Utilizing niosome as an efficient delivery modality effectively mitigates the adverse effects of EO and can be used for in vivo delivery of it to cancer cells.",236,"Avicenna journal of phytomedicine",2024,"Iran","","","Cancer","this study aimed to formulate citrus limon fruit rind s essential oil eo and to analyze its impact on breast cancer cells initially the cytotoxicity of eo g ml and doxorubicin m on mcf sk br and mda mb breast cancer cells was assessed using the mtt assay following hr treatment the cells were then treated with niosomes containing g ml eo and m doxorubicin for hr flow cytometry migration assay and rt qpcr were used to study the cell behavior mtt results indicated that both eo and doxorubicin alone exhibited severe cytotoxicity viability towards all three cells after hr when treated with encapsulated eo the apoptotic death rate in mcf mda mb and sk br cells was substantially diminished to and respectively similarly encapsulated doxorubicin induced mild apoptotic death in these cells encapsulated eo and doxorubicin significantly prevented the migration of all cells following treatment with the encapsulated eo a notable reduction in the expression of vim slug snail and jun which are promoters of cancer cell invasion was seen conversely the expression of the fas receptor an active participant in the extrinsic apoptosis pathway increased p lemon eo has apoptotic and anti migratory effects on breast cancer cells comparable to that of doxorubicin utilizing niosome as an efficient delivery modality effectively mitigates the adverse effects of eo and can be used for in vivo delivery of it to cancer cells"
38286358,"Reducing SULT2B1 promotes the interaction of LncRNAgga3-204 with SMAD4 to inhibit the macrophage inflammatory response and delay atherosclerosis progression.","Inflammation is a crucial pathophysiological mechanism in atherosclerosis (AS). This study aims to investigate the impact of sulfotransferase family 2b member 1 (SULT2B1) on the inflammatory response of macrophages and the progression of AS. Here, we reported that SULT2B1 expression increased with the progression of AS. In AS model mice, knockdown of Sult2b1 led to remission of AS and reduced inflammation levels. Further exploration of the downstream molecular mechanisms of SULT2B1 revealed that suppressing Sult2b1 in macrophages resulted in decreased levels of 25HC3S in the nucleus, elevated expression of Lxr, and increased the transcription of Lncgga3-204. In vivo, knockdown of Lncgga3-204 aggravated the inflammatory response and AS progression, while the simultaneous knockdown of both Sult2b1 and Lncgga3-204 exacerbated AS and the inflammatory response compared with knockdown of Sult2b1 alone. Increased binding of Lncgga3-204 to SMAD4 in response to oxidized-low density lipoprotein (ox-LDL) stimulation facilitated SMAD4 entry into the nucleus and regulated Smad7 transcription, which elevated SMAD7 expression, suppressed NF-κB entry into the nucleus, and ultimately attenuated the macrophage inflammatory response. Finally, we identified the presence of a single nucleotide polymorphism (SNP), rs2665580, in the SULT2B1 promoter region in monocytes from coronary artery disease (CAD) patients. The predominant GG/AG/AA genotypes were observed in the Asian population. Elevated SULT2B1 expression in monocytes with GG corresponded to elevated inflammatory factor levels and more unstable coronary plaques. To summarize, our study demonstrated that the critical role of SULT2B1/Lncgga3-204/SMAD4/NF-κB in AS progression. SULT2B1 serves as a novel biomarker indicating inflammatory status, thereby offering insights into potential therapeutic strategies for AS.",255,"Translational research : the journal of laboratory and clinical medicine",2024,"PR China","Atherosclerosis; Sulfotransferases; Animals; Mice; Macrophages; Humans; Inflammation; Smad4 Protein; Male; Disease Progression","Atherosclerosis","Cardiovascular","inflammation is a crucial pathophysiological mechanism in atherosclerosis as this study aims to investigate the impact of sulfotransferase family b member sult b on the inflammatory response of macrophages and the progression of as here we reported that sult b expression increased with the progression of as in as model mice knockdown of sult b led to remission of as and reduced inflammation levels further exploration of the downstream molecular mechanisms of sult b revealed that suppressing sult b in macrophages resulted in decreased levels of hc s in the nucleus elevated expression of lxr and increased the transcription of lncgga in vivo knockdown of lncgga aggravated the inflammatory response and as progression while the simultaneous knockdown of both sult b and lncgga exacerbated as and the inflammatory response compared with knockdown of sult b alone increased binding of lncgga to smad in response to oxidized low density lipoprotein ox ldl stimulation facilitated smad entry into the nucleus and regulated smad transcription which elevated smad expression suppressed nf b entry into the nucleus and ultimately attenuated the macrophage inflammatory response finally we identified the presence of a single nucleotide polymorphism snp rs in the sult b promoter region in monocytes from coronary artery disease cad patients the predominant gg ag aa genotypes were observed in the asian population elevated sult b expression in monocytes with gg corresponded to elevated inflammatory factor levels and more unstable coronary plaques to summarize our study demonstrated that the critical role of sult b lncgga smad nf b in as progression sult b serves as a novel biomarker indicating inflammatory status thereby offering insights into potential therapeutic strategies for as"
38256358,"Epstein-Barr Virus Uveitis Confirmed via Aqueous Humor Polymerase Chain Reaction and Metagenomics-A Case Report.","This is a case report of Epstein-Barr virus (EBV) uveitis confirmed via aqueous humor polymerase chain reaction (PCR) and metagenomics. This 72-year-old male with a history of diabetes and herpes zoster complained of redness and blurred vision in his right eye for eight months. Mild conjunctival injection, anterior chamber cells, mutton-fat keratic precipitates, and vitreous haze were noted. Fluorescein angiography revealed dye leakage from retinal vessels without retinal ischemic changes. Only the serum anti-cytomegalovirus (CMV) IgG was positive while the aqueous humor PCR for VZV (Varicella-zoster virus), HSV (Herpes simplex viruses), CMV, and EBV was initially negative. Inflammation recurred and vitreous haze worsened after discontinuing nine-month topical ganciclovir and oral prednisolone. the aqueous humor PCR was repeated due to persistent low-grade inflammation. The EBV PCR turned out to be positive. Shotgun metagenomics revealed 1459 classified sequences (1.62%) and confirmed the EBV infection. Topical ganciclovir and methylprednisolone treatment was resumed. Conjunctival injection improved while pigmented keratic precipitates lessened. Elderly patients with diabetes or under immunosuppression may be susceptible to chronic uveitis associated with subsequent EBV infection. Repeated aqueous humor PCR and shotgun metagenomics are important tools in the diagnosis of this case of chronic indolent panuveitis.",195,"Medicina (Kaunas, Lithuania)",2024,"Taiwan","Aged; Male; Humans; Herpesvirus 4, Human; Aqueous Humor; Epstein-Barr Virus Infections; Uveitis; Inflammation; Antibodies, Viral; Diabetes Mellitus","Epstein-Barr Virus Infections","Diabetes","this is a case report of epstein barr virus ebv uveitis confirmed via aqueous humor polymerase chain reaction pcr and metagenomics this year old male with a history of diabetes and herpes zoster complained of redness and blurred vision in his right eye for eight months mild conjunctival injection anterior chamber cells mutton fat keratic precipitates and vitreous haze were noted fluorescein angiography revealed dye leakage from retinal vessels without retinal ischemic changes only the serum anti cytomegalovirus cmv igg was positive while the aqueous humor pcr for vzv varicella zoster virus hsv herpes simplex viruses cmv and ebv was initially negative inflammation recurred and vitreous haze worsened after discontinuing nine month topical ganciclovir and oral prednisolone the aqueous humor pcr was repeated due to persistent low grade inflammation the ebv pcr turned out to be positive shotgun metagenomics revealed classified sequences and confirmed the ebv infection topical ganciclovir and methylprednisolone treatment was resumed conjunctival injection improved while pigmented keratic precipitates lessened elderly patients with diabetes or under immunosuppression may be susceptible to chronic uveitis associated with subsequent ebv infection repeated aqueous humor pcr and shotgun metagenomics are important tools in the diagnosis of this case of chronic indolent panuveitis"
38329063,"Early targeted heart rate exercise is safe and May hasten return-to-duty in service members with acute concussion, a preliminary study.","To evaluate the feasibility of an exercise tolerance assessment and intervention added to the Progressive Return to Activity Clinical Recommendations (PRA-CR) in acutely concussed service members (SMs). This non-randomized, pilot trial was performed at one center. SMs in the experimental group (ERG) performed the Buffalo Concussion March-in-place Test (BCMT) at every clinic visit and were prescribed at least 20 minutes/day of targeted exercise in addition to PRA-CR. Data for the control group (SCG) were extracted from the same clinic immediately prior to ERG. SMs in both groups were assessed by the same clinician to determine return-to-duty. BCMT identified concussion-related exercise intolerance in 100% (n = 14) at screening visit (mean 3.4 days after injury) and in 0% (n = 7) who had recovered. No adverse effects were associated with BCMT. The estimated recovery time for ERG who performed the exercise intervention (n = 12) was 17.0 (12.8, 21.2) days and for SCG (n = 15) was 23.7 (19.9, 27.5) days (p = 0.039). Assessment of exercise tolerance was feasible and could be incorporated into the PRA-CR. Future definitive, randomized controlled trials should be performed to assess the effectiveness of exercise reset program for SMs after concussion.",196,"Brain injury",2024,"USA","Humans; Athletic Injuries; Brain Concussion; Exercise; Forecasting; Heart Rate; Pilot Projects","Athletic Injuries","Neurological","to evaluate the feasibility of an exercise tolerance assessment and intervention added to the progressive return to activity clinical recommendations pra cr in acutely concussed service members sms this non randomized pilot trial was performed at one center sms in the experimental group erg performed the buffalo concussion march in place test bcmt at every clinic visit and were prescribed at least minutes day of targeted exercise in addition to pra cr data for the control group scg were extracted from the same clinic immediately prior to erg sms in both groups were assessed by the same clinician to determine return to duty bcmt identified concussion related exercise intolerance in n at screening visit mean days after injury and in n who had recovered no adverse effects were associated with bcmt the estimated recovery time for erg who performed the exercise intervention n was days and for scg n was days p assessment of exercise tolerance was feasible and could be incorporated into the pra cr future definitive randomized controlled trials should be performed to assess the effectiveness of exercise reset program for sms after concussion"
38172262,"Comparing the Impact of Stenting vs. Medical Therapy for Intracranial Arterial Stenosis : A Systematic Review and One-stage and Two-stage Meta-Analysis of Randomized Clinical Trials.","In the treatment of intracranial arterial stenosis (ICAS), controversies remain regarding the optimal treatment strategy. Our study aims to conduct an individual patient-level data meta-analysis of existing RCTs comparing PTAS versus best medical therapy and to identify differences in outcomes such as incidence of ischemic stroke or death. Randomised controlled trials comparing the outcomes of stenting versus best medical therapy for patients who had symptomatic ICAS of >50%. Excluded studies included case reports, case series, reviews, observational studies,  letters or studies evaluating isolated angioplasty techniques without stenting. Data was extracted in accordance with PRISMA guidelines. 7 studies involving 1425 participants were included. There was an increased risk in the incidence of stroke and death within the first 30 days post-procedure for patients treated with PTAS over best medical therapy (RR = 2.22 [1.28-3.86], I² = 0%). Patients who underwent stenting also had a significantly higher risk of intracranial haemorrhage (RR = 12.66 [2.41-66.45], I² = 0%) and death (RR = 5.41 [1.20-24.28], I² = 0%).Under the shared frailty model, stenting when compared to medical therapy has a HR of 1.81 (95% CI:1.25-2.6) of stroke or death across 1 year. Under the parametric Royston-Parmar model, stenting has a significant decrease in the RMST(-0.83 months; 95% CI: -1.30-0.37). Stenting continued to show worse outcomes up to the 3 year mark with a HR of 1.60 (95% CI: 1.11-2.32). There is an increased risk of peri- and post-procedural stroke and death over best medical therapy in patients with symptomatic ICAS who undergo PTAS. Further work is required to refine patient selection and mitigate peri-procedural risks.",262,"Clinical neuroradiology",2024,"Singapore","Humans; Stents; Randomized Controlled Trials as Topic; Treatment Outcome; Constriction, Pathologic","Stents","Neurological","in the treatment of intracranial arterial stenosis icas controversies remain regarding the optimal treatment strategy our study aims to conduct an individual patient level data meta analysis of existing rcts comparing ptas versus best medical therapy and to identify differences in outcomes such as incidence of ischemic stroke or death randomised controlled trials comparing the outcomes of stenting versus best medical therapy for patients who had symptomatic icas of excluded studies included case reports case series reviews observational studies letters or studies evaluating isolated angioplasty techniques without stenting data was extracted in accordance with prisma guidelines studies involving participants were included there was an increased risk in the incidence of stroke and death within the first days post procedure for patients treated with ptas over best medical therapy rr i patients who underwent stenting also had a significantly higher risk of intracranial haemorrhage rr i and death rr i under the shared frailty model stenting when compared to medical therapy has a hr of ci of stroke or death across year under the parametric royston parmar model stenting has a significant decrease in the rmst months ci stenting continued to show worse outcomes up to the year mark with a hr of ci there is an increased risk of peri and post procedural stroke and death over best medical therapy in patients with symptomatic icas who undergo ptas further work is required to refine patient selection and mitigate peri procedural risks"
38245540,"A polygenic score associated with fracture risk in breast cancer patients treated with aromatase inhibitors.","Identifying women at high risk of osteoporotic fracture from aromatase inhibitor (AI) therapy for breast cancer is largely based on known risk factors for healthy postmenopausal women, which might not accurately reflect the risk in breast cancer patients post-AI therapy. To determine whether a polygenic score associated with fracture in healthy women is also significant in women treated with AIs for breast cancer, we used data from a prospective observational cohort of 2152 women diagnosed with hormonal receptor positive breast cancer treated with AIs as the initial endocrine therapy and examined a polygenic score of heel quantitative ultrasound speed of sound (gSOS) in relation to incident osteoporotic fracture after AI therapy during a median 6.1 years of follow up after AI initiation. In multivariable models, patients with the second and third highest tertiles (T) versus the lowest tertile of gSOS had significantly lower risk of fracture (T2: adjusted HR = 0.61, 95% CI: 0.46-0.80; T3: adjusted HR = 0.53, 95% CI: 0.40-0.70). The lower risk of fracture in patients with the highest tertile of gSOS remained significant after further adjustment for BMD at the hip (T3: adjusted HR = 0.62, 95% CI: 0.42-0.91). In conclusion, our analysis showed gSOS as a novel genetic predictor for fracture risk independent of BMD among breast cancer patients treated with AIs. Future studies are warranted to evaluate the performance of incorporating gSOS in prediction models for the risk of AI-related fracture in breast cancer patients.",241,"NPJ breast cancer",2024,"USA","","","Cancer","identifying women at high risk of osteoporotic fracture from aromatase inhibitor ai therapy for breast cancer is largely based on known risk factors for healthy postmenopausal women which might not accurately reflect the risk in breast cancer patients post ai therapy to determine whether a polygenic score associated with fracture in healthy women is also significant in women treated with ais for breast cancer we used data from a prospective observational cohort of women diagnosed with hormonal receptor positive breast cancer treated with ais as the initial endocrine therapy and examined a polygenic score of heel quantitative ultrasound speed of sound gsos in relation to incident osteoporotic fracture after ai therapy during a median years of follow up after ai initiation in multivariable models patients with the second and third highest tertiles t versus the lowest tertile of gsos had significantly lower risk of fracture t adjusted hr ci t adjusted hr ci the lower risk of fracture in patients with the highest tertile of gsos remained significant after further adjustment for bmd at the hip t adjusted hr ci in conclusion our analysis showed gsos as a novel genetic predictor for fracture risk independent of bmd among breast cancer patients treated with ais future studies are warranted to evaluate the performance of incorporating gsos in prediction models for the risk of ai related fracture in breast cancer patients"
39850888,"Spatial distribution-based progression of spinal cord injury pathology: a key role for neuroimmune cells.","An external trauma, illness, or other pathological cause can harm the structure and function of the spinal cord, resulting in a significant neurological disorder known as spinal cord injury (SCI). In addition to impairing movement and sensory functions, spinal cord injury (SCI) triggers complex pathophysiological responses, with the spatial dynamics of immune cells playing a key role. The inflammatory response and subsequent healing processes following SCI are profoundly influenced by the spatial distribution and movement of immune cells. Despite significant advances in both scientific and clinical research, SCI therapy still faces several challenges. These challenges primarily stem from our limited understanding of the spatial dynamics of immune cell distribution and the processes that regulate their interactions within the microenvironment following injury. Therefore, a comprehensive investigation into the spatial dynamics of immune cells following SCI is essential to uncover their mechanisms in neuroinflammation and repair, and to develop novel therapeutic strategies.",150,"Frontiers in immunology",2024,"China","Spinal Cord Injuries; Humans; Animals; Neuroimmunomodulation; Disease Progression; Spinal Cord","Spinal Cord Injuries","Neurological","an external trauma illness or other pathological cause can harm the structure and function of the spinal cord resulting in a significant neurological disorder known as spinal cord injury sci in addition to impairing movement and sensory functions spinal cord injury sci triggers complex pathophysiological responses with the spatial dynamics of immune cells playing a key role the inflammatory response and subsequent healing processes following sci are profoundly influenced by the spatial distribution and movement of immune cells despite significant advances in both scientific and clinical research sci therapy still faces several challenges these challenges primarily stem from our limited understanding of the spatial dynamics of immune cell distribution and the processes that regulate their interactions within the microenvironment following injury therefore a comprehensive investigation into the spatial dynamics of immune cells following sci is essential to uncover their mechanisms in neuroinflammation and repair and to develop novel therapeutic strategies"
38092263,"Recent progress in drug delivery systems for tyrosine kinase inhibitors in the treatment of lung cancer.","Lung cancer ranks as the second most commonly diagnosed cancer in both men and women worldwide. Despite the availability of diverse diagnostic and treatment strategies, it remains the leading cause of cancer-related deaths globally. The current treatment approaches for lung cancer involve the utilization of first generation (e.g., erlotinib, gefitinib) and second generation (e.g., afatinib) tyrosine kinase inhibitors (TKIs). These TKIs exert their effects by inhibiting a crucial enzyme called tyrosine kinase, which is responsible for cell survival signaling. However, their clinical effectiveness is hindered by limited solubility and oral bioavailability. Nanotechnology has emerged as a significant application in modern cancer therapy. Nanoparticle-based drug delivery systems, including lipid, polymeric, hybrid, inorganic, dendrimer, and micellar nanoparticles, have been designed to enhance the bioavailability, stability, and retention of these drugs within the targeted lung area. Furthermore, these nanoparticle-based delivery systems offer several advantages, such as increased therapeutic efficacy and reduced side effects and toxicity. This review focuses on the recent advancements in drug delivery systems for some of the most important TKIs, shedding light on their potential in improving lung cancer treatment.",180,"International journal of pharmaceutics",2024,"Turkey","Male; Female; Humans; Lung Neoplasms; Tyrosine Kinase Inhibitors; Protein Kinase Inhibitors; ErbB Receptors; Drug Delivery Systems; Mutation","Lung Neoplasms","Cancer","lung cancer ranks as the second most commonly diagnosed cancer in both men and women worldwide despite the availability of diverse diagnostic and treatment strategies it remains the leading cause of cancer related deaths globally the current treatment approaches for lung cancer involve the utilization of first generation e g erlotinib gefitinib and second generation e g afatinib tyrosine kinase inhibitors tkis these tkis exert their effects by inhibiting a crucial enzyme called tyrosine kinase which is responsible for cell survival signaling however their clinical effectiveness is hindered by limited solubility and oral bioavailability nanotechnology has emerged as a significant application in modern cancer therapy nanoparticle based drug delivery systems including lipid polymeric hybrid inorganic dendrimer and micellar nanoparticles have been designed to enhance the bioavailability stability and retention of these drugs within the targeted lung area furthermore these nanoparticle based delivery systems offer several advantages such as increased therapeutic efficacy and reduced side effects and toxicity this review focuses on the recent advancements in drug delivery systems for some of the most important tkis shedding light on their potential in improving lung cancer treatment"
38164884,"An Inducible CRISPR-dCas9-Based Transcriptional Repression System for Cancer Therapy.","Gene therapy has been adapted for improving malignant tumor treatment. However, pharmacotherapies targeting cancer remain limited and are generally inapplicable for rare disease patients. Oleanolic acid (OA) is a plant-derived triterpenoid that is frequently used in Chinese medicine as a safe but slow-acting treatment for many disorders. Here, the congruent pharmacological activities of OA and CRISPR-dCas9 in targeting AURKA or KDM1A and improving disease-specific prognosis and used a synthetic-biology-inspired design principle to engineer a therapeutic gene circuit that enables a concerted action of both drugs are utilized. In particular, the OA-triggered CRISPR-dCas9 transcriptional repression system rapidly and simultaneously attenuated lung and thyroid cancer. Collectively, this work shows that rationally engineered synthetic gene circuits are capable of treating multifactorial diseases in a synergistic manner by multiplexing the targeting efficiencies of single therapeutics.",131,"Small methods",2024,"China","Humans; Oleanolic Acid; CRISPR-Cas Systems; Animals; Aurora Kinase A; Mice; Lung Neoplasms; Cell Line, Tumor; Thyroid Neoplasms; Genetic Therapy","Oleanolic Acid","Cancer","gene therapy has been adapted for improving malignant tumor treatment however pharmacotherapies targeting cancer remain limited and are generally inapplicable for rare disease patients oleanolic acid oa is a plant derived triterpenoid that is frequently used in chinese medicine as a safe but slow acting treatment for many disorders here the congruent pharmacological activities of oa and crispr dcas in targeting aurka or kdm a and improving disease specific prognosis and used a synthetic biology inspired design principle to engineer a therapeutic gene circuit that enables a concerted action of both drugs are utilized in particular the oa triggered crispr dcas transcriptional repression system rapidly and simultaneously attenuated lung and thyroid cancer collectively this work shows that rationally engineered synthetic gene circuits are capable of treating multifactorial diseases in a synergistic manner by multiplexing the targeting efficiencies of single therapeutics"
38291502,"ZNF692 promotes cell proliferation, invasion and migration of human prostate cancer cells by targeting the EMT signaling pathway.","Prostate cancer poses a considerable threat to human health. At present, the mechanism of tumor progression remains unclear. ZNF692 is overexpressed in many tumors, and the high expression of ZNF692 is correlated with tumor aggressiveness and tumor phenotype of prostate cancer, suggesting that ZNF692 may play an important role in tumor biology of prostate cancer. This paper aims to elucidate the relationship between them. The expression level of ZNF692 was verified in normal prostate cells (RWPE-1) and prostate cancer cells (LNCaP, PC3, DU145). PC3 cells were selected to construct the ZNF692 knockout prostate cancer cell line. The changes of cell proliferation, apoptosis, invasion and metastasis were detected by CCK8, Edu staining, Transwell assay and scratch assay. The expression levels of related proteins were detected by Western blot. At the cellular level, ZNF692 was overexpressed to varying degrees in prostate cancer cell lines, with the highest expression in PC3 cell lines. CCK8 and Edu results showed that the proliferation of prostate cancer PC3 cells that knocked down ZNF692 was slowed. Transwell assay and scratch assay showed reduced invasion and migration of prostate cancer PC3 cells that knocked out ZNF692. Flow cytometry showed that the apoptosis rate of prostate cancer PC3 cells after ZNF692 knockout was increased. In addition, after ZNF692 silencing, the expression level of epithelial phenotype E-cadherin increased in PC3 cells, while the expression level of interstitial phenotype N-cadherin, Vimentin, c-Myc, and CyclinA1 decreased. The state of prostate cancer PC3 cells that overexpressed ZNF692 was reversed from the state after ZNF692 was knocked down. ZNF692 can be used as a new prognostic marker and a potential biologic therapeutic target for PCa. By inhibiting the expression of c-myc and cyclinA1, the EMT signaling pathway is regulated to provide evidence for its potential molecular mechanism.",293,"European journal of medical research",2024,"China","Humans; Male; Cell Line, Tumor; Cell Movement; Cell Proliferation; Gene Expression Regulation, Neoplastic; Prostatic Neoplasms; Signal Transduction; DNA-Binding Proteins; Transcription Factors","Prostatic Neoplasms","Cancer","prostate cancer poses a considerable threat to human health at present the mechanism of tumor progression remains unclear znf is overexpressed in many tumors and the high expression of znf is correlated with tumor aggressiveness and tumor phenotype of prostate cancer suggesting that znf may play an important role in tumor biology of prostate cancer this paper aims to elucidate the relationship between them the expression level of znf was verified in normal prostate cells rwpe and prostate cancer cells lncap pc du pc cells were selected to construct the znf knockout prostate cancer cell line the changes of cell proliferation apoptosis invasion and metastasis were detected by cck edu staining transwell assay and scratch assay the expression levels of related proteins were detected by western blot at the cellular level znf was overexpressed to varying degrees in prostate cancer cell lines with the highest expression in pc cell lines cck and edu results showed that the proliferation of prostate cancer pc cells that knocked down znf was slowed transwell assay and scratch assay showed reduced invasion and migration of prostate cancer pc cells that knocked out znf flow cytometry showed that the apoptosis rate of prostate cancer pc cells after znf knockout was increased in addition after znf silencing the expression level of epithelial phenotype e cadherin increased in pc cells while the expression level of interstitial phenotype n cadherin vimentin c myc and cyclina decreased the state of prostate cancer pc cells that overexpressed znf was reversed from the state after znf was knocked down znf can be used as a new prognostic marker and a potential biologic therapeutic target for pca by inhibiting the expression of c myc and cyclina the emt signaling pathway is regulated to provide evidence for its potential molecular mechanism"
38410488,"Timing of Regadenoson-induced Peak Hyperemia and the Effects on Coronary Flow Reserve.","Regadenoson is used to induce hyperemia in cardiac imaging, facilitating diagnosis of ischemia and assessment of coronary flow reserve (CFR). While the regadenoson package insert recommends administration of radionuclide tracer 10-20 seconds after injection, peak hyperemia has been observed at approximately 100 seconds after injection in healthy volunteers undergoing cardiovascular magnetic resonance imaging (CMR). It is unclear when peak hyperemia occurs in a patient population. The goal of this study was to determine time to peak hyperemia after regadenoson injection in healthy volunteers and patients, and whether the recommended image timing in the package insert underestimates CFR. Healthy volunteers (n=15) and patients (n=25) underwent stress CMR, including phase-contrast imaging of the coronary sinus at rest and multiple timepoints after 0.4 mg regadenoson injection. Coronary sinus flow (ml/min) was divided by resting values to yield CFR. Smoothed, time-resolved curves for CFR were generated with pointwise 95% confidence intervals. CFR between 60 and 120 seconds was significantly higher than CFR at 30 seconds after regadenoson injection (p < 0.05) as shown by non-overlapping 95% confidence intervals for both healthy volunteers (30 s, [2.8, 3.4]; 60 s, [3.8, 4.4]; 90 s, [4.1, 4.7]; 120 s, [3.6, 4.3]) and patients (30 s, [2.1, 2.5]; 60 s, [2.6, 3.1]; 90 s, [2.7, 3.2]; 120 s, [2.5, 3.1]). Imaging at 90 seconds following regadenoson injection is the optimal approach to capture peak hyperemia. Imaging at 30 seconds, which is more aligned with the package insert recommendation, would yield an underestimate of CFR and confound assessment of microvascular dysfunction.",252,"medRxiv : the preprint server for health sciences",2024,"USA","","","Cardiovascular","regadenoson is used to induce hyperemia in cardiac imaging facilitating diagnosis of ischemia and assessment of coronary flow reserve cfr while the regadenoson package insert recommends administration of radionuclide tracer seconds after injection peak hyperemia has been observed at approximately seconds after injection in healthy volunteers undergoing cardiovascular magnetic resonance imaging cmr it is unclear when peak hyperemia occurs in a patient population the goal of this study was to determine time to peak hyperemia after regadenoson injection in healthy volunteers and patients and whether the recommended image timing in the package insert underestimates cfr healthy volunteers n and patients n underwent stress cmr including phase contrast imaging of the coronary sinus at rest and multiple timepoints after mg regadenoson injection coronary sinus flow ml min was divided by resting values to yield cfr smoothed time resolved curves for cfr were generated with pointwise confidence intervals cfr between and seconds was significantly higher than cfr at seconds after regadenoson injection p as shown by non overlapping confidence intervals for both healthy volunteers s s s s and patients s s s s imaging at seconds following regadenoson injection is the optimal approach to capture peak hyperemia imaging at seconds which is more aligned with the package insert recommendation would yield an underestimate of cfr and confound assessment of microvascular dysfunction"
39931854,"Discovery of Selective β-Secretase (BACE-1) Inhibitors by the Solid-Phase Synthesis of Small Molecular-sized Peptides.","Alzheimer's disease (AD) is a progressive neurological disorder for which no effective cure currently exists. Research has identified β-Secretase (BACE1) as a promising therapeutic target for the management of AD. BACE1 is involved in the rate-limiting step and produces toxic amyloid-beta (Aβ) peptides that lead to deposits in the form of amyloid plaques extracellularly, resulting in AD. In this connection, 60 small peptides were evaluated for their in-silico studies to predict the bonding orientation with BACE1. Next, 5 peptides (12, 20, 21, 51, and 52) were selected based on high scoring of Vander Waal interactions with the catalytic site of the enzyme. The identified hit peptides were synthesized using Solid-Phase Peptide Synthesis (SPPS), and Electrospray Ionization Mass Spectrometry (ESI-MS) elucidated their structures and 1 1 HNMR spectroscopy. According to their In-vitro BACE1 inhibitory study, peptides 21 having high Vander Waal forces showed significant BACE1 inhibition with IC50 = 4.64 ± 0.1μM). Moreover, the kinetic study revealed that peptide 21 is a mixed-type inhibitor and can interact at the active site and the allosteric site of BACE1. According to the cytotoxicity study, peptide 21 was found to be noncytotoxic at 4.64 μM, 10 μM and 20 μM. The forthcoming target of this study is to evaluate further the effect of peptide 21 in an in-vivo mice model.",216,"Current Alzheimer research",2024,"Pakistan","Amyloid Precursor Protein Secretases; Aspartic Acid Endopeptidases; Humans; Animals; Solid-Phase Synthesis Techniques; Peptides; Mice; Enzyme Inhibitors; Alzheimer Disease; Drug Discovery","Amyloid Precursor Protein Secretases","Neurological","alzheimer s disease ad is a progressive neurological disorder for which no effective cure currently exists research has identified secretase bace as a promising therapeutic target for the management of ad bace is involved in the rate limiting step and produces toxic amyloid beta a peptides that lead to deposits in the form of amyloid plaques extracellularly resulting in ad in this connection small peptides were evaluated for their in silico studies to predict the bonding orientation with bace next peptides and were selected based on high scoring of vander waal interactions with the catalytic site of the enzyme the identified hit peptides were synthesized using solid phase peptide synthesis spps and electrospray ionization mass spectrometry esi ms elucidated their structures and hnmr spectroscopy according to their in vitro bace inhibitory study peptides having high vander waal forces showed significant bace inhibition with ic m moreover the kinetic study revealed that peptide is a mixed type inhibitor and can interact at the active site and the allosteric site of bace according to the cytotoxicity study peptide was found to be noncytotoxic at m m and m the forthcoming target of this study is to evaluate further the effect of peptide in an in vivo mice model"
38215445,"Correlation of the transorbital ultrasonographic optic nerve sheath diameter with intracranial pressure measured intraoperatively in infants with hydrocephalus.","Hydrocephalus is a highly significant global public health concern. In infants, it may be associated with a potentially deleterious increase in intracranial pressure (ICP). Currently, the gold standard for accurate monitoring of ICP is an intraventricular ICP monitor, but this method is invasive and expensive. Transorbital ultrasound measurement of the optic nerve sheath diameter (ONSD) may provide a noninvasive and cost-effective alternative method for monitoring ICP. The goal of the study was to determine the extent of the correlation between ultrasonographic ONSD and ICP in infants. A prospective observational study of 47 children with hydrocephalus aged ≤ 18 months was performed. The ONSD was measured with a transorbital ultrasound scan, while the intraventricular CSF opening pressure was assessed using a manometer during ventriculoperitoneal shunt insertion. Data were analyzed using SPSS software. The ONSD and ICP measurements were correlated, the receiver operating characteristic (ROC) curve was evaluated, and a sensitivity analysis was performed. Inferences were made using the 0.05 alpha level of significance. The mean age of the study cohort was 4.8 ± 4.3 months, and 93.6% of patients were infants. The mean ONSD was 4.5 ± 0.7 mm (range 2.9-6.0 mm), and the mean ICP was 19.9 ± 6.5 mm Hg (range 5.2-32.4 mm Hg). Both ONSD and ICP increased with increasing age. The Pearson correlation coefficient revealed a strong positive correlation between ONSD and ICP (r = 0.77, p < 0.001). The ONSD cutoff points were 3.2 mm, 4.0 mm, and 4.6 mm for patients with ICPs of 10 mm Hg, 15 mm Hg, and ≥ 20 mm Hg, respectively. The sensitivity of ONSD was 97.7% (area under the ROC curve 0.99), and for every 14.3-mm Hg increase in ICP, the ONSD increased by 1.0 mm holding age constant. ONSD has a strong positive correlation with ICP. Correspondingly, ONSD is highly sensitive in estimating ICP.",306,"Journal of neurosurgery. Pediatrics",2024,"Nigeria","Child; Infant; Humans; Infant, Newborn; Intracranial Hypertension; Intracranial Pressure; Optic Nerve; Hydrocephalus; ROC Curve; Ultrasonography","Intracranial Hypertension","Cardiovascular","hydrocephalus is a highly significant global public health concern in infants it may be associated with a potentially deleterious increase in intracranial pressure icp currently the gold standard for accurate monitoring of icp is an intraventricular icp monitor but this method is invasive and expensive transorbital ultrasound measurement of the optic nerve sheath diameter onsd may provide a noninvasive and cost effective alternative method for monitoring icp the goal of the study was to determine the extent of the correlation between ultrasonographic onsd and icp in infants a prospective observational study of children with hydrocephalus aged months was performed the onsd was measured with a transorbital ultrasound scan while the intraventricular csf opening pressure was assessed using a manometer during ventriculoperitoneal shunt insertion data were analyzed using spss software the onsd and icp measurements were correlated the receiver operating characteristic roc curve was evaluated and a sensitivity analysis was performed inferences were made using the alpha level of significance the mean age of the study cohort was months and of patients were infants the mean onsd was mm range mm and the mean icp was mm hg range mm hg both onsd and icp increased with increasing age the pearson correlation coefficient revealed a strong positive correlation between onsd and icp r p the onsd cutoff points were mm mm and mm for patients with icps of mm hg mm hg and mm hg respectively the sensitivity of onsd was area under the roc curve and for every mm hg increase in icp the onsd increased by mm holding age constant onsd has a strong positive correlation with icp correspondingly onsd is highly sensitive in estimating icp"
38043265,"Targeting CENP-E augments immunotherapy in non-small cell lung cancer via stabilizing PD-L1.","Centromere-associated protein E (CENP-E) plays a critical role in mitosis and chromosome misalignment, which may represent a potential therapeutic target in tumors. CENP-E is frequently overexpressed in lung cancer and act as a driver gene. However, it remains unclear whether CENP-E regulates the immune microenvironment in non-small cell lung cancer (NSCLC). Our study revealed that CENP-E is highly expressed and predicts a worse survival in NSCLC patients; inhibition of CENP-E leads to an upregulation of PD-L1 expression, consequently impacting the immune microenvironment of NSCLC by modulating the balance between CD8+ T cells and regulatory T cells (Tregs). Mechanistically, we demonstrated that downregulation of CENP-E could stabilize PD-L1 mRNA through the targeting of its 3'UTR by TTP. The genetic knockdown or pharmacological inhibition of CENP-E, in combination with PD-L1 antibody, could enhance the antitumor effect in NSCLC. Thus, our findings have revealed a role of CENP-E in immunotherapy and suggest that combination of CENP-E inhibitor with PD-L1 antibody could be an effective treatment option for NSCLC.",165,"International immunopharmacology",2024,"China","Humans; Carcinoma, Non-Small-Cell Lung; Lung Neoplasms; CD8-Positive T-Lymphocytes; B7-H1 Antigen; Immunotherapy; Tumor Microenvironment","Carcinoma, Non-Small-Cell Lung","Cancer","centromere associated protein e cenp e plays a critical role in mitosis and chromosome misalignment which may represent a potential therapeutic target in tumors cenp e is frequently overexpressed in lung cancer and act as a driver gene however it remains unclear whether cenp e regulates the immune microenvironment in non small cell lung cancer nsclc our study revealed that cenp e is highly expressed and predicts a worse survival in nsclc patients inhibition of cenp e leads to an upregulation of pd l expression consequently impacting the immune microenvironment of nsclc by modulating the balance between cd t cells and regulatory t cells tregs mechanistically we demonstrated that downregulation of cenp e could stabilize pd l mrna through the targeting of its utr by ttp the genetic knockdown or pharmacological inhibition of cenp e in combination with pd l antibody could enhance the antitumor effect in nsclc thus our findings have revealed a role of cenp e in immunotherapy and suggest that combination of cenp e inhibitor with pd l antibody could be an effective treatment option for nsclc"
38258297,"Mechanistic Target of Rapamycin Kinase is a Common Convergent Pathway to Renal Neoplasia: A Contemporary Review.","Mechanistic target of rapamycin kinase (mTOR) is a member of the phosphatidylinositol-3-hydroxide kinase (PI3 K)-related protein kinase family that functions as a central regulator of cell growth, metabolism, proliferation, and survival. The role of the TSC-mTOR signaling pathway in kidney tumors has been implicated in some hamartoma syndromes; however, with the advent and wide utilization of molecular studies, a growing number of kidney tumors have been linked to somatic or germline mutations involving genes that encode for this pathway, including eosinophilic solid and cystic renal cell carcinoma, low-grade oncocytic tumor, eosinophilic vacuolated tumor, renal cell carcinoma with fibromyomatous stroma and angiomyolipoma, among others. Herein, we review the contemporary developments of mTOR pathway-related renal neoplasia, focusing on the clinicopathologic features of the tumor entities.",123,"International journal of surgical pathology",2024,"KSA","Humans; Kidney Neoplasms; TOR Serine-Threonine Kinases; Signal Transduction; Carcinoma, Renal Cell","Kidney Neoplasms","Cancer","mechanistic target of rapamycin kinase mtor is a member of the phosphatidylinositol hydroxide kinase pi k related protein kinase family that functions as a central regulator of cell growth metabolism proliferation and survival the role of the tsc mtor signaling pathway in kidney tumors has been implicated in some hamartoma syndromes however with the advent and wide utilization of molecular studies a growing number of kidney tumors have been linked to somatic or germline mutations involving genes that encode for this pathway including eosinophilic solid and cystic renal cell carcinoma low grade oncocytic tumor eosinophilic vacuolated tumor renal cell carcinoma with fibromyomatous stroma and angiomyolipoma among others herein we review the contemporary developments of mtor pathway related renal neoplasia focusing on the clinicopathologic features of the tumor entities"
38232927,"Beyond the silence: A comprehensive exploration of long non-coding RNAs as genetic whispers and their essential regulatory functions in cardiovascular disorders.","Long non-coding RNAs (lncRNAs) are RNA molecules that regulate gene expression at several levels, including transcriptional, post-transcriptional, and translational. They have a length of more than 200 nucleotides and cannot code. Many human diseases have been linked to aberrant lncRNA expression, highlighting the need for a better knowledge of disease etiology to drive improvements in diagnostic, prognostic, and therapeutic methods. Cardiovascular diseases (CVDs) are one of the leading causes of death worldwide. LncRNAs play an essential role in the complex process of heart formation, and their abnormalities have been associated with several CVDs. This Review article looks at the roles and relationships of long non-coding RNAs (lncRNAs) in a wide range of CVDs, such as heart failure, myocardial infarction, atherosclerosis, and cardiac hypertrophy. In addition, the review delves into the possible uses of lncRNAs in diagnostics, prognosis, and clinical treatments of cardiovascular diseases. Additionally, it considers the field's future prospects while examining how lncRNAs might be altered and its clinical applications.",161,"Current problems in cardiology",2024,"China Electronic address: jutui598516462@163com","Humans; Cardiovascular Diseases; RNA, Long Noncoding; Myocardial Infarction; Prognosis; Heart Failure","Cardiovascular Diseases","Cardiovascular","long non coding rnas lncrnas are rna molecules that regulate gene expression at several levels including transcriptional post transcriptional and translational they have a length of more than nucleotides and cannot code many human diseases have been linked to aberrant lncrna expression highlighting the need for a better knowledge of disease etiology to drive improvements in diagnostic prognostic and therapeutic methods cardiovascular diseases cvds are one of the leading causes of death worldwide lncrnas play an essential role in the complex process of heart formation and their abnormalities have been associated with several cvds this review article looks at the roles and relationships of long non coding rnas lncrnas in a wide range of cvds such as heart failure myocardial infarction atherosclerosis and cardiac hypertrophy in addition the review delves into the possible uses of lncrnas in diagnostics prognosis and clinical treatments of cardiovascular diseases additionally it considers the field s future prospects while examining how lncrnas might be altered and its clinical applications"
38445925,"Endoscopic treatments for rectal neuroendocrine tumors: a systematic review and network meta-analysis.","Conventional endoscopic mucosal resection (cEMR), EMR with a transparent cap, EMR using a ligation device (EMR-L), EMR after circumferential precutting (EMR-P), and endoscopic submucosal dissection (ESD) have been used for resecting rectal neuroendocrine tumors (r-NETs). However, there is no consensus regarding which is the best treatment. This study aimed to compare the outcomes of the aforementioned 5 techniques for resecting r-NETs by network meta-analysis. Electronic databases (PubMed, Cochrane Library, Embase, Ovid Medline, and Web of Science) were systematically searched to include relevant studies published from inception to September 1, 2023. The en bloc resection rate, histologic complete resection rate, positive lateral margin rate, positive vertical margin rate, adverse events rate, and procedure time were compared. A total of 27 studies with a total of 2112 r-NETs were included, and the mean diameter of tumors was 6.24 mm. Pairwise meta-analysis showed that EMR-L and ESD had higher en bloc resection and histologic complete resection rates and lower positive vertical margin rate than those of cEMR in resecting r-NETs. Compared with ESD, EMR-L and EMR-P achieved similar resection rates and significantly shortened the procedure time without increasing adverse events. The network meta-analysis evaluated the surface under the cumulative ranking curves and revealed that EMR-L was the best modality for treating r-NETs considering the comprehensive results of the en bloc resection rate, histologic complete resection rate, positive lateral margin rate, positive vertical margin rate, adverse events rate, and procedure time. EMR-L should be recommended as the first-line endoscopic treatment for small r-NETs.",249,"Journal of gastrointestinal surgery : official journal of the Society for Surgery of the Alimentary Tract",2024,"China","Humans; Neuroendocrine Tumors; Endoscopy; Rectal Neoplasms; Databases, Factual; Margins of Excision","Neuroendocrine Tumors","Cancer","conventional endoscopic mucosal resection cemr emr with a transparent cap emr using a ligation device emr l emr after circumferential precutting emr p and endoscopic submucosal dissection esd have been used for resecting rectal neuroendocrine tumors r nets however there is no consensus regarding which is the best treatment this study aimed to compare the outcomes of the aforementioned techniques for resecting r nets by network meta analysis electronic databases pubmed cochrane library embase ovid medline and web of science were systematically searched to include relevant studies published from inception to september the en bloc resection rate histologic complete resection rate positive lateral margin rate positive vertical margin rate adverse events rate and procedure time were compared a total of studies with a total of r nets were included and the mean diameter of tumors was mm pairwise meta analysis showed that emr l and esd had higher en bloc resection and histologic complete resection rates and lower positive vertical margin rate than those of cemr in resecting r nets compared with esd emr l and emr p achieved similar resection rates and significantly shortened the procedure time without increasing adverse events the network meta analysis evaluated the surface under the cumulative ranking curves and revealed that emr l was the best modality for treating r nets considering the comprehensive results of the en bloc resection rate histologic complete resection rate positive lateral margin rate positive vertical margin rate adverse events rate and procedure time emr l should be recommended as the first line endoscopic treatment for small r nets"
38374888,"Identifying distinctive brain regions related to consumer choice behaviors on branded foods using activation likelihood estimation and machine learning.","Brand equity plays a crucial role in a brand's commercial success; however, research on the brain regions associated with brand equity has had mixed results. This study aimed to investigate key brain regions associated with the decision-making of branded and unbranded foods using quantitative neuroimaging meta-analysis and machine learning. Quantitative neuroimaging meta-analysis was performed using the activation likelihood method. Activation of the ventral medial prefrontal cortex (VMPFC) overlapped between branded and unbranded foods. The lingual and parahippocampal gyri (PHG) were activated in the case of branded foods, whereas no brain regions were characteristically activated in response to unbranded foods. We proposed a novel predictive method based on the reported foci data, referencing the multi-voxel pattern analysis (MVPA) results. This approach is referred to as the multi-coordinate pattern analysis (MCPA). We conducted the MCPA, adopting the sparse partial least squares discriminant analysis (sPLS-DA) to detect unique brain regions associated with branded and unbranded foods based on coordinate data. The sPLS-DA is an extended PLS method that enables the processing of categorical data as outcome variables. We found that the lingual gyrus is a distinct brain region in branded foods. Thus, the VMPFC might be a core brain region in food categories in consumer behavior, regardless of whether they are branded foods. Moreover, the connection between the PHG and lingual gyrus might be a unique neural mechanism in branded foods. As this mechanism engages in imaging the feature-self based on emotionally subjective contextual associative memories, brand managers should create future-oriented relevancies between brands and consumers to build valuable brands.",257,"Frontiers in computational neuroscience",2024,"Japan","","","Neurological","brand equity plays a crucial role in a brand s commercial success however research on the brain regions associated with brand equity has had mixed results this study aimed to investigate key brain regions associated with the decision making of branded and unbranded foods using quantitative neuroimaging meta analysis and machine learning quantitative neuroimaging meta analysis was performed using the activation likelihood method activation of the ventral medial prefrontal cortex vmpfc overlapped between branded and unbranded foods the lingual and parahippocampal gyri phg were activated in the case of branded foods whereas no brain regions were characteristically activated in response to unbranded foods we proposed a novel predictive method based on the reported foci data referencing the multi voxel pattern analysis mvpa results this approach is referred to as the multi coordinate pattern analysis mcpa we conducted the mcpa adopting the sparse partial least squares discriminant analysis spls da to detect unique brain regions associated with branded and unbranded foods based on coordinate data the spls da is an extended pls method that enables the processing of categorical data as outcome variables we found that the lingual gyrus is a distinct brain region in branded foods thus the vmpfc might be a core brain region in food categories in consumer behavior regardless of whether they are branded foods moreover the connection between the phg and lingual gyrus might be a unique neural mechanism in branded foods as this mechanism engages in imaging the feature self based on emotionally subjective contextual associative memories brand managers should create future oriented relevancies between brands and consumers to build valuable brands"
38172798,"Effects of preoperative surgeon warm-up in video-assisted thoracoscopic surgery lobectomy.","In various surgical specialties, preoperative surgical warm-up has been demonstrated to affect a surgeon's performance and the perioperative outcomes for patients. However, the influence of warm-up activities on video-assisted thoracoscopic surgery lobectomy (VATSL) remains largely unexplored. This study aims to investigate the potential effects of preoperative surgical warm-up on VATSL. A cohort of 364 patients diagnosed with lung cancer through pathology and undergoing VATSL at the Thoracic Surgery Department of Xuzhou Medical University from January 2018 to September 2022 were included. Patients were categorized into two groups: the warm-up group, comprising 172 patients undergoing their first VATSL of the day, and the warm-up effect group, consisting of 192 patients undergoing their second VATSL on the same day. Propensity score matching was employed to compare operation times and postoperative complications between the two groups, resulting in 159 matched cases in each group. There were no statistically significant differences in operation time (154.5 ± 54.9 vs. 147.2 ± 54.4 min, p = 0.239) and postoperative complications (including pulmonary infection, atelectasis, long-term pulmonary air leakage requiring incision suture in the operating room, and postoperative pleural effusion) (14:22 cases, p = 0.157) between the warm-up and warm-up effect groups. The findings suggest that preoperative surgical warm-up does not significantly affect the perioperative outcomes of VATSL.",211,"BMC surgery",2024,"China","Humans; Carcinoma, Non-Small-Cell Lung; Thoracic Surgery, Video-Assisted; Pneumonectomy; Lung Neoplasms; Surgeons; Postoperative Complications; Retrospective Studies","Carcinoma, Non-Small-Cell Lung","Cancer","in various surgical specialties preoperative surgical warm up has been demonstrated to affect a surgeon s performance and the perioperative outcomes for patients however the influence of warm up activities on video assisted thoracoscopic surgery lobectomy vatsl remains largely unexplored this study aims to investigate the potential effects of preoperative surgical warm up on vatsl a cohort of patients diagnosed with lung cancer through pathology and undergoing vatsl at the thoracic surgery department of xuzhou medical university from january to september were included patients were categorized into two groups the warm up group comprising patients undergoing their first vatsl of the day and the warm up effect group consisting of patients undergoing their second vatsl on the same day propensity score matching was employed to compare operation times and postoperative complications between the two groups resulting in matched cases in each group there were no statistically significant differences in operation time vs min p and postoperative complications including pulmonary infection atelectasis long term pulmonary air leakage requiring incision suture in the operating room and postoperative pleural effusion cases p between the warm up and warm up effect groups the findings suggest that preoperative surgical warm up does not significantly affect the perioperative outcomes of vatsl"
41694681,"The effect of atorvastatin combined with azithromycin on lung function and right heart function in COPD patients with concomitant pulmonary hypertension.","Chronic obstructive pulmonary disease (COPD) often coexists with pulmonary hypertension (PH), leading to exacerbated morbidity and mortality. Conventional treatments focus on bronchodilation, anti-inflammatory agents, and vasodilators, emphasizing the need for novel interventions. Atorvastatin and azithromycin have pleiotropic properties that may benefit COPD with concomitant PH. However, the combined impact of these medications on lung and right heart function in this patient population remains underexplored. A retrospective cohort study involving 229 stable COPD patients with concomitant PH assessed the effects of atorvastatin combined with azithromycin. Patients were divided into atorvastatin monotherapy and atorvastatin plus azithromycin combination therapy groups and underwent a 6-month treatment period. Blood testing, pulmonary function testing, and echocardiographic assessment of right heart function were conducted before and after treatment. The combination therapy group exhibited significant improvements in blood gas indicators (mean PaO2 increase: 1.22 kPa, 95% CI: 0.82-1.62 kPa, p < 0.001), lung function (mean FEV1 increase: 0.18 L, 95% CI: 0.08-0.28 L, p < 0.001), right heart function (mean PAPs reduction: 8.0 mmHg, 95% CI: 7.0-9.0 mmHg, p < 0.001), respiratory distress, and daily living ability compared to the monotherapy group. Positive correlations were observed between improvements in pulmonary function and daily living ability. The combination therapy resulted in a significantly higher total effective rate (84.48% vs. 72.73%, p = 0.042) compared to the monotherapy group. This retrospective study suggests potential associations between combination therapy with atorvastatin and azithromycin and improvements in functional outcomes in COPD patients with concomitant PH. These findings warrant prospective validation in randomized controlled trials.",252,"Frontiers in medicine",2025,"China","","","Cardiovascular","chronic obstructive pulmonary disease copd often coexists with pulmonary hypertension ph leading to exacerbated morbidity and mortality conventional treatments focus on bronchodilation anti inflammatory agents and vasodilators emphasizing the need for novel interventions atorvastatin and azithromycin have pleiotropic properties that may benefit copd with concomitant ph however the combined impact of these medications on lung and right heart function in this patient population remains underexplored a retrospective cohort study involving stable copd patients with concomitant ph assessed the effects of atorvastatin combined with azithromycin patients were divided into atorvastatin monotherapy and atorvastatin plus azithromycin combination therapy groups and underwent a month treatment period blood testing pulmonary function testing and echocardiographic assessment of right heart function were conducted before and after treatment the combination therapy group exhibited significant improvements in blood gas indicators mean pao increase kpa ci kpa p lung function mean fev increase l ci l p right heart function mean paps reduction mmhg ci mmhg p respiratory distress and daily living ability compared to the monotherapy group positive correlations were observed between improvements in pulmonary function and daily living ability the combination therapy resulted in a significantly higher total effective rate vs p compared to the monotherapy group this retrospective study suggests potential associations between combination therapy with atorvastatin and azithromycin and improvements in functional outcomes in copd patients with concomitant ph these findings warrant prospective validation in randomized controlled trials"
38348133,"A systematic review and coordinate-based meta-analysis of fMRI studies on acupuncture at LR 3.","The acupoint LR3 (Taichong) is frequently utilized in clinical acupuncture. However, its underlying neural mechanisms remain not fully elucidated, with speculations suggesting its close association with specific brain activity patterns. A comprehensive literature search was undertaken across several online databases, such as PubMed, Web of Science, Embase, Cochrane Library, CNKI (China National Knowledge Infrastructure), Wanfang Database, VIP Database, and the Chinese Biomedical Database. Two independent researchers handled the study selection, quality assessment, and data extraction processes. Using the seed-based d-mapping meta-analysis approach, we evaluated the brain regions activated by LR3 acupuncture in healthy subjects. Subsequent subgroup analysis was stratified by fMRI types, and regression analyses were performed considering the duration of acupuncture, depth of needle insertion, and needle diameter. The identified active brain regions were then intricately projected onto large-scale functional networks. A total of 10 studies met the criteria for inclusion, encompassing 319 healthy right-handed participants. The meta-analysis indicates that acupuncture at the LR3 activates regions such as the right postcentral gyrus, left thalamus, left middle frontal gyrus, and right superior frontal gyrus. Additionally, meta-regression analysis highlights that increased acupuncture duration correlates with progressively intensified activation of the right superior frontal gyrus. Subgroup analysis posits that variations in the type of fMRI employed might account for heterogeneity in the pooled results. Concurrently, functional network analysis identifies the primary activated regions as aligning with the Basal ganglia network, Auditory network, Left executive control network, Posterior salience network, Right executive control network, and Sensorimotor networks. Acupuncture at the LR3 in healthy subjects selectively activates brain regions linked to pain perception, emotional processing, and linguistic functions. Extending the needle retention duration intensifies the activation of the right superior frontal gyrus. These findings enrich our comprehension of the neurobiological underpinnings of acupuncture's role in pain mitigation and emotional regulation.",296,"Frontiers in neuroscience",2024,"China","","","Neurological","the acupoint lr taichong is frequently utilized in clinical acupuncture however its underlying neural mechanisms remain not fully elucidated with speculations suggesting its close association with specific brain activity patterns a comprehensive literature search was undertaken across several online databases such as pubmed web of science embase cochrane library cnki china national knowledge infrastructure wanfang database vip database and the chinese biomedical database two independent researchers handled the study selection quality assessment and data extraction processes using the seed based d mapping meta analysis approach we evaluated the brain regions activated by lr acupuncture in healthy subjects subsequent subgroup analysis was stratified by fmri types and regression analyses were performed considering the duration of acupuncture depth of needle insertion and needle diameter the identified active brain regions were then intricately projected onto large scale functional networks a total of studies met the criteria for inclusion encompassing healthy right handed participants the meta analysis indicates that acupuncture at the lr activates regions such as the right postcentral gyrus left thalamus left middle frontal gyrus and right superior frontal gyrus additionally meta regression analysis highlights that increased acupuncture duration correlates with progressively intensified activation of the right superior frontal gyrus subgroup analysis posits that variations in the type of fmri employed might account for heterogeneity in the pooled results concurrently functional network analysis identifies the primary activated regions as aligning with the basal ganglia network auditory network left executive control network posterior salience network right executive control network and sensorimotor networks acupuncture at the lr in healthy subjects selectively activates brain regions linked to pain perception emotional processing and linguistic functions extending the needle retention duration intensifies the activation of the right superior frontal gyrus these findings enrich our comprehension of the neurobiological underpinnings of acupuncture s role in pain mitigation and emotional regulation"
39925650,"A study to determine a capillary alternative to the gold standard oral glucose tolerance test -  Protocol.","Type 1 diabetes (T1D) is a chronic condition caused by the immune destruction of the pancreatic beta cells. T1D has recognised asymptomatic pre-clinical stages, providing an opportunity for early diagnosis, education and treatment which may delay the onset of symptoms. The oral glucose tolerance test (OGTT) is the gold standard method to stage and monitor early-stage T1D, which can be poorly tolerated and may contribute to marked loss to follow-up. Our study aims to test the accuracy, feasibility, and acceptability of a capillary alternative ('GTT@home' test kit) to the gold standard OGTT. We will invite 45 children and young people (CYP) across the spectrum of glycaemia with or without diabetes, from established research platforms or clinical care, to have a standard 2-hour OGTT, with capillary samples collected alongside their venous samples, at 0 and 120 minutes. A subgroup (n=20) will also have 60-minute capillary and venous samples collected. We will also invite 45 CYP from established research platforms, who are known to have two or more islet autoantibodies and are not on insulin, to undergo a capillary OGTT at home, using the GTT@home kit. We will assess the agreement of capillary and venous glucose and measure diagnostic accuracy by calculating the sensitivity and specificity of capillary measures at established diagnostic thresholds (fasting [5.6 mmol/L, 7.0 mmol/L], 60 minutes post glucose load [11.1 mmol/L] and 120 minutes post glucose load [7.8 mmol/L and 11.1 mmol/L]), using venous glucose as the gold standard. These studies will inform our understanding of whether the GTT@home device can be used in CYP in routine clinical care.",261,"Wellcome open research",2024,"UK","","","Diabetes","type diabetes t d is a chronic condition caused by the immune destruction of the pancreatic beta cells t d has recognised asymptomatic pre clinical stages providing an opportunity for early diagnosis education and treatment which may delay the onset of symptoms the oral glucose tolerance test ogtt is the gold standard method to stage and monitor early stage t d which can be poorly tolerated and may contribute to marked loss to follow up our study aims to test the accuracy feasibility and acceptability of a capillary alternative gtt home test kit to the gold standard ogtt we will invite children and young people cyp across the spectrum of glycaemia with or without diabetes from established research platforms or clinical care to have a standard hour ogtt with capillary samples collected alongside their venous samples at and minutes a subgroup n will also have minute capillary and venous samples collected we will also invite cyp from established research platforms who are known to have two or more islet autoantibodies and are not on insulin to undergo a capillary ogtt at home using the gtt home kit we will assess the agreement of capillary and venous glucose and measure diagnostic accuracy by calculating the sensitivity and specificity of capillary measures at established diagnostic thresholds fasting mmol l mmol l minutes post glucose load mmol l and minutes post glucose load mmol l and mmol l using venous glucose as the gold standard these studies will inform our understanding of whether the gtt home device can be used in cyp in routine clinical care"
39411376,"A Case Report on Pneumocephalus That Occurred Following an Epidural Ozone Injection During Percutaneous Lumbar Disc Decompression Surgery.","Spinal decompression is a common procedure in spinal, neurosurgery, and orthopedic surgery. While there are a number of known complications associated with it, pneumocephalus (air in the brain) is generally not a recognized complication postoperatively. However, in rare cases, it can occur as a result of spinal decompression surgery. We describe a case of a 54-year-old female patient who developed pneumocephalus following percutaneous lumbar disc decompression surgery of the lumbar spine. The patient presented to the emergency department 3 hours after discharge with severe restlessness, cognitive impairment, nausea, vomiting, and lack of balance. During symptomatic treatment in the emergency department and 1 hour after taking oxygen, the patient's vital signs improved. Before discharge, a computed tomography (CT) scan was taken again, which showed the disappearance of radiological symptoms. The patient was discharged 12 hours after hospitalization with suitable clinical conditions. Obtaining urgent imaging tests (magnetic resonance imaging [MRI] or CT) at the cranial and spinal levels, along with an electroencephalogram, allows us to diagnose the problem and determine the appropriate course of treatment, whether pharmacological or surgical.",177,"Anesthesiology and pain medicine",2024,"Iran","","","Neurological","spinal decompression is a common procedure in spinal neurosurgery and orthopedic surgery while there are a number of known complications associated with it pneumocephalus air in the brain is generally not a recognized complication postoperatively however in rare cases it can occur as a result of spinal decompression surgery we describe a case of a year old female patient who developed pneumocephalus following percutaneous lumbar disc decompression surgery of the lumbar spine the patient presented to the emergency department hours after discharge with severe restlessness cognitive impairment nausea vomiting and lack of balance during symptomatic treatment in the emergency department and hour after taking oxygen the patient s vital signs improved before discharge a computed tomography ct scan was taken again which showed the disappearance of radiological symptoms the patient was discharged hours after hospitalization with suitable clinical conditions obtaining urgent imaging tests magnetic resonance imaging mri or ct at the cranial and spinal levels along with an electroencephalogram allows us to diagnose the problem and determine the appropriate course of treatment whether pharmacological or surgical"
38454694,"A personalized multitasking framework for real-time prediction of blood glucose levels in type 1 diabetes patients.","Real-time prediction of blood glucose levels (BGLs) in individuals with type 1 diabetes (T1D) presents considerable challenges. Accordingly, we present a personalized multitasking framework aimed to forecast blood glucose levels in patients. The patient data was initially categorized according to gender and age and subsequently utilized as input for a modified GRU network model, creating five prediction sub-models. The model hyperparameters were optimized and tuned after introducing the decay factor and incorporating the TCN network and attention mechanism into the GRU model. This step was undertaken to improve the capability of feature extraction. The Ohio T1DM clinical dataset was used to train and evaluate the performance of the proposed model. The metrics, including Root Mean Square Error (RMSE), Mean Absolute Error (MAE) and Clark Error Grid Analysis (EGA), were used to evaluate the performance. The results showed that the average RMSE and the MAE of the proposed model were 16.896 and 9.978 mg/dL, respectively, over the prediction horizon (PH) of 30 minutes. The average RMSE and the MAE were 28.881 and 19.347 mg/dL, respectively, over the PH of 60 min. The proposed model demonstrated excellent prediction accuracy. In addition, the EGA analysis showed that the proposed model accurately predicted 30-minute and 60-minute PH within zones A and B, demonstrating that the framework is clinically feasible. The proposed personalized multitask prediction model in this study offers robust assistance for clinical decision-making, playing a pivotal role in improving the outcomes of individuals with diabetes.",242,"Mathematical biosciences and engineering : MBE",2024,"China","Humans; Diabetes Mellitus, Type 1; Blood Glucose; Blood Glucose Self-Monitoring; Forecasting","Diabetes Mellitus, Type 1","Diabetes","real time prediction of blood glucose levels bgls in individuals with type diabetes t d presents considerable challenges accordingly we present a personalized multitasking framework aimed to forecast blood glucose levels in patients the patient data was initially categorized according to gender and age and subsequently utilized as input for a modified gru network model creating five prediction sub models the model hyperparameters were optimized and tuned after introducing the decay factor and incorporating the tcn network and attention mechanism into the gru model this step was undertaken to improve the capability of feature extraction the ohio t dm clinical dataset was used to train and evaluate the performance of the proposed model the metrics including root mean square error rmse mean absolute error mae and clark error grid analysis ega were used to evaluate the performance the results showed that the average rmse and the mae of the proposed model were and mg dl respectively over the prediction horizon ph of minutes the average rmse and the mae were and mg dl respectively over the ph of min the proposed model demonstrated excellent prediction accuracy in addition the ega analysis showed that the proposed model accurately predicted minute and minute ph within zones a and b demonstrating that the framework is clinically feasible the proposed personalized multitask prediction model in this study offers robust assistance for clinical decision making playing a pivotal role in improving the outcomes of individuals with diabetes"
38191673,"Tissue factor overexpression promotes resistance to KRAS-G12C inhibition in non-small cell lung cancer.","The recently approved KRASG12C mutation-specific inhibitors sotorasib and adagrasib (KRASG12C-I) represent a promising therapy for KRASG12C-driven non-small cell lung cancer (NSCLC). However, many eligible patients do not benefit due to intrinsic or acquired drug resistance. Tissue factor (TF) is overexpressed in KRAS-mutated (KRASmut) NSCLC and is the target of the FDA-approved ADC Tivdak. Here, we employed HuSC1-39, the parent antibody of a clinical stage TF-ADC (NCT04843709), to investigate the role of TF in KRASmut NSCLC. We found that patients with TF-overexpression had poor survival, elevated P-ERK/P-AKT activity levels and low immune effector cell infiltration in the tumor. In a panel of KRASG12C cell lines, KRASG12C-I response correlated with suppression of TF mRNA, which was not observed in resistant cells. In the drug resistant cells, TF-overexpression relied on an mTORC2-mediated and proteasome-dependent pathway. Combination treatment of HuSC1-39 or mTORC1/2 inhibitor MTI-31 with KRASG12C-I each produced synergistic antitumor efficacy in cell culture and in an orthotopic lung tumor model. TF-depletion in the resistant cells diminished epithelial mesenchymal transition, reduced tumor growth and greatly sensitized KRASG12C-I response. Moreover, employing immunohistochemistry and coculture studies, we demonstrated that HuSC1-39 or MTI-31 reset the tumor microenvironment and restore KRASG12C-I sensitivity by reshaping an M1-like macrophage profile with greatly enhanced phagocytic capacity toward tumor cell killing. Thus, we have identified the TF/mTORC2 axis as a critical new mechanism for triggering immunosuppression and KRASG12C-I resistance. We propose that targeting this axis with HuSC1-39 or MTI-31 will improve KRASG12C-I response in KRAS-driven NSCLC.",244,"Oncogene",2024,"China","Humans; Proto-Oncogene Proteins p21(ras); Carcinoma, Non-Small-Cell Lung; Thromboplastin; Lung Neoplasms; Mechanistic Target of Rapamycin Complex 2; Mutation; Tumor Microenvironment","Carcinoma, Non-Small-Cell Lung","Cancer","the recently approved krasg c mutation specific inhibitors sotorasib and adagrasib krasg c i represent a promising therapy for krasg c driven non small cell lung cancer nsclc however many eligible patients do not benefit due to intrinsic or acquired drug resistance tissue factor tf is overexpressed in kras mutated krasmut nsclc and is the target of the fda approved adc tivdak here we employed husc the parent antibody of a clinical stage tf adc nct to investigate the role of tf in krasmut nsclc we found that patients with tf overexpression had poor survival elevated p erk p akt activity levels and low immune effector cell infiltration in the tumor in a panel of krasg c cell lines krasg c i response correlated with suppression of tf mrna which was not observed in resistant cells in the drug resistant cells tf overexpression relied on an mtorc mediated and proteasome dependent pathway combination treatment of husc or mtorc inhibitor mti with krasg c i each produced synergistic antitumor efficacy in cell culture and in an orthotopic lung tumor model tf depletion in the resistant cells diminished epithelial mesenchymal transition reduced tumor growth and greatly sensitized krasg c i response moreover employing immunohistochemistry and coculture studies we demonstrated that husc or mti reset the tumor microenvironment and restore krasg c i sensitivity by reshaping an m like macrophage profile with greatly enhanced phagocytic capacity toward tumor cell killing thus we have identified the tf mtorc axis as a critical new mechanism for triggering immunosuppression and krasg c i resistance we propose that targeting this axis with husc or mti will improve krasg c i response in kras driven nsclc"
38238381,"Health-related physical fitness and blood pressure in people with intellectual disabilities in Korea.","Hypertension is one critical health issue causing cardiovascular diseases. There has been a common concern among health researchers that the prevalence of hypertension, known as high blood pressure, has been more frequently observed among people with intellectual disabilities, compared to the general population. Thus, this study aims to identify which health-related physical fitness and body composition factors are significantly related to both systolic and diastolic blood pressures among people with intellectual disabilities. The data from 2180 people with intellectual disability who conducted the physical fitness tests from 2019 to 2020 were used for this study. Four physical fitness tests (i.e., 3-min step, grip strength, sit-up, and sit and reach) and two body compositions (i.e., body mass index and body fat %) used as predictors, and two blood pressures (i.e., systolic blood pressure and diastolic blood pressure) were used as outcome variables. A regression analysis was performed to examine the proposed associations. The regression test revealed that 3-min step, body mass index, and body fat % were significantly associated with both systolic blood pressure and diastolic body pressure. This research contributes to our understanding of the roles of body compositions and aerobic endurance in preventing hypertension among people with intellectual disability.",200,"Scientific reports",2024,"Korea","Humans; Blood Pressure; Intellectual Disability; Physical Fitness; Body Mass Index; Hypertension; Republic of Korea","Intellectual Disability","Cardiovascular","hypertension is one critical health issue causing cardiovascular diseases there has been a common concern among health researchers that the prevalence of hypertension known as high blood pressure has been more frequently observed among people with intellectual disabilities compared to the general population thus this study aims to identify which health related physical fitness and body composition factors are significantly related to both systolic and diastolic blood pressures among people with intellectual disabilities the data from people with intellectual disability who conducted the physical fitness tests from to were used for this study four physical fitness tests i e min step grip strength sit up and sit and reach and two body compositions i e body mass index and body fat used as predictors and two blood pressures i e systolic blood pressure and diastolic blood pressure were used as outcome variables a regression analysis was performed to examine the proposed associations the regression test revealed that min step body mass index and body fat were significantly associated with both systolic blood pressure and diastolic body pressure this research contributes to our understanding of the roles of body compositions and aerobic endurance in preventing hypertension among people with intellectual disability"
38194817,"Luteoloside inhibits Aβ1-42 fibrillogenesis, disintegrates preformed fibrils, and alleviates amyloid-induced cytotoxicity.","Abnormal aggregation and fibrillogenesis of amyloid-β protein (Aβ) can cause Alzheimer's disease (AD). Thus, the discovery of effective drugs that inhibit Aβ fibrillogenesis in the brain is crucial for the treatment of AD. Luteoloside, as one of the polyphenolic compounds, is found to have a certain therapeutic effect on nervous system diseases. However, it remains unknown whether luteoloside is a potential drug for treating AD by modulating Aβ aggregation pathway. In this study, we performed diverse biophysical and biochemical methods to explore the inhibition of luteoloside on Aβ1-42 which is linked to AD. The results demonstrated that luteoloside efficiently prevented amyloid oligomerization and cross-β-sheet formation, reduced the rate of amyloid growth and the length of amyloid fibrils in a dose-dependent manner. Moreover, luteoloside was able to influence aggregation and conformation of Aβ1-42 during different fiber-forming phases, and it could disintegrate already preformed fibrils of Aβ1-42 and convert them into nontoxic aggregates. Furthermore, luteoloside protected cells from amyloid-induced cytotoxicity and hemolysis, and attenuated the level of reactive oxygen species (ROS). The molecular docking study showed that luteoloside interacted with Aβ1-42 mainly via Conventional Hydrogen Bond, Carbon Hydrogen Bond, Pi-Pi T-shaped, Pi-Alkyl and Pi-Anion, thereby possibly preventing it from forming the aggregates. These observations indicate that luteoloside, a natural anti-oxidant molecule, may be applicable as an effective inhibitor of Aβ, and promote further exploration of the therapeutic strategy against AD.",228,"Biophysical chemistry",2024,"China","Humans; Molecular Docking Simulation; Peptide Fragments; Amyloid; Amyloid beta-Peptides; Alzheimer Disease; Glucosides; Luteolin","Peptide Fragments","Neurological","abnormal aggregation and fibrillogenesis of amyloid protein a can cause alzheimer s disease ad thus the discovery of effective drugs that inhibit a fibrillogenesis in the brain is crucial for the treatment of ad luteoloside as one of the polyphenolic compounds is found to have a certain therapeutic effect on nervous system diseases however it remains unknown whether luteoloside is a potential drug for treating ad by modulating a aggregation pathway in this study we performed diverse biophysical and biochemical methods to explore the inhibition of luteoloside on a which is linked to ad the results demonstrated that luteoloside efficiently prevented amyloid oligomerization and cross sheet formation reduced the rate of amyloid growth and the length of amyloid fibrils in a dose dependent manner moreover luteoloside was able to influence aggregation and conformation of a during different fiber forming phases and it could disintegrate already preformed fibrils of a and convert them into nontoxic aggregates furthermore luteoloside protected cells from amyloid induced cytotoxicity and hemolysis and attenuated the level of reactive oxygen species ros the molecular docking study showed that luteoloside interacted with a mainly via conventional hydrogen bond carbon hydrogen bond pi pi t shaped pi alkyl and pi anion thereby possibly preventing it from forming the aggregates these observations indicate that luteoloside a natural anti oxidant molecule may be applicable as an effective inhibitor of a and promote further exploration of the therapeutic strategy against ad"
38301396,"Comparison of different criteria for estimating major pathological response in resectable non-small cell lung cancer treated with neoadjuvant chemoimmunotherapy.","Major pathological response (MPR) is proposed as a surrogate endpoint for survival in non-small cell lung cancer (NSCLC) after neoadjuvant chemoimmunotherapy. However, the criteria for estimating MPR differ between the recommendations of the International Association for the Study of Lung Cancer (IASLC) and the immune-related pathologic response criterion (irPRC). IASLC's criteria focus solely on evaluating the primary tumor, while irPRC's criteria encompass both the primary tumor and lymph node metastasis. Our objective is to compare the prognostic value of different criteria for estimating MPR. We conducted a retrospective study on a cohort of 235 patients with NSCLC after neoadjuvant chemoimmunotherapy. The survival endpoint was event-free survival (EFS). The MPR status of each patient was evaluated using both IASLC's criteria and irPRC's criteria. The prognostic value was compared using the Area Under Curve (AUC). The MPR rates were 63.4 % (149/235) and 57.4 % (135/235) according to IASLC's and irPRC's criteria, respectively. Inconsistent cases, characterized by MPR status according to IASLC's criteria but non-MPR status according to irPRC's criteria, constituted 6.0 % (14/235) of the overall cohort and 15.2 % (14/92) of patients with pretreatment N positive disease. Interestingly, all inconsistent patients showed no recurrence during the study period. Although both MPR statuses according to IASLC (p = 0.00039) and irPRC (p = 0.0094) were associated with improved EFS, IASLC's criteria (AUC = 0.65) were superior to irPRC's criteria (AUC = 0.62) with a higher AUC value. IASLC's criteria for estimating MPR were superior to irPRC's criteria in predicting EFS for NSCLC after neoadjuvant chemoimmunotherapy.",254,"Annals of diagnostic pathology",2024,"China","Humans; Carcinoma, Non-Small-Cell Lung; Lung Neoplasms; Neoadjuvant Therapy; Retrospective Studies; Immunotherapy","Carcinoma, Non-Small-Cell Lung","Cancer","major pathological response mpr is proposed as a surrogate endpoint for survival in non small cell lung cancer nsclc after neoadjuvant chemoimmunotherapy however the criteria for estimating mpr differ between the recommendations of the international association for the study of lung cancer iaslc and the immune related pathologic response criterion irprc iaslc s criteria focus solely on evaluating the primary tumor while irprc s criteria encompass both the primary tumor and lymph node metastasis our objective is to compare the prognostic value of different criteria for estimating mpr we conducted a retrospective study on a cohort of patients with nsclc after neoadjuvant chemoimmunotherapy the survival endpoint was event free survival efs the mpr status of each patient was evaluated using both iaslc s criteria and irprc s criteria the prognostic value was compared using the area under curve auc the mpr rates were and according to iaslc s and irprc s criteria respectively inconsistent cases characterized by mpr status according to iaslc s criteria but non mpr status according to irprc s criteria constituted of the overall cohort and of patients with pretreatment n positive disease interestingly all inconsistent patients showed no recurrence during the study period although both mpr statuses according to iaslc p and irprc p were associated with improved efs iaslc s criteria auc were superior to irprc s criteria auc with a higher auc value iaslc s criteria for estimating mpr were superior to irprc s criteria in predicting efs for nsclc after neoadjuvant chemoimmunotherapy"
40040673,"Quantile regression based method for characterizing risk-specific behavioral patterns in relation to longitudinal left-censored biomarker data collected from heterogeneous populations.","There are many studies aimed at promoting positive lifestyle behaviors to reduce lifetime risk of cancer and related diseases. However, assessing these modifiable behaviors through statistical modeling is challenging because of the multidimensionality of interrelated measurements that may dramatically differ between at-risk individuals. Taking into account this heterogeneity while considering the multidimensionality of behavior changes is fundamental to tailoring interventions to their needs. Biomarkers that identify high-risk individuals may help validate proximal measures, but the number of validated methods that link biomarkers to multiple behavioral measurements by determining their dynamic relations with disease risks is limited to just a few, since it requires an advanced statistical methodology to address challenges in analyzing biomarker data, including left-censoring due to limits of detection. To address these challenges, we propose a method that constructs a quantile-specific weighted index of multiple behavioral measurements. Under the quantile regression framework, the proposed method renders a multidimensional view of risk-specific behavioral patterns by connecting them with biomarker levels to provide better insights into heterogeneous behavioral profiles among at-risk populations. We evaluate performances of the proposed method through simulations, and illustrate its applications to the Tu Salud ¡Sí Cuenta! data by examining behavior changes among Mexican-American adults.",199,"Journal of applied statistics",2025,"USA","","","Cancer","there are many studies aimed at promoting positive lifestyle behaviors to reduce lifetime risk of cancer and related diseases however assessing these modifiable behaviors through statistical modeling is challenging because of the multidimensionality of interrelated measurements that may dramatically differ between at risk individuals taking into account this heterogeneity while considering the multidimensionality of behavior changes is fundamental to tailoring interventions to their needs biomarkers that identify high risk individuals may help validate proximal measures but the number of validated methods that link biomarkers to multiple behavioral measurements by determining their dynamic relations with disease risks is limited to just a few since it requires an advanced statistical methodology to address challenges in analyzing biomarker data including left censoring due to limits of detection to address these challenges we propose a method that constructs a quantile specific weighted index of multiple behavioral measurements under the quantile regression framework the proposed method renders a multidimensional view of risk specific behavioral patterns by connecting them with biomarker levels to provide better insights into heterogeneous behavioral profiles among at risk populations we evaluate performances of the proposed method through simulations and illustrate its applications to the tu salud s cuenta data by examining behavior changes among mexican american adults"
38166957,"A rare case of coronary artery complication in a child with systemic juvenile idiopathic arthritis and macrophage activation syndrome: case report and literature review.","A rare case of coronary artery involvement in a child with Systemic Juvenile Idiopathic Arthritis (sJIA) complicated by Macrophage Activation Syndrome (MAS) is reported. The patient initially received an inaccurate diagnosis of Kawasaki Disease, sepsis, and mycoplasma infection and showed no improvement after Intravenous Immune Globulin (IVIG) treatment. Upon admission, symptoms included diffuse red rash, swelling of the limbs, lymph node enlargement, and hepatosplenomegaly. Post investigations, a diagnosis of sJIA and MAS was confirmed, and treatment involved a combination of hormones (methylprednisolone) and immunosuppressive drugs (methotrexate). The revealed widened coronary artery diameter was managed with a disease-specific treatment plan and prophylactic plus low-dose aspirin anti-coagulation therapy. Under this management, MAS was well controlled, and follow-ups showed normalization of the child's coronary artery structure and function. This case and the associated literature review underscore the importance of early recognition, diagnosis, treatment, and long-term monitoring for children presenting with sJIA and MAS complicated by coronary artery involvement.",155,"Pediatric rheumatology online journal",2024,"China","Child; Humans; Arthritis, Juvenile; Macrophage Activation Syndrome; Coronary Vessels; Immunosuppressive Agents; Methotrexate","Arthritis, Juvenile","Cardiovascular","a rare case of coronary artery involvement in a child with systemic juvenile idiopathic arthritis sjia complicated by macrophage activation syndrome mas is reported the patient initially received an inaccurate diagnosis of kawasaki disease sepsis and mycoplasma infection and showed no improvement after intravenous immune globulin ivig treatment upon admission symptoms included diffuse red rash swelling of the limbs lymph node enlargement and hepatosplenomegaly post investigations a diagnosis of sjia and mas was confirmed and treatment involved a combination of hormones methylprednisolone and immunosuppressive drugs methotrexate the revealed widened coronary artery diameter was managed with a disease specific treatment plan and prophylactic plus low dose aspirin anti coagulation therapy under this management mas was well controlled and follow ups showed normalization of the child s coronary artery structure and function this case and the associated literature review underscore the importance of early recognition diagnosis treatment and long term monitoring for children presenting with sjia and mas complicated by coronary artery involvement"
37881152,"Metabolic connectivity as a predictor of surgical outcome in mesial temporal lobe epilepsy.","The study investigated metabolic connectivity (MC) differences between patients with unilateral drug-resistant mesial temporal lobe epilepsy (MTLE) with hippocampal sclerosis (HS) and healthy controls (HCs), based on [18 F]-fluorodeoxyglucose (FDG)-PET data. We focused on the MC changes dependent on the lateralization of the epileptogenic lobe and on correlations with postoperative outcomes. FDG-PET scans of 47 patients with unilateral MTLE with histopathologically proven HS and 25 HC were included in the study. All the patients underwent a standard anterior temporal lobectomy and were more than 2 years after the surgery. MC changes were compared between the two HS groups (left HS, right HS) and HC. Differences between the metabolic network of seizure-free and non-seizure-free patients after surgery were depicted afterward. Network changes were correlated with clinical characteristics. The study showed widespread metabolic network changes in the HS patients as compared to HC. The changes were more extensive in the right HS than in the left HS. Unfavorable surgical outcomes were found in patients with decreased MC within the network including both the lesional and contralesional hippocampus, ipsilesional frontal operculum, and contralesional insula. Favorable outcomes correlated with decreased MC within the network involving both orbitofrontal cortices and the ipsilesional temporal lobe. There are major differences in the metabolic networks of left and right HS, with more extensive changes in right HS. The changes within the metabolic network could help predict surgical outcomes in patients with HS. MC may identify patients with potentially unfavorable outcomes and direct them to a more detailed presurgical evaluation. Metabolic connectivity is a promising method for metabolic network mapping. Metabolic networks in mesial temporal lobe epilepsy are dependent on lateralization of the epileptogenic lobe and could predict surgical outcomes.",281,"Epilepsia open",2024,"Czech Republic","Humans; Epilepsy, Temporal Lobe; Fluorodeoxyglucose F18; Temporal Lobe; Hippocampus; Drug Resistant Epilepsy; Treatment Outcome","Epilepsy, Temporal Lobe","Diabetes","the study investigated metabolic connectivity mc differences between patients with unilateral drug resistant mesial temporal lobe epilepsy mtle with hippocampal sclerosis hs and healthy controls hcs based on f fluorodeoxyglucose fdg pet data we focused on the mc changes dependent on the lateralization of the epileptogenic lobe and on correlations with postoperative outcomes fdg pet scans of patients with unilateral mtle with histopathologically proven hs and hc were included in the study all the patients underwent a standard anterior temporal lobectomy and were more than years after the surgery mc changes were compared between the two hs groups left hs right hs and hc differences between the metabolic network of seizure free and non seizure free patients after surgery were depicted afterward network changes were correlated with clinical characteristics the study showed widespread metabolic network changes in the hs patients as compared to hc the changes were more extensive in the right hs than in the left hs unfavorable surgical outcomes were found in patients with decreased mc within the network including both the lesional and contralesional hippocampus ipsilesional frontal operculum and contralesional insula favorable outcomes correlated with decreased mc within the network involving both orbitofrontal cortices and the ipsilesional temporal lobe there are major differences in the metabolic networks of left and right hs with more extensive changes in right hs the changes within the metabolic network could help predict surgical outcomes in patients with hs mc may identify patients with potentially unfavorable outcomes and direct them to a more detailed presurgical evaluation metabolic connectivity is a promising method for metabolic network mapping metabolic networks in mesial temporal lobe epilepsy are dependent on lateralization of the epileptogenic lobe and could predict surgical outcomes"
41669917,"Pre-trained Artificial Intelligence Models in the Prediction and Classification of Atherosclerotic Cardiovascular Disease.","Atherosclerotic cardiovascular disease (ASCVD) is one of the leading causes of global morbidity and mortality. The current study provides a systematic review of the use of artificial intelligence (AI) technologies applied to the prediction and management of ASCVD. Traditional risk assessment approaches have their restrictions, leading to a growing preference for AI and machine learning techniques in risk assessment. First, this study tackles the complex pathophysiology of ASCVD and the problems associated with the current diagnosis, followed by an in-depth analysis of the wide variety of AI models that can be applied to electronic health records, medical imaging data, and other biomarkers. Special attention will be paid toward the potential of natural language processing models like bidirectional encoder representations from transformers in predicting risk from textual clinical data, and the overwhelming success of convolutional neural networks such as residual neural network and visual geometry group in plaque-based analysis through imaging modalities. Although the research results show that these models have a lot to offer in the clinical world, the authors also describe some serious disadvantages: data bias, interpretability of the model, and computational needs. It highlights, in particular, the need for multicenter validation studies as well as developing explainable AI techniques. Overall, AI-based approaches may pave the way for a new paradigm in ASCVD management. Nevertheless, deploying these technologies in everyday clinical practice will require overcoming technical, ethical, and regulatory challenges. As such, interdisciplinary collaboration and thorough clinical validation studies are essential for fulfilling the promise of these novel strategies to enhance patient outcomes. Cite this article as: Şakiroğlu F, Çolak C, Çolak MC. Pre-trained artificial intelligence models in the prediction and classification of atherosclerotic cardiovascular disease. Eurasian J Med. 2025, 57(3), 0937, doi:10.5152/eurasianjmed.2025.25937.",284,"The Eurasian journal of medicine",2025,"Türkiye","","","Cardiovascular","atherosclerotic cardiovascular disease ascvd is one of the leading causes of global morbidity and mortality the current study provides a systematic review of the use of artificial intelligence ai technologies applied to the prediction and management of ascvd traditional risk assessment approaches have their restrictions leading to a growing preference for ai and machine learning techniques in risk assessment first this study tackles the complex pathophysiology of ascvd and the problems associated with the current diagnosis followed by an in depth analysis of the wide variety of ai models that can be applied to electronic health records medical imaging data and other biomarkers special attention will be paid toward the potential of natural language processing models like bidirectional encoder representations from transformers in predicting risk from textual clinical data and the overwhelming success of convolutional neural networks such as residual neural network and visual geometry group in plaque based analysis through imaging modalities although the research results show that these models have a lot to offer in the clinical world the authors also describe some serious disadvantages data bias interpretability of the model and computational needs it highlights in particular the need for multicenter validation studies as well as developing explainable ai techniques overall ai based approaches may pave the way for a new paradigm in ascvd management nevertheless deploying these technologies in everyday clinical practice will require overcoming technical ethical and regulatory challenges as such interdisciplinary collaboration and thorough clinical validation studies are essential for fulfilling the promise of these novel strategies to enhance patient outcomes cite this article as akiro lu f olak c olak mc pre trained artificial intelligence models in the prediction and classification of atherosclerotic cardiovascular disease eurasian j med doi eurasianjmed"
41709957,"Studies on the functionality of the TC-NER ERCC6-M1097V protein variant frequently found in Louisiana patients with PCa upon UV damage.","ERCC6, also known as CSB (Cockayne Syndrome B), is a key protein involved in transcription-coupled nucleotide excision repair (TC-NER), a DNA repair process that removes lesions blocking RNA polymerase. ERCC6's multifaceted roles include chromatin remodeling, transcription regulation, oxidative stress response, and coordination with other DNA repair proteins. Mutations in ERCC6 lead to Cockayne Syndrome and other neurodegenerative disorders, but some variants, such as M1097V, have been associated with cancer risk, particularly prostate cancer (PCa) in African Americans (AAs) in Louisiana. Recent studies have explored the functional impact of ERCC6 variants in PCa, especially among AAs, who face higher incidence and more aggressive forms of the disease. A notable finding is that the M1097V variant increases cellular tolerance to UV damage, suggesting not only a possible evolutionary benefit but also a potential risk for mutagenesis when exposed to complex environmental carcinogens. Other ERCC6 mutations, such as S636N (also only found in Louisiana PCa), located near regulatory regions, may alter repair activity, though their effects remain unclear. Given the high mutation burden in mismatch repair (MMR) and NER genes observed in AA patients with PCa, a synthetic lethality strategy targeting both TC-NER and homologous recombination repair (HRR) pathways could be effective. This includes combining agents like CDDP (cisplatin) with inhibitors of RAD54, such as J54. These approaches may offer alternatives to androgen deprivation therapy (ADT), which is often ineffective in advanced or treatment-resistant PCa common among AA men. This work underscores the importance of integrating genetic, environmental, and therapeutic insights to address PCa disparities.",252,"Frontiers in oncology",2025,"United States","","","Cancer","ercc also known as csb cockayne syndrome b is a key protein involved in transcription coupled nucleotide excision repair tc ner a dna repair process that removes lesions blocking rna polymerase ercc s multifaceted roles include chromatin remodeling transcription regulation oxidative stress response and coordination with other dna repair proteins mutations in ercc lead to cockayne syndrome and other neurodegenerative disorders but some variants such as m v have been associated with cancer risk particularly prostate cancer pca in african americans aas in louisiana recent studies have explored the functional impact of ercc variants in pca especially among aas who face higher incidence and more aggressive forms of the disease a notable finding is that the m v variant increases cellular tolerance to uv damage suggesting not only a possible evolutionary benefit but also a potential risk for mutagenesis when exposed to complex environmental carcinogens other ercc mutations such as s n also only found in louisiana pca located near regulatory regions may alter repair activity though their effects remain unclear given the high mutation burden in mismatch repair mmr and ner genes observed in aa patients with pca a synthetic lethality strategy targeting both tc ner and homologous recombination repair hrr pathways could be effective this includes combining agents like cddp cisplatin with inhibitors of rad such as j these approaches may offer alternatives to androgen deprivation therapy adt which is often ineffective in advanced or treatment resistant pca common among aa men this work underscores the importance of integrating genetic environmental and therapeutic insights to address pca disparities"
39845452,"Association of vitamin D deficiency and insufficiency with uncontrolled type 1 diabetes Mellitus among Saudi pediatric patients; a hospital-based retrospective study.","The association between 25-hydroxy-vitamin D [25(OH)D] levels and glycemic control in pediatric patients with type 1 diabetes mellitus (T1DM) is unclear. In this study, we aimed to investigate the association between 25(OH)D levels and glycemic control in Saudi pediatric patients' with T1DM in a region that is sunny year-round. A retrospective study was conducted in the Pediatric Department of King Saud Hospital in Unaizah, Saudi Arabia. A total of 218 children with T1DM were enrolled in the study and grouped according to their glycated hemoglobin (HbA1C) levels into the controlled T1DM (HbA1C ≤ 7.5%) and the uncontrolled T1DM (HbA1C > 7.5%). Their 25(OH)D levels and thyroid function were measured using standard methods. Of the 218 children in this study, 182 (83.5%) had uncontrolled T1DM, while only 36 (16.5%) had controlled T1DM. The median (interquartile range) of 25(OH)D levels was significantly lower in the uncontrolled T1DM group compared with the controlled group [45.4 (31.2-59.7) nmol/L vs. 56.1 (37.5-77.6) nmol/L; p = 0.007], respectively. Vitamin D deficiency (<50.0 nmol/L) and insufficiency (50-74 nmol/L) were detected in 55.0% and 31.1% of all the enrolled children, respectively. Vitamin D deficiency was detected in 86.6% of the uncontrolled T1DM patients and in 16.5% of the controlled T1DM patients (p = 0.012). The multivariable analysis showed that both vitamin D deficiency [adjusted odds ratio (aOR) = 2.92, p = 0.048] and insufficiency [aOR = 3.17, p = 0.042] were risk factors for uncontrolled diabetes. Vitamin D deficiency was highly prevalent in the studied group. Both vitamin D deficiency and insufficiency are associated with uncontrolled T1DM. Further study is needed.",263,"Frontiers in pediatrics",2024,"Saudi Arabia","","","Diabetes","the association between hydroxy vitamin d oh d levels and glycemic control in pediatric patients with type diabetes mellitus t dm is unclear in this study we aimed to investigate the association between oh d levels and glycemic control in saudi pediatric patients with t dm in a region that is sunny year round a retrospective study was conducted in the pediatric department of king saud hospital in unaizah saudi arabia a total of children with t dm were enrolled in the study and grouped according to their glycated hemoglobin hba c levels into the controlled t dm hba c and the uncontrolled t dm hba c their oh d levels and thyroid function were measured using standard methods of the children in this study had uncontrolled t dm while only had controlled t dm the median interquartile range of oh d levels was significantly lower in the uncontrolled t dm group compared with the controlled group nmol l vs nmol l p respectively vitamin d deficiency nmol l and insufficiency nmol l were detected in and of all the enrolled children respectively vitamin d deficiency was detected in of the uncontrolled t dm patients and in of the controlled t dm patients p the multivariable analysis showed that both vitamin d deficiency adjusted odds ratio aor p and insufficiency aor p were risk factors for uncontrolled diabetes vitamin d deficiency was highly prevalent in the studied group both vitamin d deficiency and insufficiency are associated with uncontrolled t dm further study is needed"
38280347,"Successful surgical treatment of desmoplastic small round cell tumor in a postmenopausal woman: A rare case report.","Desmoplastic small round cell tumor (DSRCT) is a type of soft tissue sarcoma that arises from mesenchymal cells and primarily affects young males. We present a case of a 58-year-old multiparous woman who presented with colic abdominal pain in the epigastric area and hypogastric area, along with dyspeptic complaints, nausea, constipation every 2-3 days, and a gradual increase of the size of the abdomen. DSRCT is an uncommon and extremely aggressive tumor that occurs in the abdomen. It is typically associated with a grim prognosis and primarily affects young males aged 20 to 30. In our case, the patient underwent a surgical procedure to remove the entire tumor, without the need for chemotherapy or radiotherapy. This decision was made considering the absence of metastasis and cancerous cells in the ascites and the potential adverse effects of these treatments. Throughout a 12-month follow-up period, the patient's health condition improved, as indicated by weight gain. This case report highlights the importance of considering DSRCT in the differential diagnosis of abdominal masses in postmenopausal women and emphasizes the potential for successful treatment through surgical intervention.",182,"International journal of surgery case reports",2024,"Syrian Arab Republic Electronic address: ali_fa_2001@hotmailcom","","","Cancer","desmoplastic small round cell tumor dsrct is a type of soft tissue sarcoma that arises from mesenchymal cells and primarily affects young males we present a case of a year old multiparous woman who presented with colic abdominal pain in the epigastric area and hypogastric area along with dyspeptic complaints nausea constipation every days and a gradual increase of the size of the abdomen dsrct is an uncommon and extremely aggressive tumor that occurs in the abdomen it is typically associated with a grim prognosis and primarily affects young males aged to in our case the patient underwent a surgical procedure to remove the entire tumor without the need for chemotherapy or radiotherapy this decision was made considering the absence of metastasis and cancerous cells in the ascites and the potential adverse effects of these treatments throughout a month follow up period the patient s health condition improved as indicated by weight gain this case report highlights the importance of considering dsrct in the differential diagnosis of abdominal masses in postmenopausal women and emphasizes the potential for successful treatment through surgical intervention"
38240536,"Stress Ulcer Prophylaxis Versus Placebo-A Blinded Pilot Randomized Controlled Trial to Evaluate the Safety of Two Strategies in Critically Ill Infants With Congenital Heart Disease.","The routine use of stress ulcer prophylaxis (SUP) in infants with congenital heart disease (CHD) in the cardiac ICU (CICU) is controversial. We aimed to conduct a pilot study to explore the feasibility of performing a subsequent larger trial to assess the safety and efficacy of withholding SUP in this population (NCT03667703). Single-center, prospective, double-blinded, parallel group (SUP vs. placebo), pilot randomized controlled pilot trial (RCT) in infants with CHD admitted to the CICU and anticipated to require respiratory support for greater than 24 hours. Patients were randomized 1:1 (stratified by age and admission type) to receive a histamine-2 receptor antagonist or placebo until respiratory support was discontinued, up to 14 days, or transfer from the CICU, if earlier. Feasibility was defined a priori by thresholds of screening rate, consent rate, timely drug allocation, and protocol adherence. The safety outcome was the rate of clinically significant upper gastrointestinal (UGI) bleeding. We screened 1,426 patients from February 2019 to March 2022; of 132 eligible patients, we gained informed consent in 70 (53%). Two patients did not require CICU admission after obtaining consent, and the remaining 68 patients were randomized to SUP (n = 34) or placebo (n = 34). Ten patients were withdrawn early, because of a change in eligibility (n = 3) or open-label SUP use (n = 7, 10%). Study procedures were completed in 58 patients (89% protocol adherence). All feasibility criteria were met. There were no clinically significant episodes of UGI bleeding during the pilot RCT. The percentage of patients with other nonserious adverse events did not differ between groups. Withholding of SUP in infants with CHD admitted to the CICU was feasible. A larger multicenter RCT designed to confirm the safety of this intervention and its impact on incidence of UGI bleeding, gastrointestinal microbiome, and other clinical outcomes is warranted.",303,"Pediatric critical care medicine : a journal of the Society of Critical Care Medicine and the World Federation of Pediatric Intensive and Critical Care Societies",2024,"MA","Humans; Critical Illness; Gastrointestinal Hemorrhage; Heart Defects, Congenital; Peptic Ulcer; Pilot Projects; Treatment Outcome; Ulcer; Infant","Heart Defects, Congenital","Cardiovascular","the routine use of stress ulcer prophylaxis sup in infants with congenital heart disease chd in the cardiac icu cicu is controversial we aimed to conduct a pilot study to explore the feasibility of performing a subsequent larger trial to assess the safety and efficacy of withholding sup in this population nct single center prospective double blinded parallel group sup vs placebo pilot randomized controlled pilot trial rct in infants with chd admitted to the cicu and anticipated to require respiratory support for greater than hours patients were randomized stratified by age and admission type to receive a histamine receptor antagonist or placebo until respiratory support was discontinued up to days or transfer from the cicu if earlier feasibility was defined a priori by thresholds of screening rate consent rate timely drug allocation and protocol adherence the safety outcome was the rate of clinically significant upper gastrointestinal ugi bleeding we screened patients from february to march of eligible patients we gained informed consent in two patients did not require cicu admission after obtaining consent and the remaining patients were randomized to sup n or placebo n ten patients were withdrawn early because of a change in eligibility n or open label sup use n study procedures were completed in patients protocol adherence all feasibility criteria were met there were no clinically significant episodes of ugi bleeding during the pilot rct the percentage of patients with other nonserious adverse events did not differ between groups withholding of sup in infants with chd admitted to the cicu was feasible a larger multicenter rct designed to confirm the safety of this intervention and its impact on incidence of ugi bleeding gastrointestinal microbiome and other clinical outcomes is warranted"
38272355,"Finasteride delays atherosclerosis progression in mice and is associated with a reduction in plasma cholesterol in men.","Finasteride is commonly prescribed to treat benign prostate hyperplasia and male-pattern baldness in cis men and, more recently, trans individuals. However, the effect of finasteride on cardiovascular disease remains elusive. We evaluated the role of finasteride on atherosclerosis using low-density lipoprotein (LDL) receptor-deficient (Ldlr-/-) mice. Next, we examined the relevance to humans by analyzing the data deposited between 2009 and 2016 in the National Health and Nutrition Examination Survey. We show that finasteride reduces total plasma cholesterol and delays the development of atherosclerosis in Ldlr-/- mice. Finasteride reduced monocytosis, monocyte recruitment to the lesion, macrophage lesion content, and necrotic core area, the latter of which is an indicator of plaque vulnerability in humans. RNA sequencing analysis revealed a downregulation of inflammatory pathways and an upregulation of bile acid metabolism, oxidative phosphorylation, and cholesterol pathways in the liver of mice taking finasteride. Men reporting the use of finasteride showed lower plasma levels of cholesterol and LDL-cholesterol than those not taking the drug. Our data unveil finasteride as a potential treatment to delay cardiovascular disease in people by improving the plasma lipid profile.",181,"Journal of lipid research",2024,"USA","Humans; Male; Animals; Mice; Finasteride; Cardiovascular Diseases; Nutrition Surveys; Atherosclerosis; Cholesterol; Receptors, LDL","Cardiovascular Diseases","Cardiovascular","finasteride is commonly prescribed to treat benign prostate hyperplasia and male pattern baldness in cis men and more recently trans individuals however the effect of finasteride on cardiovascular disease remains elusive we evaluated the role of finasteride on atherosclerosis using low density lipoprotein ldl receptor deficient ldlr mice next we examined the relevance to humans by analyzing the data deposited between and in the national health and nutrition examination survey we show that finasteride reduces total plasma cholesterol and delays the development of atherosclerosis in ldlr mice finasteride reduced monocytosis monocyte recruitment to the lesion macrophage lesion content and necrotic core area the latter of which is an indicator of plaque vulnerability in humans rna sequencing analysis revealed a downregulation of inflammatory pathways and an upregulation of bile acid metabolism oxidative phosphorylation and cholesterol pathways in the liver of mice taking finasteride men reporting the use of finasteride showed lower plasma levels of cholesterol and ldl cholesterol than those not taking the drug our data unveil finasteride as a potential treatment to delay cardiovascular disease in people by improving the plasma lipid profile"
37981483,"Risk factors associated with osteomyelitis due to Corynebacterium striatum in patients with diabetic foot.","Corynebacterium striatum (CS) is an emerging micro-organism in diabetic foot infection for which there are currently few studies. The objective was to analyze the risk factors (RF) related to CS osteomyelitis in patients with diabetic foot. A case-control study was conducted in the Diabetic Foot Unit between 2015 and 2021. Forty-four patients with osteomyelitis due to CS (cases) and 44 patients with osteomyelitis due a different micro-organism (controls) were included. Peripheral artery disease (OR: 2.8, p = 0.037), atrial fibrillation (OR: 3.7, p = 0.034), ischemic diabetic foot (OR: 3.3, p = 0.020) and previous prolonged antibiotic therapy more than 14 days (OR: 3.4, p = 0.012) were identified as RF for osteomyelitis due to CS. When performing the multivariate analysis antibiotic therapy >14 days was independent RF (OR: 3.46; p = 0.017). Previous antibiotic therapy received more than 14 days is an independent and statistically significant RF for CS osteomyelitis in patients with diabetic foot.",156,"Medicina clinica",2024,"España","Osteomyelitis; Case-Control Studies; Humans; Diabetic Foot; Anti-Bacterial Agents; Corynebacterium; Diabetes Mellitus; Risk Factors","Osteomyelitis","Diabetes","corynebacterium striatum cs is an emerging micro organism in diabetic foot infection for which there are currently few studies the objective was to analyze the risk factors rf related to cs osteomyelitis in patients with diabetic foot a case control study was conducted in the diabetic foot unit between and forty four patients with osteomyelitis due to cs cases and patients with osteomyelitis due a different micro organism controls were included peripheral artery disease or p atrial fibrillation or p ischemic diabetic foot or p and previous prolonged antibiotic therapy more than days or p were identified as rf for osteomyelitis due to cs when performing the multivariate analysis antibiotic therapy days was independent rf or p previous antibiotic therapy received more than days is an independent and statistically significant rf for cs osteomyelitis in patients with diabetic foot"
38352357,"Racial Disparities in Diabetes Care and Outcomes for Patients with Visual Impairment: A Descriptive Analysis of the TriNetX Research Network.","Background: This research delves into the confluence of racial disparities and health inequities among individuals with disabilities, with a focus on those contending with both diabetes and visual impairment. Methods: Utilizing data from the TriNetX Research Network, which includes electronic medical records of roughly 115 million patients from 83 anonymous healthcare organizations, this study employs a directed acyclic graph (DAG) to pinpoint confounders and augment interpretation. We identified patients with visual impairments using ICD-10 codes, deliberately excluding diabetes-related ophthalmology complications. Our approach involved multiple race-stratified analyses, comparing co-morbidities like chronic pulmonary disease in visually impaired patients against their counterparts. We assessed healthcare access disparities by examining the frequency of annual visits, instances of two or more A1c measurements, and glomerular filtration rate (GFR) measurements. Additionally, we evaluated diabetes outcomes by comparing the risk ratio of uncontrolled diabetes (A1c > 9.0) and chronic kidney disease in patients with and without visual impairments. Results: The incidence of diabetes was substantially higher (nearly double) in individuals with visual impairments across White, Asian, and African American populations. Higher rates of chronic kidney disease were observed in visually impaired individuals, with a risk ratio of 1.79 for African American, 2.27 for White, and non-significant for the Asian group. A statistically significant difference in the risk ratio for uncontrolled diabetes was found only in the White cohort (0.843). White individuals without visual impairments were more likely to receive two A1c tests, a trend not significant in other racial groups. African Americans with visual impairments had a higher rate of glomerular filtration rate testing. However, White individuals with visual impairments were less likely to undergo GFR testing, indicating a disparity in kidney health monitoring. This pattern of disparity was not observed in the Asian cohort. Conclusions: This study uncovers pronounced disparities in diabetes incidence and management among individuals with visual impairments, particularly among White, Asian, and African American groups. Our DAG analysis illuminates the intricate interplay between SDoH, healthcare access, and frequency of crucial diabetes monitoring practices, highlighting visual impairment as both a medical and social issue.",340,"Research square",2024,"Unknown","","","Diabetes","background this research delves into the confluence of racial disparities and health inequities among individuals with disabilities with a focus on those contending with both diabetes and visual impairment methods utilizing data from the trinetx research network which includes electronic medical records of roughly million patients from anonymous healthcare organizations this study employs a directed acyclic graph dag to pinpoint confounders and augment interpretation we identified patients with visual impairments using icd codes deliberately excluding diabetes related ophthalmology complications our approach involved multiple race stratified analyses comparing co morbidities like chronic pulmonary disease in visually impaired patients against their counterparts we assessed healthcare access disparities by examining the frequency of annual visits instances of two or more a c measurements and glomerular filtration rate gfr measurements additionally we evaluated diabetes outcomes by comparing the risk ratio of uncontrolled diabetes a c and chronic kidney disease in patients with and without visual impairments results the incidence of diabetes was substantially higher nearly double in individuals with visual impairments across white asian and african american populations higher rates of chronic kidney disease were observed in visually impaired individuals with a risk ratio of for african american for white and non significant for the asian group a statistically significant difference in the risk ratio for uncontrolled diabetes was found only in the white cohort white individuals without visual impairments were more likely to receive two a c tests a trend not significant in other racial groups african americans with visual impairments had a higher rate of glomerular filtration rate testing however white individuals with visual impairments were less likely to undergo gfr testing indicating a disparity in kidney health monitoring this pattern of disparity was not observed in the asian cohort conclusions this study uncovers pronounced disparities in diabetes incidence and management among individuals with visual impairments particularly among white asian and african american groups our dag analysis illuminates the intricate interplay between sdoh healthcare access and frequency of crucial diabetes monitoring practices highlighting visual impairment as both a medical and social issue"
38093673,"Medium-term follow up of active surveillance for early prostate cancer at a non-academic institution.","To report oncological outcomes of active surveillance (AS) at a single non-academic institution adopting the standardised Prostate Cancer Research International Active Surveillance (PRIAS) protocol. Competing risk analyses estimated the incidence of overall mortality, metastases, conversion to treatment, and grade reclassification. The incidence of reclassification and adverse pathological findings at radical prostatectomy were compared between patients fulfilling all PRIAS inclusion criteria vs those not fulfilling at least one. We analysed 341 men with Grade Group 1 prostate cancer (PCa) followed on AS between 2010 and 2022. There were no PCa deaths, two patients developed distant metastases and were alive at the end of the study period. The 10-year cumulative incidence of metastases was 1.9% (95% confidence interval [CI] 0.33-6.4%). A total of 111 men were reclassified, and 127 underwent definitive treatment. Men not fulfilling at least one PRIAS inclusion criteria (n = 43) had a higher incidence of reclassification (subdistribution hazards ratio 1.73, 95% CI 1.07-2.81; P = 0.03), but similar rates of adverse pathological findings at radical prostatectomy. Metastases in men on AS at a non-academic institution are as rare as those reported in established international cohorts. Men followed without stringent inclusion criteria should be counselled about the higher incidence of reclassification and reassured they can expect rates of adverse pathological findings comparable to those fulfilling all criteria. Therefore, AS should be proposed to all men with low-grade PCa regardless of whether they are followed at academic institutions or smaller community hospitals.",242,"BJU international",2024,"Italy","Humans; Male; Prostatic Neoplasms; Watchful Waiting; Middle Aged; Aged; Follow-Up Studies; Prostatectomy; Neoplasm Grading; Neoplasm Metastasis","Prostatic Neoplasms","Cancer","to report oncological outcomes of active surveillance as at a single non academic institution adopting the standardised prostate cancer research international active surveillance prias protocol competing risk analyses estimated the incidence of overall mortality metastases conversion to treatment and grade reclassification the incidence of reclassification and adverse pathological findings at radical prostatectomy were compared between patients fulfilling all prias inclusion criteria vs those not fulfilling at least one we analysed men with grade group prostate cancer pca followed on as between and there were no pca deaths two patients developed distant metastases and were alive at the end of the study period the year cumulative incidence of metastases was confidence interval ci a total of men were reclassified and underwent definitive treatment men not fulfilling at least one prias inclusion criteria n had a higher incidence of reclassification subdistribution hazards ratio ci p but similar rates of adverse pathological findings at radical prostatectomy metastases in men on as at a non academic institution are as rare as those reported in established international cohorts men followed without stringent inclusion criteria should be counselled about the higher incidence of reclassification and reassured they can expect rates of adverse pathological findings comparable to those fulfilling all criteria therefore as should be proposed to all men with low grade pca regardless of whether they are followed at academic institutions or smaller community hospitals"
39950161,"Prospective Visual Inspection of the Ventrum of Tongue (VIVOT) Vasculature Predicts the Presence of Esophageal Varices.","Venous collateral shunting of blood from the splanchnic to systemic venous systems due to portal hypertension increases the pressure in the ventral lingual venous bed. We hypothesized that the appearance of sublingual varices evaluated by pre-endoscopy/bedside visual inspection of ventrum of tongue (VIVOT) might predict the presence of esophageal varices (EVs). To test this hypothesis, we prospectively enrolled patients with cirrhosis (CP) referred for EV screening for assessment of lingual vasculature after informed consent. Non-cirrhosis control patients were also enrolled. VIVOT was scored based on the presence of vessels > 2 mm and/or serpiginous veins. VIVOT scores were then correlated with endoscopic findings. A total of 59 patients with cirrhosis (Group 1) were enrolled, as were 62 patients without cirrhosis (Group 2). Group 1 consisted of 100% male patients with mean age 59.5 ± 5.4 years; 39.0% were African American (AA). Group 2 consisted of 86% male patients, 59.0 ± 13 years and 53% AA. Among Group 1 patients, varices were present in 29% (16 esophageal and 3 gastric). There were no demographic differences among Group 1 patients with or without varices. Positive VIVOT scores were associated with EVs on endoscopy in 11 of 16 patients (sensitivity 68.75%). Positive VIVOT findings were present in 8 of 40 patients without EVs (specificity 80%). False-positive VIVOT scores were present in 6 of 62 non-cirrhotic controls. Overall, the positive predictive value among patients with cirrhosis was 59% with a negative predictive value of 84%. VIVOT has modest values in predicting EVs and should not be used alone to stratify patients for endoscopic evaluation when elastography and laboratory tests are available; however, its use in resource-limited settings to identify high-risk patients may be considered.",280,"Gastrointestinal disorders (Basel, Switzerland)",2024,"USA","","","Cardiovascular","venous collateral shunting of blood from the splanchnic to systemic venous systems due to portal hypertension increases the pressure in the ventral lingual venous bed we hypothesized that the appearance of sublingual varices evaluated by pre endoscopy bedside visual inspection of ventrum of tongue vivot might predict the presence of esophageal varices evs to test this hypothesis we prospectively enrolled patients with cirrhosis cp referred for ev screening for assessment of lingual vasculature after informed consent non cirrhosis control patients were also enrolled vivot was scored based on the presence of vessels mm and or serpiginous veins vivot scores were then correlated with endoscopic findings a total of patients with cirrhosis group were enrolled as were patients without cirrhosis group group consisted of male patients with mean age years were african american aa group consisted of male patients years and aa among group patients varices were present in esophageal and gastric there were no demographic differences among group patients with or without varices positive vivot scores were associated with evs on endoscopy in of patients sensitivity positive vivot findings were present in of patients without evs specificity false positive vivot scores were present in of non cirrhotic controls overall the positive predictive value among patients with cirrhosis was with a negative predictive value of vivot has modest values in predicting evs and should not be used alone to stratify patients for endoscopic evaluation when elastography and laboratory tests are available however its use in resource limited settings to identify high risk patients may be considered"
40039935,"Proxy-based Masking Module for Revealing Relevance of Characteristics in Motor Imagery.","Brain-computer interface (BCI) has been developed for communication between users and external devices by reflecting users' status and intentions. Motor imagery (MI) is one of the BCI paradigms for controlling external devices by imagining muscle movements. MI-based EEG signals generally tend to contain signals with sparse MI characteristics (sparse MI signals). When conducting domain adaptation (DA) on MI signals with sparse MI signals, it could interrupt the training process. In this paper, we proposed the proxy-based masking module (PMM) for masking sparse MI signals within MI signals. The proposed module was designed to suppress the amplitude of sparse MI signals using the negative similarity-based mask generated between the proxy of rest signals and the feature vectors of MI signals. We attached our proposed module to the conventional DA methods (i.e., the DJDAN, the MAAN, and the DRDA) to verify the effectiveness in the cross-subject environment on dataset 2a of BCI competition IV. When our proposed module was attached to each conventional DA method, the average accuracy was improved by much as 4.67 %, 0.76 %, and 1.72 %, respectively. Hence, we demonstrated that our proposed module could emphasize the information related to MI characteristics. The code of our implementation is accessible on GitHub.1.",203,"Annual International Conference of the IEEE Engineering in Medicine and Biology Society. IEEE Engineering in Medicine and Biology Society. Annual International Conference",2024,"Unknown","Humans; Brain-Computer Interfaces; Electroencephalography; Imagination; Signal Processing, Computer-Assisted; Movement; Algorithms","Brain-Computer Interfaces","Neurological","brain computer interface bci has been developed for communication between users and external devices by reflecting users status and intentions motor imagery mi is one of the bci paradigms for controlling external devices by imagining muscle movements mi based eeg signals generally tend to contain signals with sparse mi characteristics sparse mi signals when conducting domain adaptation da on mi signals with sparse mi signals it could interrupt the training process in this paper we proposed the proxy based masking module pmm for masking sparse mi signals within mi signals the proposed module was designed to suppress the amplitude of sparse mi signals using the negative similarity based mask generated between the proxy of rest signals and the feature vectors of mi signals we attached our proposed module to the conventional da methods i e the djdan the maan and the drda to verify the effectiveness in the cross subject environment on dataset a of bci competition iv when our proposed module was attached to each conventional da method the average accuracy was improved by much as and respectively hence we demonstrated that our proposed module could emphasize the information related to mi characteristics the code of our implementation is accessible on github"
38178122,"Towards an integrated type 1 diabetes management in low-resource settings: barriers faced by patients and their caregivers in healthcare facilities in Ghana.","In Low-Middle-Income Countries (LMICs), young people living with Type 1 Diabetes Mellitus (T1DM) face structural barriers which undermine adequate T1DM management and lead to poor health outcomes. However, research on the barriers faced by young people living with T1DM have mostly focused on patient factors, neglecting concerns regarding plausible barriers that may exist at the point of healthcare service delivery. This study sought to explore barriers faced by young people living with T1DM and their caregivers at the point of healthcare service delivery. Data were drawn from a qualitative research in southern Ghana. The research was underpinned by a phenomenological study design. Data were collected from 28 young people living with T1DM, 12 caregivers, and six healthcare providers using semi-structured interview guides. The data were collected at home, hospital, and support group centres via face-to-face interviews, telephone interviews, and videoconferencing. Thematic and framework analyses were done using CAQDAS (QSR NVivo 14). Eight key barriers were identified. These were: shortage of insulin and management logistics; healthcare provider knowledge gaps; lack of T1DM care continuity; poor healthcare provider-caregiver interactions; lack of specialists' care; sharing of physical space with adult patients; long waiting time; and outdated treatment plans. The multiple barriers identified suggest the need for an integrated model of T1DM to improve its care delivery in low-resource settings. We adapted the Chronic Care Model (CCM) to develop an Integrated Healthcare for T1DM management in low-resource settings. Young people living with T1DM, and their caregivers encountered multiple healthcare barriers in both in-patient and outpatient healthcare facilities. The results highlight important intervention areas which must be addressed/improved to optimise T1DM care, as well as call for the implementation of a proposed integrated approach to T1DM care in low-resource settings.",285,"BMC health services research",2024,"Ghana bernardowusu@stuuccedugh","Adult; Humans; Adolescent; Caregivers; Diabetes Mellitus, Type 1; Ghana; Delivery of Health Care; Qualitative Research","Caregivers","Diabetes","in low middle income countries lmics young people living with type diabetes mellitus t dm face structural barriers which undermine adequate t dm management and lead to poor health outcomes however research on the barriers faced by young people living with t dm have mostly focused on patient factors neglecting concerns regarding plausible barriers that may exist at the point of healthcare service delivery this study sought to explore barriers faced by young people living with t dm and their caregivers at the point of healthcare service delivery data were drawn from a qualitative research in southern ghana the research was underpinned by a phenomenological study design data were collected from young people living with t dm caregivers and six healthcare providers using semi structured interview guides the data were collected at home hospital and support group centres via face to face interviews telephone interviews and videoconferencing thematic and framework analyses were done using caqdas qsr nvivo eight key barriers were identified these were shortage of insulin and management logistics healthcare provider knowledge gaps lack of t dm care continuity poor healthcare provider caregiver interactions lack of specialists care sharing of physical space with adult patients long waiting time and outdated treatment plans the multiple barriers identified suggest the need for an integrated model of t dm to improve its care delivery in low resource settings we adapted the chronic care model ccm to develop an integrated healthcare for t dm management in low resource settings young people living with t dm and their caregivers encountered multiple healthcare barriers in both in patient and outpatient healthcare facilities the results highlight important intervention areas which must be addressed improved to optimise t dm care as well as call for the implementation of a proposed integrated approach to t dm care in low resource settings"
38275542,"Four-Dimensional Flow Echocardiography: Blood Speckle Tracking in Congenital Heart Disease: How to Apply, How to Interpret, What Is Feasible, and What Is Missing Still.","Blood speckle tracking echocardiography (BSTE) is a new, promising 4D flow ultrafast non-focal plane imaging technique. The aim of the present investigation is to provide a review and update on potentialities and application of BSTE in children with congenital heart disease (CHD) and acquired heart disease. A literature search was performed within the National Library of Medicine using the keywords ""echocardiography"", ""BST"", and ""children"". The search was refined by adding the keywords ""ultrafast imaging"", ""CHD"", and ""4D flow"". Fifteen studies were finally included. Our analysis outlined how BSTE is highly feasible, fast, and easy for visualization of normal/abnormal flow patterns in healthy children and in those with CHD. BSTE allows for visualization and basic 2D measures of normal/abnormal vortices forming the ventricles and in the main vessel. Left ventricular vortex characteristics and aortic flow patterns have been described both in healthy children and in those with CHD. Complex analysis (e.g., energy loss, vorticity, and vector complexity) are also highly feasible with BSTE, but software is currently available only for research. Furthermore, current technology allows for BSTE only in neonates and low-weight children (e.g., <40 kg). In summary, the feasibility and potentialities of BSTE as a complementary diagnostic tool in children have been proved; however, its systemic use is hampered by the lack of (i) accessible tools for complex quantification and for acquisition at all ages/weight, (ii) data on the diagnostic/prognostic significance of BSTE, and (iii) consensus/recommendation papers indicating when and how BSTE should be employed.",245,"Healthcare (Basel, Switzerland)",2024,"Italy","","","Cardiovascular","blood speckle tracking echocardiography bste is a new promising d flow ultrafast non focal plane imaging technique the aim of the present investigation is to provide a review and update on potentialities and application of bste in children with congenital heart disease chd and acquired heart disease a literature search was performed within the national library of medicine using the keywords echocardiography bst and children the search was refined by adding the keywords ultrafast imaging chd and d flow fifteen studies were finally included our analysis outlined how bste is highly feasible fast and easy for visualization of normal abnormal flow patterns in healthy children and in those with chd bste allows for visualization and basic d measures of normal abnormal vortices forming the ventricles and in the main vessel left ventricular vortex characteristics and aortic flow patterns have been described both in healthy children and in those with chd complex analysis e g energy loss vorticity and vector complexity are also highly feasible with bste but software is currently available only for research furthermore current technology allows for bste only in neonates and low weight children e g kg in summary the feasibility and potentialities of bste as a complementary diagnostic tool in children have been proved however its systemic use is hampered by the lack of i accessible tools for complex quantification and for acquisition at all ages weight ii data on the diagnostic prognostic significance of bste and iii consensus recommendation papers indicating when and how bste should be employed"
38278865,"Dietary patterns, untargeted metabolite profiles and their association with colorectal cancer risk.","We investigated data-driven and hypothesis-driven dietary patterns and their association to plasma metabolite profiles and subsequent colorectal cancer (CRC) risk in 680 CRC cases and individually matched controls. Dietary patterns were identified from combined exploratory/confirmatory factor analysis. We assessed association to LC-MS metabolic profiles by random forest regression and to CRC risk by multivariable conditional logistic regression. Principal component analysis was used on metabolite features selected to reflect dietary exposures. Component scores were associated to CRC risk and dietary exposures using partial Spearman correlation. We identified 12 data-driven dietary patterns, of which a breakfast food pattern showed an inverse association with CRC risk (OR per standard deviation increase 0.89, 95% CI 0.80-1.00, p = 0.04). This pattern was also inversely associated with risk of distal colon cancer (0.75, 0.61-0.96, p = 0.01) and was more pronounced in women (0.69, 0.49-0.96, p = 0.03). Associations between meat, fast-food, fruit soup/rice patterns and CRC risk were modified by tumor location in women. Alcohol as well as fruit and vegetables associated with metabolite profiles (Q2 0.22 and 0.26, respectively). One metabolite reflecting alcohol intake associated with increased CRC risk, whereas three metabolites reflecting fiber, wholegrain, and fruit and vegetables associated with decreased CRC risk.",201,"Scientific reports",2024,"Sweden stinaboden@umuse","Humans; Female; Diet; Risk Factors; Colorectal Neoplasms; Surveys and Questionnaires; Vegetables","Diet","Cancer","we investigated data driven and hypothesis driven dietary patterns and their association to plasma metabolite profiles and subsequent colorectal cancer crc risk in crc cases and individually matched controls dietary patterns were identified from combined exploratory confirmatory factor analysis we assessed association to lc ms metabolic profiles by random forest regression and to crc risk by multivariable conditional logistic regression principal component analysis was used on metabolite features selected to reflect dietary exposures component scores were associated to crc risk and dietary exposures using partial spearman correlation we identified data driven dietary patterns of which a breakfast food pattern showed an inverse association with crc risk or per standard deviation increase ci p this pattern was also inversely associated with risk of distal colon cancer p and was more pronounced in women p associations between meat fast food fruit soup rice patterns and crc risk were modified by tumor location in women alcohol as well as fruit and vegetables associated with metabolite profiles q and respectively one metabolite reflecting alcohol intake associated with increased crc risk whereas three metabolites reflecting fiber wholegrain and fruit and vegetables associated with decreased crc risk"
38171645,"Cortical Reorganization after Limb Loss: Bridging the Gap between Basic Science and Clinical Recovery.","Despite the increasing incidence and prevalence of amputation across the globe, individuals with acquired limb loss continue to struggle with functional recovery and chronic pain. A more complete understanding of the motor and sensory remodeling of the peripheral and central nervous system that occurs postamputation may help advance clinical interventions to improve the quality of life for individuals with acquired limb loss. The purpose of this article is to first provide background clinical context on individuals with acquired limb loss and then to provide a comprehensive review of the known motor and sensory neural adaptations from both animal models and human clinical trials. Finally, the article bridges the gap between basic science researchers and clinicians that treat individuals with limb loss by explaining how current clinical treatments may restore function and modulate phantom limb pain using the underlying neural adaptations described above. This review should encourage the further development of novel treatments with known neurological targets to improve the recovery of individuals postamputation.Significance Statement In the United States, 1.6 million people live with limb loss; this number is expected to more than double by 2050. Improved surgical procedures enhance recovery, and new prosthetics and neural interfaces can replace missing limbs with those that communicate bidirectionally with the brain. These advances have been fairly successful, but still most patients experience persistent problems like phantom limb pain, and others discontinue prostheses instead of learning to use them daily. These problematic patient outcomes may be due in part to the lack of consensus among basic and clinical researchers regarding the plasticity mechanisms that occur in the brain after amputation injuries. Here we review results from clinical and animal model studies to bridge this clinical-basic science gap.",283,"The Journal of neuroscience : the official journal of the Society for Neuroscience",2024,"Maryland 20814","Animals; Humans; Phantom Limb; Quality of Life; Amputation, Surgical; Recovery of Function; Chronic Pain","Phantom Limb","Neurological","despite the increasing incidence and prevalence of amputation across the globe individuals with acquired limb loss continue to struggle with functional recovery and chronic pain a more complete understanding of the motor and sensory remodeling of the peripheral and central nervous system that occurs postamputation may help advance clinical interventions to improve the quality of life for individuals with acquired limb loss the purpose of this article is to first provide background clinical context on individuals with acquired limb loss and then to provide a comprehensive review of the known motor and sensory neural adaptations from both animal models and human clinical trials finally the article bridges the gap between basic science researchers and clinicians that treat individuals with limb loss by explaining how current clinical treatments may restore function and modulate phantom limb pain using the underlying neural adaptations described above this review should encourage the further development of novel treatments with known neurological targets to improve the recovery of individuals postamputation significance statement in the united states million people live with limb loss this number is expected to more than double by improved surgical procedures enhance recovery and new prosthetics and neural interfaces can replace missing limbs with those that communicate bidirectionally with the brain these advances have been fairly successful but still most patients experience persistent problems like phantom limb pain and others discontinue prostheses instead of learning to use them daily these problematic patient outcomes may be due in part to the lack of consensus among basic and clinical researchers regarding the plasticity mechanisms that occur in the brain after amputation injuries here we review results from clinical and animal model studies to bridge this clinical basic science gap"
41393479,"Lugol's iodine-guided excision margin determination in oral mucosal lesion management.","Lugol's iodine (LI) is recognized for its diagnostic efficacy in identifying and delineating sufficient margins of the biopsy region. Therefore, it is of interest to evaluate the variance in excision margins between visual assessment and LI as well as to histopathologically analyze the disease-free margin post-excision. The diameters of the lesions were statistically compared before and after the application of LI in 18 male patients. The histopathological report was assessed for disease-free margins. Data shows that LI stain is an essential method for assessing the progression/excision margins of suspicious oral lesions, hence aiding in the early identification of oral cancer.",100,"Bioinformation",2025,"India","","","Cancer","lugol s iodine li is recognized for its diagnostic efficacy in identifying and delineating sufficient margins of the biopsy region therefore it is of interest to evaluate the variance in excision margins between visual assessment and li as well as to histopathologically analyze the disease free margin post excision the diameters of the lesions were statistically compared before and after the application of li in male patients the histopathological report was assessed for disease free margins data shows that li stain is an essential method for assessing the progression excision margins of suspicious oral lesions hence aiding in the early identification of oral cancer"
41573059,"Urtica dioica can regulate autophagy pathway in the rat hippocampal tissue after STZ-induced neurodegeneration.","Autophagy plays a crucial role in neuroprotection by helping to clear toxic substances, like misfolded proteins. In neurodegeneration, autophagy is impaired leading to the accumulation of harmful proteins that disrupt neuronal function, promote inflammation, and contribute to the degeneration of brain cells. Therefore, because of its anti-inflammatory and anti-oxidative actions, the effects of Urtica dioica (UD) on the proteins of autophagy signaling pathways was studied in the hippocampus of rats with streptozotocin-(STZ) induced neurodegeneration. Neurodegeneration model of rats was induced by intracerebroventricular injection of STZ (3 mg/kg) to observe both cognitive deficits and autophagic dysfunction. Then, the rats in the treatment group were consumed UD at the dose of 50 mg/kg/day for 4 weeks. At the end of 4 weeks, passive avoidance test was applied for cognitive functions and hippocampal tissue of rats were investigated to determine the changes in the proteins related to autophagy by western blotting and immunofluoresecence. UD treatment slightly attenuated the STZ-induced memory deficiencies in the rats. In addition, an increase in the autophagy was noted by increasing the expression of Beclin, ATG5, and LC3β proteins in the STZ-UD group compared to the STZ group. In summary, UD may be a candidate molecule as a therapeutic strategy to protect neurons in neurodegeneration through increasing autophagy to reduce toxic protein accumulation.",214,"Northern clinics of Istanbul",2025,"Turkiye","","","Neurological","autophagy plays a crucial role in neuroprotection by helping to clear toxic substances like misfolded proteins in neurodegeneration autophagy is impaired leading to the accumulation of harmful proteins that disrupt neuronal function promote inflammation and contribute to the degeneration of brain cells therefore because of its anti inflammatory and anti oxidative actions the effects of urtica dioica ud on the proteins of autophagy signaling pathways was studied in the hippocampus of rats with streptozotocin stz induced neurodegeneration neurodegeneration model of rats was induced by intracerebroventricular injection of stz mg kg to observe both cognitive deficits and autophagic dysfunction then the rats in the treatment group were consumed ud at the dose of mg kg day for weeks at the end of weeks passive avoidance test was applied for cognitive functions and hippocampal tissue of rats were investigated to determine the changes in the proteins related to autophagy by western blotting and immunofluoresecence ud treatment slightly attenuated the stz induced memory deficiencies in the rats in addition an increase in the autophagy was noted by increasing the expression of beclin atg and lc proteins in the stz ud group compared to the stz group in summary ud may be a candidate molecule as a therapeutic strategy to protect neurons in neurodegeneration through increasing autophagy to reduce toxic protein accumulation"
39776488,"Healthcare provider perspectives on barriers and facilitators to integration of cardiovascular disease-related care into HIV care and treatment clinics in urban Tanzania.","The increase in the dual burden of HIV and cardiovascular diseases (CVD), calls for the provision of integrated HIV/CVD care. This study aimed to explore barriers and facilitators to the integration of HIV/CVD care within HIV care and treatment clinics (CTCs) in urban, Tanzania. Between March and April 2023, we conducted 12 key informant interviews with healthcare providers at six HIV CTCs in urban, Tanzania. Guided by the Consolidated Framework for Implementation Research (CFIR 1.0), we designed the interview guide and conducted a thematic analysis. Out of the 11 CFIR constructs explored, three were barriers (cost, availability of resources, and access to information and knowledge), six were facilitators (complexity, relative advantage, patient needs, external policies and incentives, relative priority, and knowledge and belief about the intervention), and two (compatibility and self-efficacy) were both barriers and facilitators. Barriers to integration included a lack of equipment, such as BP machines, lack of space, unavailability of an electronic data-capturing tool at the HIV CTCs for monitoring CVD outcomes, and a shortage of trained healthcare workers, particularly in managing CVD comorbidities according to current recommendations. Providers acknowledged the increasing demand for CVD care among ALHIV and regarded integration as not a complex task. Providers reported that both services could be delivered simultaneously without disrupting client workflow and were determined to offer integrated care within HIV CTCs. Providers expressed concerns about medication costs and recommended that medications should be provided for free as part of the integrated care. Effective and sustainable HIV/CVD integrated care requires an understating of the existing barriers and facilitators within the HIV CTCs. This study identifies key barriers at HIV CTCs that must be addressed and facilitators to be leveraged before CVD care is integrated into HIV CTCs to ensure that CVD care is delivered effectively within an integrated system.",299,"Frontiers in public health",2024,"Tanzania","Humans; Tanzania; Cardiovascular Diseases; HIV Infections; Health Personnel; Male; Female; Adult; Delivery of Health Care, Integrated; Qualitative Research","Cardiovascular Diseases","Cardiovascular","the increase in the dual burden of hiv and cardiovascular diseases cvd calls for the provision of integrated hiv cvd care this study aimed to explore barriers and facilitators to the integration of hiv cvd care within hiv care and treatment clinics ctcs in urban tanzania between march and april we conducted key informant interviews with healthcare providers at six hiv ctcs in urban tanzania guided by the consolidated framework for implementation research cfir we designed the interview guide and conducted a thematic analysis out of the cfir constructs explored three were barriers cost availability of resources and access to information and knowledge six were facilitators complexity relative advantage patient needs external policies and incentives relative priority and knowledge and belief about the intervention and two compatibility and self efficacy were both barriers and facilitators barriers to integration included a lack of equipment such as bp machines lack of space unavailability of an electronic data capturing tool at the hiv ctcs for monitoring cvd outcomes and a shortage of trained healthcare workers particularly in managing cvd comorbidities according to current recommendations providers acknowledged the increasing demand for cvd care among alhiv and regarded integration as not a complex task providers reported that both services could be delivered simultaneously without disrupting client workflow and were determined to offer integrated care within hiv ctcs providers expressed concerns about medication costs and recommended that medications should be provided for free as part of the integrated care effective and sustainable hiv cvd integrated care requires an understating of the existing barriers and facilitators within the hiv ctcs this study identifies key barriers at hiv ctcs that must be addressed and facilitators to be leveraged before cvd care is integrated into hiv ctcs to ensure that cvd care is delivered effectively within an integrated system"
40917216,"Variceal Hemorrhage as Complication of Vascular Access for Total Parenteral Nutrition.","Downhill varices, a rare manifestation of venous hypertension, arise from superior vena cava (SVC) obstruction. We present a unique case of downhill varices secondary to SVC syndrome in a 69-year-old man on chronic total parenteral nutrition who presented with large volume melena and facial swelling. In this case, chronic central venous catheter use contributed to thrombotic occlusion of the SVC, leading to collateral vessel formation and variceal development. Management involves addressing the underlying cause of venous obstruction. This case highlights the importance of considering downhill varices as a complication in patients with chronic vascular access presenting with symptoms of SVC syndrome.",101,"ACG case reports journal",2024,"KY","","","Cardiovascular","downhill varices a rare manifestation of venous hypertension arise from superior vena cava svc obstruction we present a unique case of downhill varices secondary to svc syndrome in a year old man on chronic total parenteral nutrition who presented with large volume melena and facial swelling in this case chronic central venous catheter use contributed to thrombotic occlusion of the svc leading to collateral vessel formation and variceal development management involves addressing the underlying cause of venous obstruction this case highlights the importance of considering downhill varices as a complication in patients with chronic vascular access presenting with symptoms of svc syndrome"
38223421,"Impact of body position on hemodynamic measurements during exercise: A tale of two bikes.","The addition of exercise testing during right heart catheterization (RHC) is often required to accurately diagnose causes of exercise intolerance like early pulmonary vascular disease, occult left heart disease, and preload insufficiency. We tested the influence of body position (supine vs. seated) on hemodynamic classification both at rest and during exercise. We enrolled patients with exercise intolerance due to dyspnea who were referred for exercise RHC at the Cleveland Clinic. Patients were randomized (1:1) to exercise in seated or supine position to a goal of 60 W followed by maximal exercise in the alternate position. We analyzed 17 patients aged 60.3 ± 10.9 years, including 13 females. At rest in the sitting position, patients had significantly lower right atrial pressure (RAP), mean pulmonary artery pressure (mPAP), pulmonary artery wedge pressure (PAWP) and cardiac index (CI). In every stage of exercise (20, 40, and 60 W), the RAP, mPAP, and PAWP were lower in the sitting position. Exercise in the sitting position allowed the identification of preload insufficiency in nine patients. Exercise in either position increased the identification of postcapillary pulmonary hypertension (PH). Body position significantly influences hemodynamics at rest and with exercise; however, mPAP/CO and PAWP/CO were not positionally affected. Hemodynamic measurements in the seated position allowed the detection of preload insufficiency, a condition that was predominantly identified as no PH during supine exercise.",224,"Pulmonary circulation",2024,"Respiratory Institute Cleveland Clinic Cleveland Ohio USA","","","Cardiovascular","the addition of exercise testing during right heart catheterization rhc is often required to accurately diagnose causes of exercise intolerance like early pulmonary vascular disease occult left heart disease and preload insufficiency we tested the influence of body position supine vs seated on hemodynamic classification both at rest and during exercise we enrolled patients with exercise intolerance due to dyspnea who were referred for exercise rhc at the cleveland clinic patients were randomized to exercise in seated or supine position to a goal of w followed by maximal exercise in the alternate position we analyzed patients aged years including females at rest in the sitting position patients had significantly lower right atrial pressure rap mean pulmonary artery pressure mpap pulmonary artery wedge pressure pawp and cardiac index ci in every stage of exercise and w the rap mpap and pawp were lower in the sitting position exercise in the sitting position allowed the identification of preload insufficiency in nine patients exercise in either position increased the identification of postcapillary pulmonary hypertension ph body position significantly influences hemodynamics at rest and with exercise however mpap co and pawp co were not positionally affected hemodynamic measurements in the seated position allowed the detection of preload insufficiency a condition that was predominantly identified as no ph during supine exercise"
38108579,"Glucose microenvironment sensitive degradation of arginine modified calcium sulfate reinforced poly(lactide-co-glycolide) composite scaffolds.","Poly(lactide-co-glycolide) (PLGA) and calcium sulfate composites are promising biodegradable biomaterials but are still challenging to use in people with high levels of blood glucose or diabetes. To date, the influence of glucose on their degradation has not yet been elucidated and thus calls for more research attention. Herein, a novel calcium sulfate whisker with L-arginine was used to effectively tune its crystal morphology and was employed as a reinforced phase to construct the PLGA-based composite scaffolds (ArgCSH/PLGA) with a sleeve porous structure. ArgCSH/PLGA showed excellent elastic modulus and strength in the compression and bending models. Moreover, an in vitro immersion test showed that ArgCSH/PLGA possessed degradation and redeposition behaviors sensitive to glucose concentration, and the adsorbed Arg played a crucial role in the degradation process. The subsequent cell functional evaluation showed that ArgCSH could effectively protect cells from damage caused by AGEs and promote osteogenic differentiation. The corresponding degradation products of ArgCSH/PLGA displayed the ability to regulate osteoblast bone differentiation and accelerate matrix mineralization. These findings provide new insights into the interaction between biomaterials and the physiological environment, which may be useful in expanding the targeted choice of efficient bone graft biodegradable materials for diabetic osteoporosis.",196,"Journal of materials chemistry. B",2024,"P R China Zhuyz@fshtcmcomcn","Humans; Polylactic Acid-Polyglycolic Acid Copolymer; Osteogenesis; Polyglactin 910; Calcium Sulfate; Polyglycolic Acid; Lactic Acid; Arginine; Biocompatible Materials","Osteogenesis","Diabetes","poly lactide co glycolide plga and calcium sulfate composites are promising biodegradable biomaterials but are still challenging to use in people with high levels of blood glucose or diabetes to date the influence of glucose on their degradation has not yet been elucidated and thus calls for more research attention herein a novel calcium sulfate whisker with l arginine was used to effectively tune its crystal morphology and was employed as a reinforced phase to construct the plga based composite scaffolds argcsh plga with a sleeve porous structure argcsh plga showed excellent elastic modulus and strength in the compression and bending models moreover an in vitro immersion test showed that argcsh plga possessed degradation and redeposition behaviors sensitive to glucose concentration and the adsorbed arg played a crucial role in the degradation process the subsequent cell functional evaluation showed that argcsh could effectively protect cells from damage caused by ages and promote osteogenic differentiation the corresponding degradation products of argcsh plga displayed the ability to regulate osteoblast bone differentiation and accelerate matrix mineralization these findings provide new insights into the interaction between biomaterials and the physiological environment which may be useful in expanding the targeted choice of efficient bone graft biodegradable materials for diabetic osteoporosis"
38227216,"Discovery, Optimization, and Biological Evaluation of Arylpyridones as Cbl-b Inhibitors.","Casitas B-lymphoma proto-oncogene-b (Cbl-b), a member of the Cbl family of RING finger E3 ubiquitin ligases, has been demonstrated to play a central role in regulating effector T-cell function. Multiple studies using gene-targeting approaches have provided direct evidence that Cbl-b negatively regulates T, B, and NK cell activation via a ubiquitin-mediated protein modulation. Thus, inhibition of Cbl-b ligase activity can lead to immune activation and has therapeutic potential in immuno-oncology. Herein, we describe the discovery and optimization of an arylpyridone series as Cbl-b inhibitors by structure-based drug discovery to afford compound 31. This compound binds to Cbl-b with an IC50 value of 30 nM and induces IL-2 production in T-cells with an EC50 value of 230 nM. Compound 31 also shows robust intracellular target engagement demonstrated through inhibition of Cbl-b autoubiquitination, inhibition of ubiquitin transfer to ZAP70, and the cellular modulation of phosphorylation of a downstream signal within the TCR axis.",151,"Journal of medicinal chemistry",2024,"United States","Proto-Oncogene Proteins c-cbl; Ubiquitin-Protein Ligases; T-Lymphocytes; Phosphorylation; Ubiquitin","Proto-Oncogene Proteins c-cbl","Cancer","casitas b lymphoma proto oncogene b cbl b a member of the cbl family of ring finger e ubiquitin ligases has been demonstrated to play a central role in regulating effector t cell function multiple studies using gene targeting approaches have provided direct evidence that cbl b negatively regulates t b and nk cell activation via a ubiquitin mediated protein modulation thus inhibition of cbl b ligase activity can lead to immune activation and has therapeutic potential in immuno oncology herein we describe the discovery and optimization of an arylpyridone series as cbl b inhibitors by structure based drug discovery to afford compound this compound binds to cbl b with an ic value of nm and induces il production in t cells with an ec value of nm compound also shows robust intracellular target engagement demonstrated through inhibition of cbl b autoubiquitination inhibition of ubiquitin transfer to zap and the cellular modulation of phosphorylation of a downstream signal within the tcr axis"
38281402,"Neurological disorders throughout acute SARS-CoV2 infection: A comparative study between vaccinated and non-vaccinated patients.","The role of vaccination on Covid-19 severity in neurological patients is still unknown. We aim at describing clinical characteristics and outcomes of breakthrough and unvaccinated Covid-19 patients hospitalized for neurological disorders. Two hundred thirty-two Covid-19 patients were admitted to a neuro-Covid Unit form March 1st 2021 to February 28th 2022. Out of the total sample, 74 (32%) were full vaccinated. The prevalence, clinical characteristics, disease severity, expressed by Brescia-COVID Respiratory Severity Scale (BCRSS) and National Early Warning Score 2 (NEWS2), and final outcomes of neurological syndromes were compared between vaccinated and unvaccinated cases. Cox regression analysis was implemented in order to investigate the combined effect of predictors of mortality. Breakthrough vaccinated cases were older (years 72.4 ± 16.3 vs 67.0 ± 18.9 years, p = 0.029), showed higher pre-admission comorbidity score and Clinical Frailty scale score (4.46 ± 1.6 vs 3.75 ± 2.0, p = 0.008) with no differences in terms of disease progression or mortality rate (16.2% vs 15.2%), compared to full-dose vaccinated patients. Cox-regression analysis showed age and NEWS2 score as the variables with a significant relation to mortality between the two groups, independently from pre-morbid conditions and inflammatory response. This study on breakthrough COVID-19 infection could help identify vulnerable neurological patients with higher risk of poor outcomes.",210,"Journal of the neurological sciences",2024,"Italy Electronic address: vivianacristillo@gmailcom","Humans; COVID-19; RNA, Viral; SARS-CoV-2; Nervous System Diseases; Breakthrough Infections","COVID-19","Neurological","the role of vaccination on covid severity in neurological patients is still unknown we aim at describing clinical characteristics and outcomes of breakthrough and unvaccinated covid patients hospitalized for neurological disorders two hundred thirty two covid patients were admitted to a neuro covid unit form march st to february th out of the total sample were full vaccinated the prevalence clinical characteristics disease severity expressed by brescia covid respiratory severity scale bcrss and national early warning score news and final outcomes of neurological syndromes were compared between vaccinated and unvaccinated cases cox regression analysis was implemented in order to investigate the combined effect of predictors of mortality breakthrough vaccinated cases were older years vs years p showed higher pre admission comorbidity score and clinical frailty scale score vs p with no differences in terms of disease progression or mortality rate vs compared to full dose vaccinated patients cox regression analysis showed age and news score as the variables with a significant relation to mortality between the two groups independently from pre morbid conditions and inflammatory response this study on breakthrough covid infection could help identify vulnerable neurological patients with higher risk of poor outcomes"
38272336,"A developmental framework for understanding the influence of sex and gender on health: Pediatric pain as an exemplar.","Sex differences are a robust finding in many areas of adult health, including cardiovascular disease, psychiatric disorders, and chronic pain. However, many sex differences are not consistently observed until after the onset of puberty. This has led to the hypothesis that hormones are primary contributors to sex differences in health outcomes, largely ignoring the relative contributions of early developmental influences, emerging psychosocial factors, gender, and the interaction between these variables. In this paper, we argue that a comprehensive understanding of sex and gender contributions to health outcomes should start as early as conception and take an iterative biopsychosocial-developmental perspective that considers intersecting social positions. We present a conceptual framework, informed by a review of the literature in basic, clinical, and social science that captures how critical developmental stages for both sex and gender can affect children's health and longer-term outcomes. The literature on pediatric chronic pain is used as a worked example of how the framework can be applied to understanding different chronic conditions.",164,"Neuroscience and biobehavioral reviews",2024,"Canada Electronic address: katelynnboerner@bcchrca","Adult; Child; Humans; Male; Female; Chronic Pain; Child Development; Mental Disorders; Sex Characteristics","Chronic Pain","Cardiovascular","sex differences are a robust finding in many areas of adult health including cardiovascular disease psychiatric disorders and chronic pain however many sex differences are not consistently observed until after the onset of puberty this has led to the hypothesis that hormones are primary contributors to sex differences in health outcomes largely ignoring the relative contributions of early developmental influences emerging psychosocial factors gender and the interaction between these variables in this paper we argue that a comprehensive understanding of sex and gender contributions to health outcomes should start as early as conception and take an iterative biopsychosocial developmental perspective that considers intersecting social positions we present a conceptual framework informed by a review of the literature in basic clinical and social science that captures how critical developmental stages for both sex and gender can affect children s health and longer term outcomes the literature on pediatric chronic pain is used as a worked example of how the framework can be applied to understanding different chronic conditions"
39882449,"Gut microbiota, metabolites, and cytokines in relation to the risk of prostate cancer in the Asian population.","Studies have shown that gut microbiota is involved in the tumorigenesis and development of prostate cancer. We aimed to perform a comprehensive analysis of causal associations of gut microbiota, metabolites, and cytokines with prostate cancer in the Asian population. Genome-wide association study (GWAS) summary datasets were collected from the public databases. There were 418 bacterial traits, 452 metabolites, 91 cytokines, 5408 cases of prostate cancer from East Asia, and 109,347 controls included. Mendelian randomization (MR) analyses were performed to investigate their causal relationships. Sensitivity analyses were conducted to test the reliability of MR results. Furthermore, the FinnGen database was used to assess the generalizability of our findings based on Asians. There were a total of 17 bacterial traits, 28 metabolites (including 2 microbiota-associated metabolites), and 9 cytokines to be significantly associated with prostate cancer in Asians (P < 0.05). Further MR analyses of these positive results indicated that G_Ruminococcaceae UCG014/TNFSF10 axis, G_Anaerofilum/TNFRSF14 axis, G_Erysipelotrichaceae UCG003/TNFSF10 axis, and P_Proteobacteria/cholesterol axis were key signaling pathways involved in the progression of prostate cancer. Notably, G_Ruminococcaceae UCG014/TNFSF10 axis and G_Anaerofilum/TNFRSF14 axis were found to act as protective factors, while the other two signaling axes played a crucial role in promoting the progression of prostate cancer. Sensitivity analyses further confirmed the reliability of our findings. Using the European population as outcome, we further assessed the generalizability of our conclusions and found limited applicability to Europeans. We found that there were causal associations of gut microbiota, metabolites, and cytokines with prostate cancer in Asians. The causal effects of gut microbiota on prostate cancer were partially mediated by metabolites and cytokines. These findings might contribute to the development of new therapeutic strategies for prostate cancer.",278,"Frontiers in oncology",2024,"China","","","Cancer","studies have shown that gut microbiota is involved in the tumorigenesis and development of prostate cancer we aimed to perform a comprehensive analysis of causal associations of gut microbiota metabolites and cytokines with prostate cancer in the asian population genome wide association study gwas summary datasets were collected from the public databases there were bacterial traits metabolites cytokines cases of prostate cancer from east asia and controls included mendelian randomization mr analyses were performed to investigate their causal relationships sensitivity analyses were conducted to test the reliability of mr results furthermore the finngen database was used to assess the generalizability of our findings based on asians there were a total of bacterial traits metabolites including microbiota associated metabolites and cytokines to be significantly associated with prostate cancer in asians p further mr analyses of these positive results indicated that g ruminococcaceae ucg tnfsf axis g anaerofilum tnfrsf axis g erysipelotrichaceae ucg tnfsf axis and p proteobacteria cholesterol axis were key signaling pathways involved in the progression of prostate cancer notably g ruminococcaceae ucg tnfsf axis and g anaerofilum tnfrsf axis were found to act as protective factors while the other two signaling axes played a crucial role in promoting the progression of prostate cancer sensitivity analyses further confirmed the reliability of our findings using the european population as outcome we further assessed the generalizability of our conclusions and found limited applicability to europeans we found that there were causal associations of gut microbiota metabolites and cytokines with prostate cancer in asians the causal effects of gut microbiota on prostate cancer were partially mediated by metabolites and cytokines these findings might contribute to the development of new therapeutic strategies for prostate cancer"
37460031,"Effects of total alkaloids from Alstonia scholaris (L.) R. Br. on ovalbumin-induced asthma mice.","More than 300 million people worldwide suffer from asthma, a chronic respiratory inflammatory disease. Total alkaloids (TA) were extracted from the ethnic medicinal plant Alstonia solaris (L.) R.Br., which is used to treat respiratory diseases. They may be effective drugs for treating asthma, but research is still needed to determine their effectiveness and mechanism in treating asthma. To further understand TA's role in the treatment of asthma and to support the phase II trial of the drug. In this study, we investigated the effects of TA in a mouse asthma model produced by Ovalbumin (OVA). H&E and PAS staining were used to observe the histopathological features of lung. airway hyperresponsiveness (AHR) was detected by ventilator; The expression of interleukin (IL)-33, suppression of tumorigenicity 2 (ST2) and E-cadherin in the lungs was evaluated by IHC. The concentrations of Mucin5AC (MUC5AC), eotaxin, IL-4, IL-5, IL-9, IL-13, interferon (IFN)-γ, IL-6, IL-8, IL-17A, IL-33, IL-25, thymic stromal lymphopoietin (TSLP), monocyte chemoattractant protein 1 (MCP-1), leukotriene (LT) B4, LTC4, LTD4, LTE4 in bronchoalveolar lavage fluid (BALF) and total IgE (tIgE), OVA-Specific IgE (OVA-IgE) in serum were measured by ELISA. ILC2s and eosinophils were detected in lung tissue by flow cytometry. The gene expression levels of IL-33 and ST2 were detected by RT-qPCR. Administration of TA reduced pulmonary inflammatory symptoms, MUC5AC production in the BALF, and AHR. At the same time, TA inhibited eotaxin production and eosinophil recruitment. Moreover, TA significantly decreased Th2 and Th17 cytokines and increased Th1 cytokines, contributing to restore the balance between Th1 and Th2 and Th17 cytokines. TA may reduce ILC2s numbers by inhibiting IL-33, IL-25, and TSLP levels in BALF and IL-33/ST2 signaling in lung tissue. Finally, TA decreased tIgE, OVA-IgE, and MCP-1 levels and subsequently inhibited mast cell activation and leukotriene release. These findings imply that TA may be an effective immunoregulatory medication for the management and prevention of asthma.",311,"Journal of ethnopharmacology",2024,"China","Mice; Animals; Alstonia; Ovalbumin; Interleukin-33; Interleukin-1 Receptor-Like 1 Protein; Immunity, Innate; Asthma; Lung; Cytokines","Alstonia","Cancer","more than million people worldwide suffer from asthma a chronic respiratory inflammatory disease total alkaloids ta were extracted from the ethnic medicinal plant alstonia solaris l r br which is used to treat respiratory diseases they may be effective drugs for treating asthma but research is still needed to determine their effectiveness and mechanism in treating asthma to further understand ta s role in the treatment of asthma and to support the phase ii trial of the drug in this study we investigated the effects of ta in a mouse asthma model produced by ovalbumin ova h e and pas staining were used to observe the histopathological features of lung airway hyperresponsiveness ahr was detected by ventilator the expression of interleukin il suppression of tumorigenicity st and e cadherin in the lungs was evaluated by ihc the concentrations of mucin ac muc ac eotaxin il il il il interferon ifn il il il a il il thymic stromal lymphopoietin tslp monocyte chemoattractant protein mcp leukotriene lt b ltc ltd lte in bronchoalveolar lavage fluid balf and total ige tige ova specific ige ova ige in serum were measured by elisa ilc s and eosinophils were detected in lung tissue by flow cytometry the gene expression levels of il and st were detected by rt qpcr administration of ta reduced pulmonary inflammatory symptoms muc ac production in the balf and ahr at the same time ta inhibited eotaxin production and eosinophil recruitment moreover ta significantly decreased th and th cytokines and increased th cytokines contributing to restore the balance between th and th and th cytokines ta may reduce ilc s numbers by inhibiting il il and tslp levels in balf and il st signaling in lung tissue finally ta decreased tige ova ige and mcp levels and subsequently inhibited mast cell activation and leukotriene release these findings imply that ta may be an effective immunoregulatory medication for the management and prevention of asthma"
38175219,"The influence of motion-compensated reconstruction on coronary artery analysis for a dual-layer detector CT system: a dynamic phantom study.","Cardiac motion artifacts hinder the assessment of coronary arteries in coronary computed tomography angiography (CCTA). We investigated the impact of motion compensation reconstruction (MCR) on motion artifacts in CCTA at various heart rates (HR) using a dynamic phantom. An artificial hollow coronary artery (5-mm diameter lumen) filled with iodinated contrast agent (400 HU at 120 kVp), positioned centrally in an anthropomorphic chest phantom, was scanned using a dual-layer spectral detector CT. The artery was translated at constant horizontal velocities (0-80 mm/s, increment of 10 mm/s). For each velocity, five CCTA scans were repeated using a clinical protocol. Motion artifacts were quantified using the in-plane motion area. Regression analysis was performed to calculate the reduction in motion artifacts provided by MCR, by division of the slopes of non-MCR and MCR fitted lines. Reference mean (95% confidence interval) motion artifact area was 24.9 mm2 (23.8, 26.0). Without MCR, motion artifact areas for velocities exceeding 20 mm/s were significantly larger (up to 57.2 mm2 (40.1, 74.2)) than the reference. With MCR, no significant differences compared to the reference were shown for all velocities, except for 70 mm/s (29.0 mm2 (27.0, 31.0)). The slopes of the fitted data were 0.44 and 0.04 for standard and MCR reconstructions, respectively, resulting in an 11-time motion artifact reduction. MCR may improve CCTA assessment in patients by reducing coronary artery motion artifacts, especially in those with elevated HR who cannot receive beta blockers or do not attain the targeted HR. This vendor-specific motion compensation reconstruction may improve coronary computed tomography angiography assessment in patients by reduction of coronary artery motion artifacts, especially in those with elevated various heart rates (HR) who cannot receive beta blockers or do not attain the targeted HR. • Motion artifacts are known to hinder the assessment of coronary arteries on coronary CT angiography (CCTA), leading to more non-diagnostic scans. • This dynamic phantom study shows that motion compensation reconstruction (MCR) reduces motion artifacts at various velocities, which may help to decrease the number of non-diagnostic scans. • MCR in this study showed to reduce motion artifacts 11-fold.",344,"European radiology",2024,"The Netherlands","Phantoms, Imaging; Artifacts; Humans; Computed Tomography Angiography; Coronary Angiography; Coronary Vessels; Motion; Heart Rate; Image Processing, Computer-Assisted","Phantoms, Imaging","Cardiovascular","cardiac motion artifacts hinder the assessment of coronary arteries in coronary computed tomography angiography ccta we investigated the impact of motion compensation reconstruction mcr on motion artifacts in ccta at various heart rates hr using a dynamic phantom an artificial hollow coronary artery mm diameter lumen filled with iodinated contrast agent hu at kvp positioned centrally in an anthropomorphic chest phantom was scanned using a dual layer spectral detector ct the artery was translated at constant horizontal velocities mm s increment of mm s for each velocity five ccta scans were repeated using a clinical protocol motion artifacts were quantified using the in plane motion area regression analysis was performed to calculate the reduction in motion artifacts provided by mcr by division of the slopes of non mcr and mcr fitted lines reference mean confidence interval motion artifact area was mm without mcr motion artifact areas for velocities exceeding mm s were significantly larger up to mm than the reference with mcr no significant differences compared to the reference were shown for all velocities except for mm s mm the slopes of the fitted data were and for standard and mcr reconstructions respectively resulting in an time motion artifact reduction mcr may improve ccta assessment in patients by reducing coronary artery motion artifacts especially in those with elevated hr who cannot receive beta blockers or do not attain the targeted hr this vendor specific motion compensation reconstruction may improve coronary computed tomography angiography assessment in patients by reduction of coronary artery motion artifacts especially in those with elevated various heart rates hr who cannot receive beta blockers or do not attain the targeted hr motion artifacts are known to hinder the assessment of coronary arteries on coronary ct angiography ccta leading to more non diagnostic scans this dynamic phantom study shows that motion compensation reconstruction mcr reduces motion artifacts at various velocities which may help to decrease the number of non diagnostic scans mcr in this study showed to reduce motion artifacts fold"
41473541,"Upcycling defatted rice bran into alginate based noodles via hydrocolloid assisted development and assessment of structural and functional properties.","Upcycling defatted rice bran (DRB), a nutrient rich byproduct of rice milling, offers a sustainable way to add value and reduce waste. Despite its nutritional potential, its coarse texture, low stability, and poor compatibility with food systems limit its direct application. This study aimed to valorize DRB by formulating functional noodles using alginate-based encapsulation and to investigate the effects of different hydrocolloids including gelatin, carrageenan, and agar on noodle structure, texture, in vitro digestion, and phenolic release. Sodium alginate was used at 1.8 % (w/v), DRB at concentrations ranging from 1 to 5 % (w/v), and hydrocolloids at 0.25-1.0 % (w/v). Response Surface Methodology identified the optimal formulation as 1.0 % (w/v) DRB combined with 1.0 % (w/v) hydrocolloid. Gelatin significantly improved tensile strength and encapsulation efficiency, carrageenan softened the texture, and agar provided balanced textural properties. FT-IR revealed stronger hydrogen bonding in gelatin-based noodles, while X-ray diffraction (XRD) indicated increased crystallinity. LC-MS-MS analysis confirmed greater retention of phenolic acids, particularly ferulic and sinapic acids, in gelatin formulations following thermal processing. In vitro digestion showed that gelatin-based noodles released the most phenolics and proteins with superior antioxidant activity, suggesting improved bioavailability. Although DRB incorporation increased glucose release in all formulations, the gelatin DRB combination yielded the lowest glucose release, likely due to the gel matrix formed by gelatin acting as a diffusion barrier. The findings suggest that alginate-based noodles can be sustainably developed using DRB, with gelatin enhancing structural integrity and bioactive stability, supporting a novel approach to functional food innovation.",251,"Current research in food science",2025,"Thailand","","","Diabetes","upcycling defatted rice bran drb a nutrient rich byproduct of rice milling offers a sustainable way to add value and reduce waste despite its nutritional potential its coarse texture low stability and poor compatibility with food systems limit its direct application this study aimed to valorize drb by formulating functional noodles using alginate based encapsulation and to investigate the effects of different hydrocolloids including gelatin carrageenan and agar on noodle structure texture in vitro digestion and phenolic release sodium alginate was used at w v drb at concentrations ranging from to w v and hydrocolloids at w v response surface methodology identified the optimal formulation as w v drb combined with w v hydrocolloid gelatin significantly improved tensile strength and encapsulation efficiency carrageenan softened the texture and agar provided balanced textural properties ft ir revealed stronger hydrogen bonding in gelatin based noodles while x ray diffraction xrd indicated increased crystallinity lc ms ms analysis confirmed greater retention of phenolic acids particularly ferulic and sinapic acids in gelatin formulations following thermal processing in vitro digestion showed that gelatin based noodles released the most phenolics and proteins with superior antioxidant activity suggesting improved bioavailability although drb incorporation increased glucose release in all formulations the gelatin drb combination yielded the lowest glucose release likely due to the gel matrix formed by gelatin acting as a diffusion barrier the findings suggest that alginate based noodles can be sustainably developed using drb with gelatin enhancing structural integrity and bioactive stability supporting a novel approach to functional food innovation"
38171947,"Photoacoustic imaging of squirrel monkey cortical responses induced by peripheral mechanical stimulation.","Non-human primates (NHPs) are crucial models for studies of neuronal activity. Emerging photoacoustic imaging modalities offer excellent tools for studying NHP brains with high sensitivity and high spatial resolution. In this research, a photoacoustic microscopy (PAM) device was used to provide a label-free quantitative characterization of cerebral hemodynamic changes due to peripheral mechanical stimulation. A 5 × 5 mm area within the somatosensory cortex region of an adult squirrel monkey was imaged. A deep, fully connected neural network was characterized and applied to the PAM images of the cortex to enhance the vessel structures after mechanical stimulation on the forelimb digits. The quality of the PAM images was improved significantly with a neural network while preserving the hemodynamic responses. The functional responses to the mechanical stimulation were characterized based on the improved PAM images. This study demonstrates capability of PAM combined with machine learning for functional imaging of the NHP brain.",151,"Journal of biophotonics",2024,"USA","Animals; Saimiri; Photoacoustic Techniques; Microscopy; Hemodynamics; Neurons","Photoacoustic Techniques","Neurological","non human primates nhps are crucial models for studies of neuronal activity emerging photoacoustic imaging modalities offer excellent tools for studying nhp brains with high sensitivity and high spatial resolution in this research a photoacoustic microscopy pam device was used to provide a label free quantitative characterization of cerebral hemodynamic changes due to peripheral mechanical stimulation a mm area within the somatosensory cortex region of an adult squirrel monkey was imaged a deep fully connected neural network was characterized and applied to the pam images of the cortex to enhance the vessel structures after mechanical stimulation on the forelimb digits the quality of the pam images was improved significantly with a neural network while preserving the hemodynamic responses the functional responses to the mechanical stimulation were characterized based on the improved pam images this study demonstrates capability of pam combined with machine learning for functional imaging of the nhp brain"
37221037,"Bailout endovascular techniques applied in a complicated basilar thrombectomy case.","Patients with stroke symptoms due to acute basilar artery occlusion can benefit from endovascular thrombectomy.1 2 Several papers have reported unwanted events during thrombectomy procedures such as breakage, fragmentation, or even intravascular migration of the devices or catheter pieces. These papers also presented methods or techniques to retrieve defective devices such as a snare, retrievable stents, or balloons.3-6 Video 1 presents a case of basilar thrombectomy that was complicated with fragmentation and then distal migration of a Marksman microcatheter tip into the left posterior cerebral artery. The video shows the bailout technique that was used to retrieve the migrated catheter tip using a gentle/simple and posterior circulation-friendly technique-a technique based on fundamental neurointerventional concepts. neurintsurg;16/2/217/V1F1V1Video 1 This video demonstrates the use of a bailout technique to retrieve a migrated microcatehter tip after basilar artery thrombectomy.",135,"Journal of neurointerventional surgery",2024,"USA","Humans; Vertebrobasilar Insufficiency; Thrombectomy; Basilar Artery; Stroke; Endovascular Procedures; Stents; Treatment Outcome","Vertebrobasilar Insufficiency","Neurological","patients with stroke symptoms due to acute basilar artery occlusion can benefit from endovascular thrombectomy several papers have reported unwanted events during thrombectomy procedures such as breakage fragmentation or even intravascular migration of the devices or catheter pieces these papers also presented methods or techniques to retrieve defective devices such as a snare retrievable stents or balloons video presents a case of basilar thrombectomy that was complicated with fragmentation and then distal migration of a marksman microcatheter tip into the left posterior cerebral artery the video shows the bailout technique that was used to retrieve the migrated catheter tip using a gentle simple and posterior circulation friendly technique a technique based on fundamental neurointerventional concepts neurintsurg v f v video this video demonstrates the use of a bailout technique to retrieve a migrated microcatehter tip after basilar artery thrombectomy"
39850131,"Exploring the alleviating effects of Bifidobacterium metabolite lactic acid on non-alcoholic steatohepatitis through the gut-liver axis.","This study investigates the protective effects of lactic acid, a metabolite of Bifidobacterium, on non-alcoholic fatty liver disease (NAFLD) induced by a high-sugar, high-fat diet (HFD) in mice, in the context of the gut-liver axis. A NAFLD mouse model was established using a HFD, and different intervention groups were set up to study the protective effects of Bifidobacterium and its metabolite lactic acid. The groups included a control group, NAFLD group, Bifidobacterium treatment group, Glyceraldehyde-3-P (G-3P) co-treatment group, and NOD-like receptor family pyrin domain containing 3 (NLRP3) overexpression group. The evaluation of liver function and lipid metabolism was conducted using the liver-to-body weight ratio, histological staining, and biochemical assays. Enzyme-linked immunosorbent assay (ELISA) was performed to measure inflammatory cytokines, and western blotting was used to analyze the expression of NLRP3 inflammasome and autophagy-related molecules. In vitro, an NAFLD cell model was established using oleic acid, with cells treated with lactic acid and NLRP3 overexpression to assess lipid droplet accumulation and inflammation. In vivo findings indicated that, in comparison to CBX group (Control group without antibiotic treatment), NAFLD/CBX group (NAFLD group without antibiotic administration) and NAFLD/ABX group (NAFLD group with antibiotic administration) exhibited increased liver-to-body weight ratio, higher lipid droplet accumulation, aggravated liver histopathological damage, and elevated levels of AST (Aspartate Aminotransferase), ALT (Alanine Aminotransferase), TC (Total Cholesterol), TG (Triglycerides), LDL-C (Low-Density Lipoprotein Cholesterol), IL-6 (Interleukin-6), TNF-α (Tumor Necrosis Factor-alpha), IL-1β (Interleukin-1 beta), and NLRP3-related molecules, while HDL-C (High-Density Lipoprotein Cholesterol) levels significantly decreased. Intervention with Bifidobacterium significantly reversed these adverse changes. Further addition of G-3P led to more pronounced improvement in NAFLD symptoms, while overexpression of NLRP3 weakened the protective effects of Bifidobacterium. In vitro results indicated that Ole group exhibited heightened lipid droplet accumulation and expression of NLRP3 inflammasome-related molecules relative to the control group. Treatment with lactic acid effectively reversed these changes; however, the protective effect of lactic acid was significantly weakened with NLRP3 overexpression. Lactic acid can alleviate lipid metabolism disorders in NAFLD induced by diet through the inhibition of inflammation mediated by the NLRP3 inflammasome and the regulation of the autophagy process.",346,"Frontiers in microbiology",2024,"China","","","Cancer","this study investigates the protective effects of lactic acid a metabolite of bifidobacterium on non alcoholic fatty liver disease nafld induced by a high sugar high fat diet hfd in mice in the context of the gut liver axis a nafld mouse model was established using a hfd and different intervention groups were set up to study the protective effects of bifidobacterium and its metabolite lactic acid the groups included a control group nafld group bifidobacterium treatment group glyceraldehyde p g p co treatment group and nod like receptor family pyrin domain containing nlrp overexpression group the evaluation of liver function and lipid metabolism was conducted using the liver to body weight ratio histological staining and biochemical assays enzyme linked immunosorbent assay elisa was performed to measure inflammatory cytokines and western blotting was used to analyze the expression of nlrp inflammasome and autophagy related molecules in vitro an nafld cell model was established using oleic acid with cells treated with lactic acid and nlrp overexpression to assess lipid droplet accumulation and inflammation in vivo findings indicated that in comparison to cbx group control group without antibiotic treatment nafld cbx group nafld group without antibiotic administration and nafld abx group nafld group with antibiotic administration exhibited increased liver to body weight ratio higher lipid droplet accumulation aggravated liver histopathological damage and elevated levels of ast aspartate aminotransferase alt alanine aminotransferase tc total cholesterol tg triglycerides ldl c low density lipoprotein cholesterol il interleukin tnf tumor necrosis factor alpha il interleukin beta and nlrp related molecules while hdl c high density lipoprotein cholesterol levels significantly decreased intervention with bifidobacterium significantly reversed these adverse changes further addition of g p led to more pronounced improvement in nafld symptoms while overexpression of nlrp weakened the protective effects of bifidobacterium in vitro results indicated that ole group exhibited heightened lipid droplet accumulation and expression of nlrp inflammasome related molecules relative to the control group treatment with lactic acid effectively reversed these changes however the protective effect of lactic acid was significantly weakened with nlrp overexpression lactic acid can alleviate lipid metabolism disorders in nafld induced by diet through the inhibition of inflammation mediated by the nlrp inflammasome and the regulation of the autophagy process"
41098602,"Accuracy and Safety of Pedicle Screw Insertion Using Novel Intraoperative Computed Tomography Navigation System for Spinal Fusion Surgery.","Accurate pedicle screw placement is critical in spinal fusion surgery to prevent complications such as neurological and vascular injuries. While conventional intraoperative computed tomography (iCT) navigation systems enhance placement accuracy and reduce radiation exposure compared to fluoroscopic guidance, they can encounter line-of-sight issues that disrupt surgical workflows. The NextAR iCT navigation system aims to overcome these challenges by integrating an infrared camera directly onto surgical instruments, streamlining navigation and improving procedural efficiency. This retrospective study evaluated the accuracy and safety of pedicle screw insertion using the NextAR navigation system in lumbar spinal fusion for degenerative diseases. We analyzed 307 screws using a CT-based grading system. Among the 307 screws inserted, only 8 (2.6%) exhibited minor deviations (grade 1 or 2), with no severe perforations (grade 3 or 4). There were no neurological or vascular complications related to screw placement. The NextAR system enabled precise pedicle screw insertion without the need for fluoroscopic guidance, eliminating radiation exposure for the surgical team. The NextAR navigation system demonstrated high accuracy and safety in pedicle screw placement for lumbar degenerative diseases. By addressing line-of-sight issues inherent in traditional navigation systems and eliminating intraoperative radiation exposure, it offers significant procedural advantages. Further randomized controlled trials are needed to compare its effectiveness with other advanced navigation systems.",211,"Spine surgery and related research",2025,"Japan","","","Neurological","accurate pedicle screw placement is critical in spinal fusion surgery to prevent complications such as neurological and vascular injuries while conventional intraoperative computed tomography ict navigation systems enhance placement accuracy and reduce radiation exposure compared to fluoroscopic guidance they can encounter line of sight issues that disrupt surgical workflows the nextar ict navigation system aims to overcome these challenges by integrating an infrared camera directly onto surgical instruments streamlining navigation and improving procedural efficiency this retrospective study evaluated the accuracy and safety of pedicle screw insertion using the nextar navigation system in lumbar spinal fusion for degenerative diseases we analyzed screws using a ct based grading system among the screws inserted only exhibited minor deviations grade or with no severe perforations grade or there were no neurological or vascular complications related to screw placement the nextar system enabled precise pedicle screw insertion without the need for fluoroscopic guidance eliminating radiation exposure for the surgical team the nextar navigation system demonstrated high accuracy and safety in pedicle screw placement for lumbar degenerative diseases by addressing line of sight issues inherent in traditional navigation systems and eliminating intraoperative radiation exposure it offers significant procedural advantages further randomized controlled trials are needed to compare its effectiveness with other advanced navigation systems"
37824084,"Novel insight into the etiology of ischemic stroke gained by integrative multiome-wide association study.","Stroke, characterized by sudden neurological deficits, is the second leading cause of death worldwide. Although genome-wide association studies (GWAS) have successfully identified many genomic regions associated with ischemic stroke (IS), the genes underlying risk and their regulatory mechanisms remain elusive. Here, we integrate a large-scale GWAS (N = 1 296 908) for IS together with molecular QTLs data, including mRNA, splicing, enhancer RNA (eRNA), and protein expression data from up to 50 tissues (total N = 11 588). We identify 136 genes/eRNA/proteins associated with IS risk across 60 independent genomic regions and find IS risk is most enriched for eQTLs in arterial and brain-related tissues. Focusing on IS-relevant tissues, we prioritize 9 genes/proteins using probabilistic fine-mapping TWAS analyses. In addition, we discover that blood cell traits, particularly reticulocyte cells, have shared genetic contributions with IS using TWAS-based pheWAS and genetic correlation analysis. Lastly, we integrate our findings with a large-scale pharmacological database and identify a secondary bile acid, deoxycholic acid, as a potential therapeutic component. Our work highlights IS risk genes/splicing-sites/enhancer activity/proteins with their phenotypic consequences using relevant tissues as well as identify potential therapeutic candidates for IS.",188,"Human molecular genetics",2024,"United States","Humans; Transcriptome; Genome-Wide Association Study; Ischemic Stroke; Genomics; Phenotype; Genetic Predisposition to Disease; Polymorphism, Single Nucleotide","Transcriptome","Neurological","stroke characterized by sudden neurological deficits is the second leading cause of death worldwide although genome wide association studies gwas have successfully identified many genomic regions associated with ischemic stroke is the genes underlying risk and their regulatory mechanisms remain elusive here we integrate a large scale gwas n for is together with molecular qtls data including mrna splicing enhancer rna erna and protein expression data from up to tissues total n we identify genes erna proteins associated with is risk across independent genomic regions and find is risk is most enriched for eqtls in arterial and brain related tissues focusing on is relevant tissues we prioritize genes proteins using probabilistic fine mapping twas analyses in addition we discover that blood cell traits particularly reticulocyte cells have shared genetic contributions with is using twas based phewas and genetic correlation analysis lastly we integrate our findings with a large scale pharmacological database and identify a secondary bile acid deoxycholic acid as a potential therapeutic component our work highlights is risk genes splicing sites enhancer activity proteins with their phenotypic consequences using relevant tissues as well as identify potential therapeutic candidates for is"
40761574,"Minimally invasive solutions for ischiofemoral impingement: case analysis and evolving surgical strategies.","Variations in the femoral version are increasingly recognized as a cause of coxalgia due to impingement or instability. The true prevalence of these variations remains unknown. The authors report a case of bilateral ischiofemoral impingement (IFI) caused by excessive femoral anteversion treated with a subtrochanteric femoral derotational osteotomy and long intramedullary nailing. We report the case of a 22-year-old female patient with deep left hip pain, consistent with IFI, refractory to conservative treatment. Imaging revealed an ischiofemoral space (IFS) of 16 mm and a femoral anteversion of 34°. A subtrochanteric femoral derotational osteotomy stabilized with a long intramedullary nail was performed. At 18 months, the same surgical procedure was performed due to similar symptoms on the right side, with an IFS of 14 mm and femoral anteversion of 35°. Joint mobility was restored bilaterally, and the symptoms were resolved. Lesser trochanter resection has been reported as a surgical option for IFI in small case series. While conventional subtrochanteric femoral derotational osteotomy with plate fixation shows good functional outcomes, pseudarthrosis remains a concern. The authors' minimally invasive technique using the backstroke technique for osteotomy site compression helps prevent this complication while preserving the iliopsoas insertion. In this case study, a subtrochanteric femoral derotational osteotomy effectively treated bilateral IFI associated with increased femoral anteversion. The patient achieved excellent clinical outcomes with complete symptom resolution following successful consolidation of both osteotomies, though subsequent implant removal was performed to facilitate potential future surgeries.",239,"Journal of hip preservation surgery",2025,"Portugal","","","Neurological","variations in the femoral version are increasingly recognized as a cause of coxalgia due to impingement or instability the true prevalence of these variations remains unknown the authors report a case of bilateral ischiofemoral impingement ifi caused by excessive femoral anteversion treated with a subtrochanteric femoral derotational osteotomy and long intramedullary nailing we report the case of a year old female patient with deep left hip pain consistent with ifi refractory to conservative treatment imaging revealed an ischiofemoral space ifs of mm and a femoral anteversion of a subtrochanteric femoral derotational osteotomy stabilized with a long intramedullary nail was performed at months the same surgical procedure was performed due to similar symptoms on the right side with an ifs of mm and femoral anteversion of joint mobility was restored bilaterally and the symptoms were resolved lesser trochanter resection has been reported as a surgical option for ifi in small case series while conventional subtrochanteric femoral derotational osteotomy with plate fixation shows good functional outcomes pseudarthrosis remains a concern the authors minimally invasive technique using the backstroke technique for osteotomy site compression helps prevent this complication while preserving the iliopsoas insertion in this case study a subtrochanteric femoral derotational osteotomy effectively treated bilateral ifi associated with increased femoral anteversion the patient achieved excellent clinical outcomes with complete symptom resolution following successful consolidation of both osteotomies though subsequent implant removal was performed to facilitate potential future surgeries"
38680960,"Left Atrial Glucose Metabolism Evaluation by 18F-FDG-PET in Persistent Atrial Fibrillation and in Sinus Rhythm.","The role of atrial metabolism alterations for initiation and atrial fibrillation (AF) persistence remains poorly understood. Therefore, we evaluated left atrial glucose metabolism by nicotinic acid derivative stimulated 18-fluorodeoxyglucose positron emission tomography in 36 patients with persistent AF undergoing catheter ablation before and 3 months after return to sinus rhythm and compared values against healthy controls. Under identical hemodynamics and metabolic conditions, and although left ventricular FDG uptake remained unchanged, patients in persistent AF presented significantly higher total left atrial and left atrial appendage uptake, which decreased significantly after return to sinus rhythm, despite improvement of passive and active atrial contractile function. These findings support a role of altered glucose metabolism and metabolic wasting underlying the pathophysiology of persistent AF.",120,"JACC. Basic to translational science",2024,"Belgium","","","Diabetes","the role of atrial metabolism alterations for initiation and atrial fibrillation af persistence remains poorly understood therefore we evaluated left atrial glucose metabolism by nicotinic acid derivative stimulated fluorodeoxyglucose positron emission tomography in patients with persistent af undergoing catheter ablation before and months after return to sinus rhythm and compared values against healthy controls under identical hemodynamics and metabolic conditions and although left ventricular fdg uptake remained unchanged patients in persistent af presented significantly higher total left atrial and left atrial appendage uptake which decreased significantly after return to sinus rhythm despite improvement of passive and active atrial contractile function these findings support a role of altered glucose metabolism and metabolic wasting underlying the pathophysiology of persistent af"
38049076,"Catalytic and anti-cancer properties of platinum, gold, silver, and bimetallic Au-Ag nanoparticles synthesized by Bacillus sp. bacteria.","Metallic nanoparticles play a significant role in the catalysis of chemical processes, besides, bimetallic nanoparticles with abundant active sites can reduce metallic nanoparticles toxicity in addition to increasing their catalytic performances. In this work, the platinum, gold, and silver nanoparticles are bio-synthesized using a native bacterium (GFCr-4). Also, the Au-Ag and Au@Ag bimetallic nanoparticles with alloy and core-shell structures, respectively, are biologically synthesized. To improve the synthesis, the effects of various factors like pH, temperature, electron donor, and ionic liquids were investigated. The as-synthesized nanoparticles were characterized with different techniques. The microscope images and dynamic light scattering (DLS) analysis confirm the uniform distribution of as-synthesized nanoparticles with average sizes of 25, 30, 47, 77, and 86 nm obtained for Ag, Au, Pt, Au-Ag alloy, and Au@Ag core-shell, respectively. The catalytic performances of as-synthesized nanoparticles were investigated. The Au-Ag alloy nanoparticles exhibit better catalytic performance than the as-synthesized metallic Au nanoparticles, according to the Gewald reaction. According to the photocatalytic study, the yield can be increased by up to 92% by using PtNPs in the presence of a green LED. Additionally, for the first time, PtNPs were utilized as an effective catalyst in a peroxyoxalate chemiluminescence (POCL) system in the presence of nuclear fast red (NFR) as a novel fluorophore. In addition, the results of the MTT (3-[4,5-dimethylthiazol-2-yl]-2,5 diphenyl tetrazolium bromide) assay revealed that the synthesized eco-friendly nanoparticles have a low effect on the lethality of 3T3 normal cells whereas MCF-7 cancer cells were inhibited up to 77.3% after treatment by PtNPs nanoparticles.",252,"Journal of biotechnology",2024,"Iran","Silver; Metal Nanoparticles; Gold; Platinum; Bacillus; Bacteria; Catalysis; Alloys","Metal Nanoparticles","Cancer","metallic nanoparticles play a significant role in the catalysis of chemical processes besides bimetallic nanoparticles with abundant active sites can reduce metallic nanoparticles toxicity in addition to increasing their catalytic performances in this work the platinum gold and silver nanoparticles are bio synthesized using a native bacterium gfcr also the au ag and au ag bimetallic nanoparticles with alloy and core shell structures respectively are biologically synthesized to improve the synthesis the effects of various factors like ph temperature electron donor and ionic liquids were investigated the as synthesized nanoparticles were characterized with different techniques the microscope images and dynamic light scattering dls analysis confirm the uniform distribution of as synthesized nanoparticles with average sizes of and nm obtained for ag au pt au ag alloy and au ag core shell respectively the catalytic performances of as synthesized nanoparticles were investigated the au ag alloy nanoparticles exhibit better catalytic performance than the as synthesized metallic au nanoparticles according to the gewald reaction according to the photocatalytic study the yield can be increased by up to by using ptnps in the presence of a green led additionally for the first time ptnps were utilized as an effective catalyst in a peroxyoxalate chemiluminescence pocl system in the presence of nuclear fast red nfr as a novel fluorophore in addition the results of the mtt dimethylthiazol yl diphenyl tetrazolium bromide assay revealed that the synthesized eco friendly nanoparticles have a low effect on the lethality of t normal cells whereas mcf cancer cells were inhibited up to after treatment by ptnps nanoparticles"
41030869,"Health-related quality of life and nutrient intake of the elderly with type 2 diabetes according to comorbidity burden: a cross-sectional study.","This study aimed to explore the cross-sectional association between health-related quality of life (HRQoL) according to the number of comorbidities in older adults with type 2 diabetes mellitus (T2DM) using the Euro Quality of Life-5 Dimensions (EQ-5D) index. This study included 3,553 participants aged ≥ 65 years from the 2008-2020 Korea National Health and Nutrition Examination Survey. Dietary data were collected through 24-hour recall interviews by trained researchers, and demographic and lifestyle information via self-administered questionnaires. HRQoL was measured using a modified EQ-5D scale. Multivariable linear regression analyzed the associations between EQ-5D scores, nutrients and comorbidity, controlling for sociodemographic and health variables. Most participants reported 'no problems' in the EQ-5D scores, although approximately 17% to 47% of participants reported 'some problems' or 'extreme problems,' depending on the dimension. As comorbidities increased, significant declines were observed across all dimensions, particularly in mobility, usual activities, pain/discomfort, and anxiety/depression. Nutrient intake analysis revealed that participants with three or more comorbidities consumed less carbohydrates, but more fat. Our findings demonstrate that among older adults with T2DM, a higher number of comorbidities is associated with decreased HRQoL. Additionally, there are differences in nutrient intake patterns among those with more comorbidities, specifically decreased carbohydrate intake and increased fat intake. These results emphasize the need for comprehensive and tailored management strategies that consider both diabetes and the co-occurring health conditions. By addressing the complex healthcare needs of individuals with multiple comorbidities, it is possible to enhance their HRQoL and overall well-being.",244,"Korean journal of community nutrition",2024,"Korea","","","Diabetes","this study aimed to explore the cross sectional association between health related quality of life hrqol according to the number of comorbidities in older adults with type diabetes mellitus t dm using the euro quality of life dimensions eq d index this study included participants aged years from the korea national health and nutrition examination survey dietary data were collected through hour recall interviews by trained researchers and demographic and lifestyle information via self administered questionnaires hrqol was measured using a modified eq d scale multivariable linear regression analyzed the associations between eq d scores nutrients and comorbidity controlling for sociodemographic and health variables most participants reported no problems in the eq d scores although approximately to of participants reported some problems or extreme problems depending on the dimension as comorbidities increased significant declines were observed across all dimensions particularly in mobility usual activities pain discomfort and anxiety depression nutrient intake analysis revealed that participants with three or more comorbidities consumed less carbohydrates but more fat our findings demonstrate that among older adults with t dm a higher number of comorbidities is associated with decreased hrqol additionally there are differences in nutrient intake patterns among those with more comorbidities specifically decreased carbohydrate intake and increased fat intake these results emphasize the need for comprehensive and tailored management strategies that consider both diabetes and the co occurring health conditions by addressing the complex healthcare needs of individuals with multiple comorbidities it is possible to enhance their hrqol and overall well being"
38295688,"A comprehensive review of small-molecule drugs for the treatment of type 2 diabetes mellitus: Synthetic approaches and clinical applications.","Type 2 diabetes mellitus (T2DM) is a long-term metabolic disorder characterized by the body's resistance to insulin and inadequate production of insulin. Small molecule drugs to treat T2DM mainly control blood sugar levels by improving insulin sensitivity, increasing insulin secretion, or reducing liver glycogen production. With the deepening of research on the pathogenesis of diabetes, many drugs with new targets and mechanisms of action have been discovered. The targets of the drugs for T2DM are mainly dipeptidyl peptidase IV inhibitors (DPP4), sodium/glucose cotransporter 2 inhibitors (SGLT2), sulfonylurea receptor modulators (SUR), peroxisome proliferator-activated receptor γ agonists (PPARγ), etc. We are of the opinion that acquiring a comprehensive comprehension of the synthetic procedures employed in drug molecule production will serve as a source of inventive and pragmatic inspiration for the advancement of novel, more potent, and feasible synthetic methodologies. This review aims to outline the clinical applications and synthetic routes of some representative drugs to treat T2DM, which will drive the discovery of new, more effective T2DM drugs.",166,"European journal of medicinal chemistry",2024,"China","Humans; Diabetes Mellitus, Type 2; Hypoglycemic Agents; Sodium-Glucose Transporter 2 Inhibitors; Dipeptidyl-Peptidase IV Inhibitors; Insulin","Diabetes Mellitus, Type 2","Diabetes","type diabetes mellitus t dm is a long term metabolic disorder characterized by the body s resistance to insulin and inadequate production of insulin small molecule drugs to treat t dm mainly control blood sugar levels by improving insulin sensitivity increasing insulin secretion or reducing liver glycogen production with the deepening of research on the pathogenesis of diabetes many drugs with new targets and mechanisms of action have been discovered the targets of the drugs for t dm are mainly dipeptidyl peptidase iv inhibitors dpp sodium glucose cotransporter inhibitors sglt sulfonylurea receptor modulators sur peroxisome proliferator activated receptor agonists ppar etc we are of the opinion that acquiring a comprehensive comprehension of the synthetic procedures employed in drug molecule production will serve as a source of inventive and pragmatic inspiration for the advancement of novel more potent and feasible synthetic methodologies this review aims to outline the clinical applications and synthetic routes of some representative drugs to treat t dm which will drive the discovery of new more effective t dm drugs"
38415157,"Geometric remodeling of tricuspid valve in pulmonary hypertension and its correlation with pulmonary hypertension severity: a prospectively case-control study using four-dimensional automatic tricuspid valve quantification technology.","Evaluation of the tricuspid valve (TV) is crucial for clinical decision making and post-treatment follow-up in pulmonary hypertension (PH) patients. However, little is known about 4-dimensional (4D) TV geometric remodeling in patients with PH. The aim of this study was to examine the 4D geometry of the TV in PH and its correlation with PH severity. A total of 74 PH patients with mean pulmonary arterial pressure >25 mmHg and 15 age- and gender-matched healthy individuals were consecutively included from September 2017 to December 2018 in National Center for Cardiovascular Diseases, Fuwai Hospital. All participants underwent 2-dimensional (2D) and 4D transthoracic echocardiography and PH patients underwent right heart catheterization (RHC) within 48 hours of echocardiography. TV geometry was analyzed using a dedicated 4D echocardiography from the right ventricular-focused apical view. Compared with controls, PH patients had significantly larger 4D tricuspid annular (TA) and TV tenting sizes except in the 2-chamber diameter. In high-quality image cases, maximal tenting height (MTH), coaptation point height, tenting volume and 4-chamber diameter had good or moderate correlation with PH severity graded according to RHC mean pulmonary artery pressure (r=0.705, r=0.644, r=0.602, r=0.472, respectively; P<0.001 for all). In multivariable linear regression analysis, PH severity was independently associated with coaptation point height (F=18.070, P<0.001 with an R2=0.647) and MTH (F=25.576, P<0.001 with an R2=0.378). Among all 4D TV parameters, MTH had the highest area under the receiver operating characteristic (ROC) curve (AUC) in high-quality image cases [AUC =0.857, 95% confidence interval (CI): 0.743-0.972; P<0.001], comparable to echocardiographic systolic pulmonary arterial pressure (AUC =0.847, 95% CI: 0.733-0.961; P<0.001). In PH, TV geometric remodeling occurs mainly in TA septal-lateral dimension and TV tenting height. Worsening PH is an independent determinant of TV coaptation point height and MTH, not TA size. MTH shows a great diagnostic potential to detect severe PH.",301,"Quantitative imaging in medicine and surgery",2024,"China","","","Cardiovascular","evaluation of the tricuspid valve tv is crucial for clinical decision making and post treatment follow up in pulmonary hypertension ph patients however little is known about dimensional d tv geometric remodeling in patients with ph the aim of this study was to examine the d geometry of the tv in ph and its correlation with ph severity a total of ph patients with mean pulmonary arterial pressure mmhg and age and gender matched healthy individuals were consecutively included from september to december in national center for cardiovascular diseases fuwai hospital all participants underwent dimensional d and d transthoracic echocardiography and ph patients underwent right heart catheterization rhc within hours of echocardiography tv geometry was analyzed using a dedicated d echocardiography from the right ventricular focused apical view compared with controls ph patients had significantly larger d tricuspid annular ta and tv tenting sizes except in the chamber diameter in high quality image cases maximal tenting height mth coaptation point height tenting volume and chamber diameter had good or moderate correlation with ph severity graded according to rhc mean pulmonary artery pressure r r r r respectively p for all in multivariable linear regression analysis ph severity was independently associated with coaptation point height f p with an r and mth f p with an r among all d tv parameters mth had the highest area under the receiver operating characteristic roc curve auc in high quality image cases auc confidence interval ci p comparable to echocardiographic systolic pulmonary arterial pressure auc ci p in ph tv geometric remodeling occurs mainly in ta septal lateral dimension and tv tenting height worsening ph is an independent determinant of tv coaptation point height and mth not ta size mth shows a great diagnostic potential to detect severe ph"
38314807,"Implantation Surgery for Abdominal Vagus Nerve Stimulation and Recording Studies in Awake Rats.","Abdominal vagus nerve stimulation (VNS) can be applied to the subdiaphragmatic branch of the vagus nerve of rats. Due to its anatomical location, it does not have any respiratory and cardiac off-target effects commonly associated with cervical VNS. The lack of respiratory and cardiac off-target effects means that the intensity of stimulation does not need to be lowered to reduce side effects commonly experienced during cervical VNS. Few recent studies demonstrate the anti-inflammatory effects of abdominal VNS in rat models of inflammatory bowel disease, rheumatoid arthritis, and glycemia reduction in a rat model of type 2 diabetes. Rat is a great model to explore the potential of this technology because of the well-established anatomy of the vagus nerve, the large size of the nerve that allows easy handling, and the availability of many disease models. Here, we describe the methods for cleaning and sterilizing the abdominal VNS electrode array and surgical protocol in rats. We also describe the technology required for confirmation of suprathreshold stimulation by recording evoked compound action potentials. Abdominal VNS has the potential to offer selective, effective treatment for a variety of conditions, including inflammatory diseases, and the application is expected to expand similarly to cervical VNS.",200,"Journal of visualized experiments : JoVE",2024,"University of Melbourne; thyakumura@bionicsinstituteorg","Rats; Animals; Vagus Nerve Stimulation; Wakefulness; Diabetes Mellitus, Type 2; Vagus Nerve; Heart","Vagus Nerve Stimulation","Diabetes","abdominal vagus nerve stimulation vns can be applied to the subdiaphragmatic branch of the vagus nerve of rats due to its anatomical location it does not have any respiratory and cardiac off target effects commonly associated with cervical vns the lack of respiratory and cardiac off target effects means that the intensity of stimulation does not need to be lowered to reduce side effects commonly experienced during cervical vns few recent studies demonstrate the anti inflammatory effects of abdominal vns in rat models of inflammatory bowel disease rheumatoid arthritis and glycemia reduction in a rat model of type diabetes rat is a great model to explore the potential of this technology because of the well established anatomy of the vagus nerve the large size of the nerve that allows easy handling and the availability of many disease models here we describe the methods for cleaning and sterilizing the abdominal vns electrode array and surgical protocol in rats we also describe the technology required for confirmation of suprathreshold stimulation by recording evoked compound action potentials abdominal vns has the potential to offer selective effective treatment for a variety of conditions including inflammatory diseases and the application is expected to expand similarly to cervical vns"
38385881,"STW-MD: a novel spatio-temporal weighting and multi-step decision tree method for considering spatial heterogeneity in brain gene expression data.","Gene expression during brain development or abnormal development is a biological process that is highly dynamic in spatio and temporal. Previous studies have mainly focused on individual brain regions or a certain developmental stage. Our motivation is to address this gap by incorporating spatio-temporal information to gain a more complete understanding of brain development or abnormal brain development, such as Alzheimer's disease (AD), and to identify potential determinants of response. In this study, we propose a novel two-step framework based on spatial-temporal information weighting and multi-step decision trees. This framework can effectively exploit the spatial similarity and temporal dependence between different stages and different brain regions, and facilitate differential gene analysis in brain regions with high heterogeneity. We focus on two datasets: the AD dataset, which includes gene expression data from early, middle and late stages, and the brain development dataset, spanning fetal development to adulthood. Our findings highlight the advantages of the proposed framework in discovering gene classes and elucidating their impact on brain development and AD progression across diverse brain regions and stages. These findings align with existing studies and provide insights into the processes of normal and abnormal brain development.",193,"Briefings in bioinformatics",2024,"China","Humans; Brain; Alzheimer Disease; Gene Expression; Decision Trees","Brain","Neurological","gene expression during brain development or abnormal development is a biological process that is highly dynamic in spatio and temporal previous studies have mainly focused on individual brain regions or a certain developmental stage our motivation is to address this gap by incorporating spatio temporal information to gain a more complete understanding of brain development or abnormal brain development such as alzheimer s disease ad and to identify potential determinants of response in this study we propose a novel two step framework based on spatial temporal information weighting and multi step decision trees this framework can effectively exploit the spatial similarity and temporal dependence between different stages and different brain regions and facilitate differential gene analysis in brain regions with high heterogeneity we focus on two datasets the ad dataset which includes gene expression data from early middle and late stages and the brain development dataset spanning fetal development to adulthood our findings highlight the advantages of the proposed framework in discovering gene classes and elucidating their impact on brain development and ad progression across diverse brain regions and stages these findings align with existing studies and provide insights into the processes of normal and abnormal brain development"
41098208,"Prognostic significance of tumor budding in pancreatic carcinoma: Digitalized image approach evaluation using artificial intelligence.","Pancreatic carcinoma (PC) is a highly malignant and lethal tumor characterized by a dismal prognosis which raised the need to identify other prognostic factors for better patient risk stratification. Tumor budding (TB), defined as isolated single cancer cells or small clusters of up to four cells at the invasive front, is an emerging histoprognostic factor associated with aggressiveness in various malignancies. This study investigated the prognostic significance of tumor budding (TB) in pancreatic carcinoma using artificial intelligence. In this retrospective multicenter study, we collected all cases of PC diagnosed (2008-2022). TB was assed using 2 methods: manual on hematoxylin-eosin (HE) slides and semi-automated using QUPATH software. The selected slide for each case was digitalized using NIS software version 4.00 connected to the microscope NIKON (Eclipse Ni-U). The pathological images were then incorporated into QUPATH. The budds were counted using cell count functionality based on the nucleus size and pixel variability, and TB scores were categorized as BUDD1(0-4), BUDD2(5-9) and BUDD3(≥10). We analyzed the association between the TB score and prognostic clinicopathological factors and overall survival. 25 patients were included (mean age:62.3years;male-to-female ratio:2.57). TB was found in 100%of cases and a high TB score (BUDD2-3) was observed in 56%of cases (using QUPATH versus 48% using HE slides); statistical analysis showed no significant difference between the two methods (p=0.589). A high TB score was associated with older age (>72 years), ductal histological subtype and advanced stage (pT>2).53.8% of patients with lymph node metastasis or advanced stage had high TB score. Multivariate analysis revealed that TB score was strongly and independently associated with overall survival (OS), with a hazard ratio of 2.35. TB is an additional prognostic factor in PC, and using artificial intelligence via QUPATH software offers a promising and accessible tool for pathologists to evaluate TB and to improve risk stratification in patients with PC.",304,"F1000Research",2024,"Tunisia","Humans; Pancreatic Neoplasms; Male; Female; Artificial Intelligence; Prognosis; Middle Aged; Retrospective Studies; Aged; Image Processing, Computer-Assisted","Pancreatic Neoplasms","Cancer","pancreatic carcinoma pc is a highly malignant and lethal tumor characterized by a dismal prognosis which raised the need to identify other prognostic factors for better patient risk stratification tumor budding tb defined as isolated single cancer cells or small clusters of up to four cells at the invasive front is an emerging histoprognostic factor associated with aggressiveness in various malignancies this study investigated the prognostic significance of tumor budding tb in pancreatic carcinoma using artificial intelligence in this retrospective multicenter study we collected all cases of pc diagnosed tb was assed using methods manual on hematoxylin eosin he slides and semi automated using qupath software the selected slide for each case was digitalized using nis software version connected to the microscope nikon eclipse ni u the pathological images were then incorporated into qupath the budds were counted using cell count functionality based on the nucleus size and pixel variability and tb scores were categorized as budd budd and budd we analyzed the association between the tb score and prognostic clinicopathological factors and overall survival patients were included mean age years male to female ratio tb was found in of cases and a high tb score budd was observed in of cases using qupath versus using he slides statistical analysis showed no significant difference between the two methods p a high tb score was associated with older age years ductal histological subtype and advanced stage pt of patients with lymph node metastasis or advanced stage had high tb score multivariate analysis revealed that tb score was strongly and independently associated with overall survival os with a hazard ratio of tb is an additional prognostic factor in pc and using artificial intelligence via qupath software offers a promising and accessible tool for pathologists to evaluate tb and to improve risk stratification in patients with pc"
39139999,"Baicalin reduces chronic stress-induced breast cancer metastasis via directly targeting β2-adrenergic receptor.","Recent studies have shown that stress can substantially facilitate breast cancer metastasis, which can be reduced by nonselective β1/β2-adrenergic receptor (β1/β2-AR) blocker. However, several side effects were identified. Thus, it is extremely warranted to explore more effective and better-tolerated β2-AR blocker. Currently, we demonstrated that baicalin (BA), a major bioactive component of Scutellaria baicalensis Georgi, could significantly attenuate stress hormones especially epinephrine (Epi)-induced breast cancer cell migration and invasion in vitro. Mechanistically, we identified that β2-AR was a direct target of BA via the drug affinity responsive target stability (DARTS) combined with mass spectrum assay, and BA photoaffinity probe with pull-down assay, which was further confirmed by a couple of biophysical and biochemical assays. Furthermore, we demonstrated that BA could directly bind to the Phe-193 and Phe-289 of β2-AR, subsequently inhibit cyclic adenosine monophosphate-protein kinase A-focal adhesion kinase (cAMP-PKA-FAK) pathway, and thus impede epithelial-mesenchymal transition (EMT), thereby hindering the metastatic progression of the chronic stress coupled with syngeneic and xenograft in vivo orthotopic and tail vein mouse model. These findings firstly identify BA as a potential β2-AR inhibitor in the treatment of stress-induced breast cancer metastasis.",186,"Journal of pharmaceutical analysis",2024,"China","","","Cancer","recent studies have shown that stress can substantially facilitate breast cancer metastasis which can be reduced by nonselective adrenergic receptor ar blocker however several side effects were identified thus it is extremely warranted to explore more effective and better tolerated ar blocker currently we demonstrated that baicalin ba a major bioactive component of scutellaria baicalensis georgi could significantly attenuate stress hormones especially epinephrine epi induced breast cancer cell migration and invasion in vitro mechanistically we identified that ar was a direct target of ba via the drug affinity responsive target stability darts combined with mass spectrum assay and ba photoaffinity probe with pull down assay which was further confirmed by a couple of biophysical and biochemical assays furthermore we demonstrated that ba could directly bind to the phe and phe of ar subsequently inhibit cyclic adenosine monophosphate protein kinase a focal adhesion kinase camp pka fak pathway and thus impede epithelial mesenchymal transition emt thereby hindering the metastatic progression of the chronic stress coupled with syngeneic and xenograft in vivo orthotopic and tail vein mouse model these findings firstly identify ba as a potential ar inhibitor in the treatment of stress induced breast cancer metastasis"
38252989,"3,5-Disubstituted-thiazolidine-2,4-dione hybrids as antidiabetic agents: Design, synthesis, in-vitro and In vivo evaluation.","Diabetes is one of the fastest-growing metabolic disorders, nearly doubling the number of patients each year. There are different treatment approaches available for the management of diabetes, which lacks due to their side effects. The inhibition of enzymes involved in the metabolism of complex polysaccharides to monosaccharides has proven beneficial in patients with type 2 diabetes mellitus. Two enzymes, α-amylase and α-glucosidase, have emerged as potential drug targets and are widely explored for drug development against type 2 diabetes mellitus. In this context, thiazolidine-2,4-diones (TZDs) have emerged as potential drug candidates for developing newer molecules against α-amylase and α-glucosidase. Nineteen TZD-hybrids were synthesized and evaluated in vitro α-amylase and α-glucosidase inhibitory activity. The compounds 7i, 7k, and 7p have emerged as the best dual inhibitors with IC50 of 10.33 ± 0.11-20.94 ± 0.76 μM and 10.19 ± 0.25-24.07 ± 1.56 μM against α-glucosidase and α-amylase, respectively. The derivatives had good anti-oxidant activity, displaying IC50 = 14.95 ± 0.65-23.27 ± 0.99 μM. The compounds 7k and 7p showed the best inhibition of reactive oxygen species in the PNAC-1 cells. The molecules exhibit good binding within the active site of α-amylase (PDB id: 1B2Y) and α-glucosidase (PDB id: 3W37), displaying binding energies of -7.5 to -10.7 kcal/mol and -7.4 to -10.3 kcal/mol, respectively. Further, the compounds were nontoxic (LD50 = 500-1311 mg/kg) and possessed good GI absorption. The compounds 7i, 7k, and 7p were evaluated in vivo antidiabetic activity in an STZ-induced diabetic model in Wistar rats. The compound 7p emerged as the best compound in the in vivo studies; however, the activity was lesser than that of the standard drug pioglitazone.",270,"European journal of medicinal chemistry",2024,"India","Humans; Rats; Animals; Hypoglycemic Agents; Diabetes Mellitus, Type 2; Thiazolidines; alpha-Glucosidases; Molecular Docking Simulation; Rats, Wistar; alpha-Amylases","Hypoglycemic Agents","Diabetes","diabetes is one of the fastest growing metabolic disorders nearly doubling the number of patients each year there are different treatment approaches available for the management of diabetes which lacks due to their side effects the inhibition of enzymes involved in the metabolism of complex polysaccharides to monosaccharides has proven beneficial in patients with type diabetes mellitus two enzymes amylase and glucosidase have emerged as potential drug targets and are widely explored for drug development against type diabetes mellitus in this context thiazolidine diones tzds have emerged as potential drug candidates for developing newer molecules against amylase and glucosidase nineteen tzd hybrids were synthesized and evaluated in vitro amylase and glucosidase inhibitory activity the compounds i k and p have emerged as the best dual inhibitors with ic of m and m against glucosidase and amylase respectively the derivatives had good anti oxidant activity displaying ic m the compounds k and p showed the best inhibition of reactive oxygen species in the pnac cells the molecules exhibit good binding within the active site of amylase pdb id b y and glucosidase pdb id w displaying binding energies of to kcal mol and to kcal mol respectively further the compounds were nontoxic ld mg kg and possessed good gi absorption the compounds i k and p were evaluated in vivo antidiabetic activity in an stz induced diabetic model in wistar rats the compound p emerged as the best compound in the in vivo studies however the activity was lesser than that of the standard drug pioglitazone"
38288506,"CircRbms1 fosters MST1 mRNA and protein levels to motivate myocardial ischaemia-reperfusion injury via autophagic status.","Acute myocardial infarction (MI) is a significant contributor to death in individuals diagnosed with coronary heart disease on a worldwide level. The specific mechanism by which circRbms1 contributes to the damage caused by myocardial ischaemia-reperfusion (I/R) is not well understood. The primary aim of this study was to examine the role of circRbms1 and its associated mechanisms in the setting of I/R injury. An in vivo MI mice model and an in vitro MI cell model was established. The expression levels were detected using quantitative real-time PCR (qRT-PCR) and western blot. Cellular proliferation, apoptosis, pyroptosis, and autophagy were detected by immunostaining, immunohistochemistry, western blot, and transmission electron microscopy (TEM). Dual-luciferase reporter assay, RNA pull-down assay, and RIP assay were performed to validate the molecular interactions. CircRbms1 was up-regulated in A/R-induced HCMs and acted as a sponge for miR-142-3p, thereby targeting MST1. CircRbms1 could improve stability of MST1 by recruiting IGF2BP2 (all P < 0.05). CircRbms1 knockout reduced cell pyroptosis, improved autophagy and proliferation level in A/R-induced HCMs (all P < 0.05). CircRbms1 knockout alleviated cardiac dysfunction and cell pyroptosis and enhanced autophagy and proliferation in mice through the miR-142-3p/MST1 axis. CircRbms1 inhibited the miR-142-3p/MST1 axis and played a protective role in myocardial I/R injury. It may provide a new therapeutic target for I/R heart injury.",215,"ESC heart failure",2024,"China","Animals; Mice; Autophagy; MicroRNAs; Myocardial Ischemia; Myocardial Reperfusion Injury; RNA, Messenger; Proto-Oncogene Proteins; Hepatocyte Growth Factor","MicroRNAs","Cardiovascular","acute myocardial infarction mi is a significant contributor to death in individuals diagnosed with coronary heart disease on a worldwide level the specific mechanism by which circrbms contributes to the damage caused by myocardial ischaemia reperfusion i r is not well understood the primary aim of this study was to examine the role of circrbms and its associated mechanisms in the setting of i r injury an in vivo mi mice model and an in vitro mi cell model was established the expression levels were detected using quantitative real time pcr qrt pcr and western blot cellular proliferation apoptosis pyroptosis and autophagy were detected by immunostaining immunohistochemistry western blot and transmission electron microscopy tem dual luciferase reporter assay rna pull down assay and rip assay were performed to validate the molecular interactions circrbms was up regulated in a r induced hcms and acted as a sponge for mir p thereby targeting mst circrbms could improve stability of mst by recruiting igf bp all p circrbms knockout reduced cell pyroptosis improved autophagy and proliferation level in a r induced hcms all p circrbms knockout alleviated cardiac dysfunction and cell pyroptosis and enhanced autophagy and proliferation in mice through the mir p mst axis circrbms inhibited the mir p mst axis and played a protective role in myocardial i r injury it may provide a new therapeutic target for i r heart injury"
41370621,"Evaluation of Microalbuminuria Level to Determine Diabetic Nephropathy Among Type 2 Diabetic Patients in Zaria, Nigeria.","Microalbuminuria was reported to be elevated in diabetic nephropathy and high levels of this biomarker correlates with progressing nephropathy, decline in e-GFR and consequently renal failure in some patients. A descriptive cross-sectional study was conducted to evaluate the level of microalbuminuria in type 2 diabetic patients and its correlation with renal function. One hundred Type-2 diabetic patients and an equal number of apparently healthy, age and sex-matched controls were recruited. Urinary albumin and serum creatinine was measured using FIA and Jaffe kinetic methods respectively. Data was analysed using SPSS version 22.0 with level of significance at p < 0.05. Urinary albumin creatinine ratio (u-ACR) was calculated, serum creatinine was used to calculate e-GFR using Cockcroft and Gault formula; while Mann-Whitney test was used to compare difference between the two means. The u-ACR (3.15 (7.8, 1.3)) mg/mmol was found to be significantly higher in patients than controls (p = 0.000) while serum creatinine (74.00 (86.0, 67.0) μmol/L was found to be significantly lower in patients than controls (p = 0.000). Pearson's correlation showed significant negative correlation between u-ACR and e-GFR (r = - 0.318, p = 0.001) and between serum creatinine and e-GFR (r-value = - 0.546, p-value = 0.000), while a significant positive correlation between u-ACR and serum creatinine (r-value = 0.281, p = 0.005) among patients. The concentrations of microalbuminuria was higher in type 2 diabetic patients, and it may be used to assess renal function.",237,"West African journal of medicine",2025,"Kaduna State E-mail: dogaraamina@gmailcom","Humans; Albuminuria; Diabetes Mellitus, Type 2; Diabetic Nephropathies; Male; Female; Nigeria; Cross-Sectional Studies; Middle Aged; Creatinine","Albuminuria","Diabetes","microalbuminuria was reported to be elevated in diabetic nephropathy and high levels of this biomarker correlates with progressing nephropathy decline in e gfr and consequently renal failure in some patients a descriptive cross sectional study was conducted to evaluate the level of microalbuminuria in type diabetic patients and its correlation with renal function one hundred type diabetic patients and an equal number of apparently healthy age and sex matched controls were recruited urinary albumin and serum creatinine was measured using fia and jaffe kinetic methods respectively data was analysed using spss version with level of significance at p urinary albumin creatinine ratio u acr was calculated serum creatinine was used to calculate e gfr using cockcroft and gault formula while mann whitney test was used to compare difference between the two means the u acr mg mmol was found to be significantly higher in patients than controls p while serum creatinine mol l was found to be significantly lower in patients than controls p pearson s correlation showed significant negative correlation between u acr and e gfr r p and between serum creatinine and e gfr r value p value while a significant positive correlation between u acr and serum creatinine r value p among patients the concentrations of microalbuminuria was higher in type diabetic patients and it may be used to assess renal function"
38266646,"Amygdala-hippocampus somatostatin interneuron beta-synchrony underlies a cross-species biomarker of emotional state.","Emotional responses arise from limbic circuits including the hippocampus and amygdala. In the human brain, beta-frequency communication between these structures correlates with self-reported mood and anxiety. However, both the mechanism and significance of this biomarker as a readout vs. driver of emotional state remain unknown. Here, we show that beta-frequency communication between ventral hippocampus and basolateral amygdala also predicts anxiety-related behavior in mice, both on long timescales (∼30 min) and immediately preceding behavioral choices. Genetically encoded voltage indicators reveal that this biomarker reflects synchronization between somatostatin interneurons across both structures. Indeed, synchrony between these neurons dynamically predicts approach-avoidance decisions, and optogenetically shifting the phase of synchronization by just 25 ms is sufficient to bidirectionally modulate anxiety-related behaviors. Thus, back-translation establishes a human biomarker as a causal determinant (not just predictor) of emotional state, revealing a novel mechanism whereby interregional synchronization that is frequency, phase, and cell type specific controls emotional processing.",151,"Neuron",2024,"USA","Mice; Humans; Animals; Amygdala; Interneurons; Anxiety; Hippocampus; Somatostatin","Amygdala","Neurological","emotional responses arise from limbic circuits including the hippocampus and amygdala in the human brain beta frequency communication between these structures correlates with self reported mood and anxiety however both the mechanism and significance of this biomarker as a readout vs driver of emotional state remain unknown here we show that beta frequency communication between ventral hippocampus and basolateral amygdala also predicts anxiety related behavior in mice both on long timescales min and immediately preceding behavioral choices genetically encoded voltage indicators reveal that this biomarker reflects synchronization between somatostatin interneurons across both structures indeed synchrony between these neurons dynamically predicts approach avoidance decisions and optogenetically shifting the phase of synchronization by just ms is sufficient to bidirectionally modulate anxiety related behaviors thus back translation establishes a human biomarker as a causal determinant not just predictor of emotional state revealing a novel mechanism whereby interregional synchronization that is frequency phase and cell type specific controls emotional processing"
38325237,"The anti-seizure potential of cysteine leukotriene receptor antagonists: A systematic review of animal studies.","Emerging literature has suggested the antiepileptic activity of cysteine leukotriene receptor (CysLTR) antagonists in experimental animals of epilepsy. Leukotrienes are substances that cause inflammation and affect brain activity, blood flow, oxidation, and inflammation in the brain. These processes are related to epilepsy and its complications. CysLTR antagonists are drugs that prevent leukotrienes from working. They may be useful for treating epilepsy, especially for people who do not respond to other drugs. Therefore, the current study aims to systematically review the potential anti-seizure effect of CysLTR antagonists in experimental studies. We systematically reviewed the online databases using online databases such as Google Scholar, science direct, and PubMed until December 2022 to identify experimental studies assessing the anti-seizure activity of CysLTR antagonists. The Systematic Review Centre for Laboratory Animal Experimentation (SYRCLE) was used to evaluate the risk of bias (RoB) of the included studies. Initially we identified 3823 studies. After screening using inclusion and exclusion criteria, 8 studies were finally included in the current study. All included studies, reported that CysLTR antagonists reduced the intensity of seizures in animal models of epilepsy. In conclusion, CysLTR antagonists could be a potential therapeutic approach for the treatment of epilepsy. However, further preclinical and clinical studies are required to confirm their efficacy, safety, and mechanism of anti-seizure activity.",213,"Epilepsy research",2024,"India","Humans; Animals; Cysteine; Leukotriene Antagonists; Epilepsy; Leukotrienes; Anticonvulsants; Inflammation","Cysteine","Neurological","emerging literature has suggested the antiepileptic activity of cysteine leukotriene receptor cysltr antagonists in experimental animals of epilepsy leukotrienes are substances that cause inflammation and affect brain activity blood flow oxidation and inflammation in the brain these processes are related to epilepsy and its complications cysltr antagonists are drugs that prevent leukotrienes from working they may be useful for treating epilepsy especially for people who do not respond to other drugs therefore the current study aims to systematically review the potential anti seizure effect of cysltr antagonists in experimental studies we systematically reviewed the online databases using online databases such as google scholar science direct and pubmed until december to identify experimental studies assessing the anti seizure activity of cysltr antagonists the systematic review centre for laboratory animal experimentation syrcle was used to evaluate the risk of bias rob of the included studies initially we identified studies after screening using inclusion and exclusion criteria studies were finally included in the current study all included studies reported that cysltr antagonists reduced the intensity of seizures in animal models of epilepsy in conclusion cysltr antagonists could be a potential therapeutic approach for the treatment of epilepsy however further preclinical and clinical studies are required to confirm their efficacy safety and mechanism of anti seizure activity"
37669580,"Recent insights into the physicochemical properties, bioactivities and their relationship of tea polysaccharides.","Tea polysaccharides (TPS) is receiving global concern in past years due to their therapeutic effects in many diseases such as obesity and diabetes. Many publications imply that the unique physicochemical properties and bioactivities of TPS are prerequisites for its use as a biofilm, drug carrier and emulsifier. Despite numerous healthy benefits, studies on the in-deep structure-activity relationship of TPS still not well explored and explained yet. The main reasons for the research limitation are attributed mainly to the unbreakable advanced structural research technology and the formation of TPS conjugates. The present review also summarizes some similar parameters in primary structure of TPS with better bioactivities, discusses the relationships between their physicochemical properties and bioactivities, and suggests that function-specific TPS would be obtained in the future if the links between preparation methods, physicochemical properties and bioactivities of TPS could be well understood and established.",143,"Food chemistry",2024,"China Electronic address: zhangzhenbiao@gdaascn","Biofilms; Drug Carriers; Emulsifying Agents; Polysaccharides; Tea","Biofilms","Diabetes","tea polysaccharides tps is receiving global concern in past years due to their therapeutic effects in many diseases such as obesity and diabetes many publications imply that the unique physicochemical properties and bioactivities of tps are prerequisites for its use as a biofilm drug carrier and emulsifier despite numerous healthy benefits studies on the in deep structure activity relationship of tps still not well explored and explained yet the main reasons for the research limitation are attributed mainly to the unbreakable advanced structural research technology and the formation of tps conjugates the present review also summarizes some similar parameters in primary structure of tps with better bioactivities discusses the relationships between their physicochemical properties and bioactivities and suggests that function specific tps would be obtained in the future if the links between preparation methods physicochemical properties and bioactivities of tps could be well understood and established"
38281072,"Exploration and validation of signature genes and immune associations in septic cardiomyopathy.","An early and accurate diagnosis of septic cardiomyopathy is vital for improving the overall prognosis of sepsis. In our research, we aimed to identify signature genes and their immune connections in septic cardiomyopathy. By analyzing the mouse myocardial transcriptome from sepsis induced by cecum ligation and puncture (CLP), we identified four distinct k-means clusters. Further analysis of human myocardial datasets using Weighted Gene Co-expression Network Analysis (WGCNA) revealed a strong correlation between the MEturquoise module and septic cardiomyopathy (cor = 0.79, p < .001). Through the application of Cytoscape plug-in MCODE and comprehensive analysis, we pinpointed two signature genes, THBS1 and TIMP1. These genes demonstrated significant involvement in immune cell infiltration, as detected by CIBERSORT, and displayed promising prognostic potential as validated by external datasets. Our experimental validation confirmed the up-regulation of both THBS1 and TIMP1 in septic murine hearts, underscoring their positive association with septic cardiomyopathy.",147,"Clinical and experimental hypertension (New York, N.Y. : 1993)",2024,"China","Humans; Animals; Mice; Cardiomyopathies; Heart; Myocardium; Transcriptional Activation; Sepsis","Cardiomyopathies","Cardiovascular","an early and accurate diagnosis of septic cardiomyopathy is vital for improving the overall prognosis of sepsis in our research we aimed to identify signature genes and their immune connections in septic cardiomyopathy by analyzing the mouse myocardial transcriptome from sepsis induced by cecum ligation and puncture clp we identified four distinct k means clusters further analysis of human myocardial datasets using weighted gene co expression network analysis wgcna revealed a strong correlation between the meturquoise module and septic cardiomyopathy cor p through the application of cytoscape plug in mcode and comprehensive analysis we pinpointed two signature genes thbs and timp these genes demonstrated significant involvement in immune cell infiltration as detected by cibersort and displayed promising prognostic potential as validated by external datasets our experimental validation confirmed the up regulation of both thbs and timp in septic murine hearts underscoring their positive association with septic cardiomyopathy"
37591145,"Effects of extraction methods on the structure and functional properties of soluble dietary fiber from blue honeysuckle (Lonicera caerulea L.) berry.","The work within this study aimed to investigate and compare the effects of compound enzyme extraction (CE), ultrasonic chemical extraction (UC) and combined fermentation extraction (CF) on the physicochemical properties, microstructure, and functional properties of soluble dietary fiber (SDF) extracted from blue honeysuckle berries. The results showed that CE-SDF had higher crystallinity (32.41%). UC-SDF had the highest yield (13.32 ± 0.80 g/100 g). CF-SDF had the maximum inhibition of α-amylase (50.82 ± 0.76%) and α-glucosidase (54.87 ± 1.25%). The in vitro hypoglycemic activity of the three SDFs was observed in the order of CF > CE > UC. Meanwhile, the purity of SDF had a strong positive correlation with its antioxidant and in vitro hypoglycemic capacities. The crystallinity of SDF was found to be positively correlated with its molecular weight and thermal properties. Additionally, the sugar composition of SDF was found to be an important factor affecting its biological activity.",150,"Food chemistry",2024,"China","Fruit; Lonicera; Antioxidants; Hypoglycemic Agents; Dietary Fiber","Fruit","Diabetes","the work within this study aimed to investigate and compare the effects of compound enzyme extraction ce ultrasonic chemical extraction uc and combined fermentation extraction cf on the physicochemical properties microstructure and functional properties of soluble dietary fiber sdf extracted from blue honeysuckle berries the results showed that ce sdf had higher crystallinity uc sdf had the highest yield g g cf sdf had the maximum inhibition of amylase and glucosidase the in vitro hypoglycemic activity of the three sdfs was observed in the order of cf ce uc meanwhile the purity of sdf had a strong positive correlation with its antioxidant and in vitro hypoglycemic capacities the crystallinity of sdf was found to be positively correlated with its molecular weight and thermal properties additionally the sugar composition of sdf was found to be an important factor affecting its biological activity"
39886032,"Citrate: a key signalling molecule and therapeutic target for bone remodeling disorder.","Bone remodeling is a continuous cyclic process that maintains and regulates bone structure and strength. The disturbance of bone remodeling leads to a series of bone metabolic diseases. Recent studies have shown that citrate, an intermediate metabolite of the tricarboxylic acid (TCA) cycle, plays an important role in bone remodeling. But the exact mechanism is still unclear. In this study, we focused on the systemic regulatory mechanism of citrate on bone remodeling, and found that citrate is involved in bone remodeling in multiple ways. The participation of citrate in oxidative phosphorylation (OXPHOS) facilitates the generation of ATP, thereby providing substantial energy for bone formation and resorption. Osteoclast-mediated bone resorption releases citrate from bone mineral salts, which is subsequently released as an energy source to activate the osteogenic differentiation of stem cells. Finally, the differentiated osteoblasts secrete into the bone matrix and participate in bone mineral salts formation. As a substrate of histone acetylation, citrate regulates the expression of genes related to bone formation and bone reabsorption. Citrate is also a key intermediate in the metabolism and synthesis of glucose, fatty acids and amino acids, which are three major nutrients in the organism. Citrate can also be used as a biomarker to monitor bone mass transformation and plays an important role in the diagnosis and therapeutic evaluation of bone remodeling disorders. Citrate imbalance due to citrate transporter could result in the supression of osteoblast/OC function through histone acetylation, thereby contributing to disorders in bone remodeling. Therefore, designing drugs targeting citrate-related proteins to regulate bone citrate content provides a new direction for the drug treatment of diseases related to bone remodeling disorders.",270,"Frontiers in endocrinology",2024,"China","Humans; Bone Remodeling; Citric Acid; Animals; Bone Diseases, Metabolic; Signal Transduction; Osteogenesis; Citric Acid Cycle; Osteoblasts","Bone Remodeling","Diabetes","bone remodeling is a continuous cyclic process that maintains and regulates bone structure and strength the disturbance of bone remodeling leads to a series of bone metabolic diseases recent studies have shown that citrate an intermediate metabolite of the tricarboxylic acid tca cycle plays an important role in bone remodeling but the exact mechanism is still unclear in this study we focused on the systemic regulatory mechanism of citrate on bone remodeling and found that citrate is involved in bone remodeling in multiple ways the participation of citrate in oxidative phosphorylation oxphos facilitates the generation of atp thereby providing substantial energy for bone formation and resorption osteoclast mediated bone resorption releases citrate from bone mineral salts which is subsequently released as an energy source to activate the osteogenic differentiation of stem cells finally the differentiated osteoblasts secrete into the bone matrix and participate in bone mineral salts formation as a substrate of histone acetylation citrate regulates the expression of genes related to bone formation and bone reabsorption citrate is also a key intermediate in the metabolism and synthesis of glucose fatty acids and amino acids which are three major nutrients in the organism citrate can also be used as a biomarker to monitor bone mass transformation and plays an important role in the diagnosis and therapeutic evaluation of bone remodeling disorders citrate imbalance due to citrate transporter could result in the supression of osteoblast oc function through histone acetylation thereby contributing to disorders in bone remodeling therefore designing drugs targeting citrate related proteins to regulate bone citrate content provides a new direction for the drug treatment of diseases related to bone remodeling disorders"
38190874,"Telomere length as a modifier in the relationship between phthalate metabolites exposure and glucose homeostasis.","Given the rising concern over the potential impact of environmental factors on metabolic heath, we conducted a cross-sectional analysis among 645 adults aged 20 and older in the National Health and Nutrition Examination Survey (NHANES), examining the association between nine phthalate metabolites (Mono-n-butyl phthalate (MBP), Mono-ethyl phthalate (MEP), Mono-(2-ethyl)-hexyl phthalate (MEHP), Mono-benzyl phthalate (MBzP), Mono-n-methyl phthalate (MnMP), Mono-(3-carboxy propyl) phthalate (MCPP), Mono-(2-ethyl-5-hydroxyhexyl) phthalate (MEHHP), Mono-(2-ethyl-5-oxohexyl) phthalate (MEOHP), Mono-isobutyl phthalate (MiBP)) and six glucose homeostasis indices (fasting glucose, fasting insulin, hemoglobin A1C (HbA1C), homeostatic model assessment of insulin resistance (HOMA-IR), single Point Insulin Sensitivity Estimator (SPISE), and HOMA-β). Latent Class Analysis identified three phthalate metabolites exposure patterns: high MEP-low MEOHP (n = 282), high MBzP-low MEHHP (n = 214), and high MEHHP, MEOHP (n = 149). The high MBzP-low MEHHP and high MEHHP, MEOHP, versus the high MEP-low MEOHP, exposure groups showed significantly higher levels of fasting insulin (β = 0.126, 95% CI: 0.023-0.228), SPISE (β = 0.091, 95% CI: 0.018-0.164), and HOMA-IR (β = 0.091, 95% CI: 0.018-0.164). In the shorter telomere length group, high MEHHP, MEOHP exposure showed an increase in SPISE levels (β = 0.153, 95% CI: 0.037-0.269), while in the overweight/obese subgroup, high MEHHP, MEOHP exposure was significantly positively associated with HOMA-IR (β = 0.392, 95% CI: 0.150-0.735). Bayesian kernel machine regression analyses showed positive associations between higher combined phthalate exposure and increased glucose homeostasis indices (fasting glucose, HbA1C, fasting insulin, SPISE, and HOMA-IR). The quantile of g-calculation analysis also supported the positive associations with HbA1C, HOMA-IR, and fasting insulin. Our findings indicate that phthalate exposure was positively associated with glucose homeostasis indices, which strengthen the call for proactive measures to reduce phthalate exposure and mitigate potential risks to glucose metabolism.",284,"Environmental pollution (Barking, Essex : 1987)",2024,"China","Environmental Exposure; Nutrition Surveys; Bayes Theorem; Cross-Sectional Studies; Phthalic Acids; Glucose; Homeostasis; Telomere; Insulins; Environmental Pollutants","Phthalic Acids","Diabetes","given the rising concern over the potential impact of environmental factors on metabolic heath we conducted a cross sectional analysis among adults aged and older in the national health and nutrition examination survey nhanes examining the association between nine phthalate metabolites mono n butyl phthalate mbp mono ethyl phthalate mep mono ethyl hexyl phthalate mehp mono benzyl phthalate mbzp mono n methyl phthalate mnmp mono carboxy propyl phthalate mcpp mono ethyl hydroxyhexyl phthalate mehhp mono ethyl oxohexyl phthalate meohp mono isobutyl phthalate mibp and six glucose homeostasis indices fasting glucose fasting insulin hemoglobin a c hba c homeostatic model assessment of insulin resistance homa ir single point insulin sensitivity estimator spise and homa latent class analysis identified three phthalate metabolites exposure patterns high mep low meohp n high mbzp low mehhp n and high mehhp meohp n the high mbzp low mehhp and high mehhp meohp versus the high mep low meohp exposure groups showed significantly higher levels of fasting insulin ci spise ci and homa ir ci in the shorter telomere length group high mehhp meohp exposure showed an increase in spise levels ci while in the overweight obese subgroup high mehhp meohp exposure was significantly positively associated with homa ir ci bayesian kernel machine regression analyses showed positive associations between higher combined phthalate exposure and increased glucose homeostasis indices fasting glucose hba c fasting insulin spise and homa ir the quantile of g calculation analysis also supported the positive associations with hba c homa ir and fasting insulin our findings indicate that phthalate exposure was positively associated with glucose homeostasis indices which strengthen the call for proactive measures to reduce phthalate exposure and mitigate potential risks to glucose metabolism"
38385080,"GALNT12 suppresses the bone-specific prostate cancer metastasis by activating BMP pathway via the O-glycosylation of BMPR1A.","Bone metastasis caused the majority death of prostate cancer (PCa) but the mechanism remains poorly understood. In this present study, we show that polypeptide N-acetylgalactosaminyltransferase 12 (GALNT12) suppresses bone-specific metastasis of PCa. GALNT12 suppresses proliferation, migration, invasion and cell division ability of PCa cells by activating the BMP pathway. Mechanistic investigations showed that GALNT12 augments the O-glycosylation of BMPR1A then actives the BMP pathway. Activated BMP signaling inhibits the expression of integrin αVβ3 to reduce the bone-specific seeding of PCa cells. Furthermore, activated BMP signaling remolds the immune microenvironment by suppressing the STAT3 pathway. Our results of this study illustrate the role and mechanism of GALNT12 in the process of bone metastasis of PCa and identify GALNT12 as a potential therapeutic target for metastatic PCa.",125,"International journal of biological sciences",2024,"China","Male; Humans; Glycosylation; Cell Line, Tumor; Signal Transduction; Prostatic Neoplasms; Bone Neoplasms; Tumor Microenvironment; Bone Morphogenetic Protein Receptors, Type I; N-Acetylgalactosaminyltransferases","Prostatic Neoplasms","Cancer","bone metastasis caused the majority death of prostate cancer pca but the mechanism remains poorly understood in this present study we show that polypeptide n acetylgalactosaminyltransferase galnt suppresses bone specific metastasis of pca galnt suppresses proliferation migration invasion and cell division ability of pca cells by activating the bmp pathway mechanistic investigations showed that galnt augments the o glycosylation of bmpr a then actives the bmp pathway activated bmp signaling inhibits the expression of integrin v to reduce the bone specific seeding of pca cells furthermore activated bmp signaling remolds the immune microenvironment by suppressing the stat pathway our results of this study illustrate the role and mechanism of galnt in the process of bone metastasis of pca and identify galnt as a potential therapeutic target for metastatic pca"
38216196,"Non-pharmacological interventions to support coronary artery bypass graft (CABG) patient recovery following discharge: protocol for a scoping review.","In Canada, approximately 15 000 people undergo coronary artery bypass grafting (CABG) each year. However, 9.5% of these patients are urgently readmitted to hospital within 30 days of surgery. Postoperative interventions following discharge play an important role in reducing readmissions and improving CABG patient outcomes. Therefore, it is important to determine effective interventions available to enhance CABG patient recovery following postoperative discharge. Our scoping review aims to identify non-pharmacological interventions available to support recovery of patients who are discharged after CABG in the community setting. The methodological framework described by Arksey and O'Malley will be applied to this review. Our search strategy will include electronic databases (Medline, Embase, Cochrane Library and CINAHL), and studies will be screened and reviewed by two independent reviewers. Studies looking at non-pharmacological interventions targeting patients who are discharged after CABG will be included. Preliminary searches were conducted March 2022 and following abstract screening, full-text screening was completed May 2023. Data extraction is planned to begin September 2023 with an expected finish date of October 2023. The study is expected to be completed by January 2024. This scoping review will retrieve and analyse previously published studies in which informed consent was obtained by primary investigators. Therefore, no ethical review or approval will be required. This scoping review aims to enumerate available non-pharmacological interventions to support recovery of patients who are discharged after CABG and identify gaps in postoperative recovery after discharge to support the development of innovative and targeted interventions. On completion of this review, we will ensure broad dissemination of our findings through peer-reviewed, open-access journals, conference presentations and hold meetings to engage stakeholders, including clinicians, policy makers and others.",275,"BMJ open",2024,"Canada jnbillard@munca","Humans; Patient Discharge; Coronary Artery Bypass; Patients; Canada; Research Design; Scoping Reviews as Topic","Patient Discharge","Cardiovascular","in canada approximately people undergo coronary artery bypass grafting cabg each year however of these patients are urgently readmitted to hospital within days of surgery postoperative interventions following discharge play an important role in reducing readmissions and improving cabg patient outcomes therefore it is important to determine effective interventions available to enhance cabg patient recovery following postoperative discharge our scoping review aims to identify non pharmacological interventions available to support recovery of patients who are discharged after cabg in the community setting the methodological framework described by arksey and o malley will be applied to this review our search strategy will include electronic databases medline embase cochrane library and cinahl and studies will be screened and reviewed by two independent reviewers studies looking at non pharmacological interventions targeting patients who are discharged after cabg will be included preliminary searches were conducted march and following abstract screening full text screening was completed may data extraction is planned to begin september with an expected finish date of october the study is expected to be completed by january this scoping review will retrieve and analyse previously published studies in which informed consent was obtained by primary investigators therefore no ethical review or approval will be required this scoping review aims to enumerate available non pharmacological interventions to support recovery of patients who are discharged after cabg and identify gaps in postoperative recovery after discharge to support the development of innovative and targeted interventions on completion of this review we will ensure broad dissemination of our findings through peer reviewed open access journals conference presentations and hold meetings to engage stakeholders including clinicians policy makers and others"
38180913,"Time trends and geographical variation in major lower limb amputation related to peripheral arterial disease in England.","Above and below knee amputation (AKA, BKA) are treatments of last resort for peripheral arterial disease (PAD). The aim was to examine amputation rates, AKA:BKA ratios, previous revascularization and minor amputation, lengths of stay in hospital, mortality following amputation, and regional variation in people with and without diabetes in England. The study used population-based ecological and cohort study designs, 31 672 census areas, hospital admissions from 2006 to 2018 and Poisson, logistic and Cox regression. There were 47 249 major lower limb amputations (50.7% AKA; 48% had diabetes), giving an annual PAD-related amputation rate of 11 per 100 000 in the population aged 25+ years. Amputation rates were higher in men and substantially higher in people with diabetes. The AKA:BKA ratio was 0.63 in patients with diabetes (n = 22 702) and 1.62 in patients without diabetes (n = 24 547). Of patients having AKA, 25.3% died within 90 days of amputation compared with 11.9% for BKA. Median survival following amputation ranged from only 1.68 years following AKA in patients with diabetes to 5.72 years following BKA in patients without diabetes. Amputation rates decreased over time mainly in the population with diabetes. Short-term mortality and lengths of stay in hospital also decreased over time, while the percentage with previous revascularization generally increased. Amputation rates and AKA:BKA ratios were highest in the North. Adjustment for age, sex and deprivation did not substantially alter geographical patterns. Adjusted 90-day mortality was generally higher in the North and the Midlands but also high in London. There were also regional variations in adjusted duration from admission to amputation, duration from amputation to discharge or death in hospital, previous revascularization and previous minor amputation. There were large variations in amputation rates and survival following amputation in relation to diabetes status and amputation level, and regional variations which remained after adjustment for deprivation.",306,"BJS open",2024,"UK","Male; Humans; Cohort Studies; Peripheral Arterial Disease; England; Amputation, Surgical; Diabetes Mellitus; Lower Extremity","Peripheral Arterial Disease","Diabetes","above and below knee amputation aka bka are treatments of last resort for peripheral arterial disease pad the aim was to examine amputation rates aka bka ratios previous revascularization and minor amputation lengths of stay in hospital mortality following amputation and regional variation in people with and without diabetes in england the study used population based ecological and cohort study designs census areas hospital admissions from to and poisson logistic and cox regression there were major lower limb amputations aka had diabetes giving an annual pad related amputation rate of per in the population aged years amputation rates were higher in men and substantially higher in people with diabetes the aka bka ratio was in patients with diabetes n and in patients without diabetes n of patients having aka died within days of amputation compared with for bka median survival following amputation ranged from only years following aka in patients with diabetes to years following bka in patients without diabetes amputation rates decreased over time mainly in the population with diabetes short term mortality and lengths of stay in hospital also decreased over time while the percentage with previous revascularization generally increased amputation rates and aka bka ratios were highest in the north adjustment for age sex and deprivation did not substantially alter geographical patterns adjusted day mortality was generally higher in the north and the midlands but also high in london there were also regional variations in adjusted duration from admission to amputation duration from amputation to discharge or death in hospital previous revascularization and previous minor amputation there were large variations in amputation rates and survival following amputation in relation to diabetes status and amputation level and regional variations which remained after adjustment for deprivation"
39077340,"Antithrombotic Therapy Following Structural Heart Disease Interventions: Current Status and Future Directions.","Interventions in structural heart disease cover many catheter-based procedures for congenital and acquired conditions including valvular diseases, septal defects, arterial or venous obstructions, and fistulas. Among the available procedures, the most common are aortic valve implantation, mitral or tricuspid valve repair/implantation, left atrial appendage occlusion, and patent foramen ovale closure. Antithrombotic therapy for transcatheter structural heart disease interventions aims to prevent thromboembolic events and reduce the risk of short-term and long-term complications. The specific approach to antithrombotic therapy depends on the type of intervention and individual patient factors. In this review, we synopsize contemporary evidence on antithrombotic therapies for structural heart disease interventions and highlight the importance of a personalized approach. These recommendations may evolve over time as new evidence emerges and clinical guidelines are updated. Therefore, it's crucial for healthcare professionals to stay updated on the most recent guidelines and individualize therapy based on patient-specific factors and procedural considerations.",150,"Reviews in cardiovascular medicine",2024,"Cyprus","","","Cardiovascular","interventions in structural heart disease cover many catheter based procedures for congenital and acquired conditions including valvular diseases septal defects arterial or venous obstructions and fistulas among the available procedures the most common are aortic valve implantation mitral or tricuspid valve repair implantation left atrial appendage occlusion and patent foramen ovale closure antithrombotic therapy for transcatheter structural heart disease interventions aims to prevent thromboembolic events and reduce the risk of short term and long term complications the specific approach to antithrombotic therapy depends on the type of intervention and individual patient factors in this review we synopsize contemporary evidence on antithrombotic therapies for structural heart disease interventions and highlight the importance of a personalized approach these recommendations may evolve over time as new evidence emerges and clinical guidelines are updated therefore it s crucial for healthcare professionals to stay updated on the most recent guidelines and individualize therapy based on patient specific factors and procedural considerations"
38505218,"Peripheral canalicular branching is decreased in streptozotocin-induced diabetes and correlates with decreased whole-bone ultimate load and perilacunar elastic work.","Osteocytes, the most abundant cell type in bone, play a crucial role in mechanosensation and signaling for bone formation and resorption. These cells reside within a complex lacuno-canalicular network (OLCN). Osteocyte signaling is reduced under diabetic conditions, and both type 1 and type 2 diabetes lead to reduced bone turnover, perturbed bone composition, and increased fracture risk. We hypothesized that this reduced bone turnover, and altered bone composition with diabetes is associated with reduced OLCN architecture and connectivity. This study aimed to elucidate: (1) the sequence of OLCN changes with diabetes related to bone turnover and (2) whether changes to the OLCN are associated with tissue composition and mechanical properties. Twelve- to fourteen-week-old male C57BL/6 mice were administered streptozotocin at 50 mg/kg for 5 consecutive days to induce hyperglycemia, sacrificed at baseline (BL), or after being diabetic for 3 (D3) and 7 (D7) wk with age-matched (C3, C7) controls (n = 10-12 per group). Mineralized femoral sections were infiltrated with rhodamine, imaged with confocal microscopy, then the OLCN morphology and topology were characterized and correlated against bone histomorphometry, as well as local and whole-bone mechanics and composition. D7 mice exhibited a lower number of peripheral branches relative to C7. The total number of canalicular intersections (nodes) was lower in D3 and D7 relative to BL (P < 0.05 for all), and a reduced bone formation rate (BFR) was observed at D7 vs C7. The number of nodes explained only 15% of BFR, but 45% of Ct.BV/TV, and 31% of ultimate load. The number of branches explained 30% and 22% of the elastic work at the perilacunar and intracortical region, respectively. Collectively, the reduction in OLCN architecture and association of OLCN measures with bone turnover, mechanics, and composition highlights the relevance of the osteocyte and the OLCN and a potential therapeutic target for treating diabetic skeletal fragility.",306,"JBMR plus",2024,"United States","","","Diabetes","osteocytes the most abundant cell type in bone play a crucial role in mechanosensation and signaling for bone formation and resorption these cells reside within a complex lacuno canalicular network olcn osteocyte signaling is reduced under diabetic conditions and both type and type diabetes lead to reduced bone turnover perturbed bone composition and increased fracture risk we hypothesized that this reduced bone turnover and altered bone composition with diabetes is associated with reduced olcn architecture and connectivity this study aimed to elucidate the sequence of olcn changes with diabetes related to bone turnover and whether changes to the olcn are associated with tissue composition and mechanical properties twelve to fourteen week old male c bl mice were administered streptozotocin at mg kg for consecutive days to induce hyperglycemia sacrificed at baseline bl or after being diabetic for d and d wk with age matched c c controls n per group mineralized femoral sections were infiltrated with rhodamine imaged with confocal microscopy then the olcn morphology and topology were characterized and correlated against bone histomorphometry as well as local and whole bone mechanics and composition d mice exhibited a lower number of peripheral branches relative to c the total number of canalicular intersections nodes was lower in d and d relative to bl p for all and a reduced bone formation rate bfr was observed at d vs c the number of nodes explained only of bfr but of ct bv tv and of ultimate load the number of branches explained and of the elastic work at the perilacunar and intracortical region respectively collectively the reduction in olcn architecture and association of olcn measures with bone turnover mechanics and composition highlights the relevance of the osteocyte and the olcn and a potential therapeutic target for treating diabetic skeletal fragility"
41879479,"Decoding inflammation: Novel biomarkers illuminate CRP dynamics in peritoneal dialysis patients.","To identify factors linked to systemic inflammation and evaluate the predictive value of novel inflammatory biomarkers in peritoneal dialysis (PD) patients. We enrolled 111 maintenance PD patients, stratified by C-reactive protein (CRP) into a normal group (CRP < 3 mg/L) and an inflammation group (CRP ≥ 3 mg/L). We compared clinical characteristics, laboratory parameters, and novel inflammatory biomarkers. Analyses included group comparisons, Spearman correlations between CRP and clinical parameters, multiple linear regression relating novel biomarkers to CRP, and binary logistic regression with receiver operating characteristic (ROC) analysis for predictive value. The inflammation group had significantly lower urine volume, hemoglobin (HGB), prealbumin (pre-ALB), potassium (K), magnesium (Mg), and transferrin saturation (TSAT), but higher serum ferritin (SF) and white blood cell count (WBC) (p < 0.05). CRP positively correlated with age, neutrophils, monocytes, WBC, SF, glucose, glycated hemoglobin A1c (HbA1c), triglycerides, β2-microglobulin, and novel indices include systemic immune inflammation index (SII), platelet-lymphocyte ratio (PLR), platelet-albumin ratio (PAR), systemic inflammation response index (SIRI), albumin-prealbumin ratio (APR), and aggregate index of systemic inflammation (AISI) (p < 0.05). Negative correlations existed with HGB, pre-ALB, residual urea clearance index (Kt/V), residual creatinine clearance (CCr), residual glomerular filtration rate (GFR), and electrolytes (Na, Cl, Mg) (p < 0.05). Multiple linear regression identified AISI and APR as independent predictors of CRP levels. ROC analysis showed that the combination of AISI and APR had superior diagnostic utility for systemic inflammation compared to individual indices. Systemic inflammation in PD patients is associated with impaired nutrition, anemia, and reduced residual renal function. AISI and APR strongly correlate with CRP, and their combination significantly enhances prediction of systemic inflammation, providing a valuable clinical tool for risk stratification.",275,"Clinical nephrology",2026,"Unknown","","","Diabetes","to identify factors linked to systemic inflammation and evaluate the predictive value of novel inflammatory biomarkers in peritoneal dialysis pd patients we enrolled maintenance pd patients stratified by c reactive protein crp into a normal group crp mg l and an inflammation group crp mg l we compared clinical characteristics laboratory parameters and novel inflammatory biomarkers analyses included group comparisons spearman correlations between crp and clinical parameters multiple linear regression relating novel biomarkers to crp and binary logistic regression with receiver operating characteristic roc analysis for predictive value the inflammation group had significantly lower urine volume hemoglobin hgb prealbumin pre alb potassium k magnesium mg and transferrin saturation tsat but higher serum ferritin sf and white blood cell count wbc p crp positively correlated with age neutrophils monocytes wbc sf glucose glycated hemoglobin a c hba c triglycerides microglobulin and novel indices include systemic immune inflammation index sii platelet lymphocyte ratio plr platelet albumin ratio par systemic inflammation response index siri albumin prealbumin ratio apr and aggregate index of systemic inflammation aisi p negative correlations existed with hgb pre alb residual urea clearance index kt v residual creatinine clearance ccr residual glomerular filtration rate gfr and electrolytes na cl mg p multiple linear regression identified aisi and apr as independent predictors of crp levels roc analysis showed that the combination of aisi and apr had superior diagnostic utility for systemic inflammation compared to individual indices systemic inflammation in pd patients is associated with impaired nutrition anemia and reduced residual renal function aisi and apr strongly correlate with crp and their combination significantly enhances prediction of systemic inflammation providing a valuable clinical tool for risk stratification"
40039626,"Bi-hemisphere Interaction Convolutional Neural Network for Motor Imagery Classification.","Decoding EEG-based, Motor Imagery Brain-Computer Interfaces (MI-BCI) in a subject-independent manner is very challenging due to high dimensionality of the EEG signal, and high inter-subject variability. In recent years, Convolutional neural networks (CNNs) have significantly enhanced decoding accuracy. Nevertheless, the majority of these CNN designs did not explicitly incorporate the inter-hemisphere functional connections, omitting crucial spatial information. Notably, in binary MI decoding of the left-hand versus right-hand, the Event-Related Desynchronization is observed in the contralateral hemisphere. Building upon this concept and various Neuroscience research, we have designed a CNN architecture that forges a functional connection between the two hemispheres. Specifically, we applied the Channel Average Referencing to one hemisphere and compared the output with all channels of the opposite hemisphere. Then, we utilized the cosine similarity to identify the most correlated channels and combined with them the original hemisphere for spatial filtering to learn the inter-hemispheric connections. This innovative technique aligns more closely with the actual brain functionality. Our method has demonstrated superior results on the Cho2017 and OpenBMI datasets, underscoring its effectiveness.",173,"Annual International Conference of the IEEE Engineering in Medicine and Biology Society. IEEE Engineering in Medicine and Biology Society. Annual International Conference",2024,"Unknown","Humans; Neural Networks, Computer; Brain-Computer Interfaces; Electroencephalography; Signal Processing, Computer-Assisted; Brain; Imagination; Algorithms; Convolutional Neural Networks","Neural Networks, Computer","Neurological","decoding eeg based motor imagery brain computer interfaces mi bci in a subject independent manner is very challenging due to high dimensionality of the eeg signal and high inter subject variability in recent years convolutional neural networks cnns have significantly enhanced decoding accuracy nevertheless the majority of these cnn designs did not explicitly incorporate the inter hemisphere functional connections omitting crucial spatial information notably in binary mi decoding of the left hand versus right hand the event related desynchronization is observed in the contralateral hemisphere building upon this concept and various neuroscience research we have designed a cnn architecture that forges a functional connection between the two hemispheres specifically we applied the channel average referencing to one hemisphere and compared the output with all channels of the opposite hemisphere then we utilized the cosine similarity to identify the most correlated channels and combined with them the original hemisphere for spatial filtering to learn the inter hemispheric connections this innovative technique aligns more closely with the actual brain functionality our method has demonstrated superior results on the cho and openbmi datasets underscoring its effectiveness"
41880521,"Quantifying myocardial oxygen consumption and efficiency with motion-resolved cardiac MRI.","Relentless mechanical work of the heart is powered by continuous oxygen consumption. How the heart uses oxygen is a defining feature of its health. Invasive studies have established that impaired oxygen consumption by the myocardium predicts contractile dysfunction and adverse outcomes. Despite its importance, noninvasive quantification of myocardial oxygen use remains limited. Magnetic resonance imaging (MRI) signal is known to be sensitive to blood oxygenation and has the potential to quantify myocardial oxygen consumption noninvasively, without exogenous contrast agents and free of ionizing radiation. However, its clinical translation has been impeded by the need for complex biophysical calibration, vulnerability to imaging artifacts and consistent vital motions, and the requirement of lengthy acquisition times. Here, we introduce a rapid, self-calibrated cardiac MRI framework that overcomes these barriers through high-resolution, motion-resolved coronary sinus oximetry, which can quantify myocardial oxygen extraction of the whole heart within 3 minutes. We optimized the imaging parameters via numerical simulations and validated them against invasive coronary sinus catheterization in a porcine model. We combined the method with clinical MRI sequences and demonstrated the feasibility of quantifying myocardial oxygen consumption and myocardial oxygen efficiency in patients with and without heart failure secondary to myocardial infarction in a single institution. This needle-free approach establishes a practical framework for noninvasive characterization of myocardial oxygen metabolism. It holds the potential to facilitate early disease detection, inform personalized therapeutic strategies, and guide the development of cardiometabolic therapies aimed at addressing the ongoing heart failure epidemic.",243,"Science translational medicine",2026,"USA","Magnetic Resonance Imaging; Myocardium; Animals; Oxygen Consumption; Humans; Swine; Motion; Heart; Myocardial Infarction; Oximetry","Magnetic Resonance Imaging","Cardiovascular","relentless mechanical work of the heart is powered by continuous oxygen consumption how the heart uses oxygen is a defining feature of its health invasive studies have established that impaired oxygen consumption by the myocardium predicts contractile dysfunction and adverse outcomes despite its importance noninvasive quantification of myocardial oxygen use remains limited magnetic resonance imaging mri signal is known to be sensitive to blood oxygenation and has the potential to quantify myocardial oxygen consumption noninvasively without exogenous contrast agents and free of ionizing radiation however its clinical translation has been impeded by the need for complex biophysical calibration vulnerability to imaging artifacts and consistent vital motions and the requirement of lengthy acquisition times here we introduce a rapid self calibrated cardiac mri framework that overcomes these barriers through high resolution motion resolved coronary sinus oximetry which can quantify myocardial oxygen extraction of the whole heart within minutes we optimized the imaging parameters via numerical simulations and validated them against invasive coronary sinus catheterization in a porcine model we combined the method with clinical mri sequences and demonstrated the feasibility of quantifying myocardial oxygen consumption and myocardial oxygen efficiency in patients with and without heart failure secondary to myocardial infarction in a single institution this needle free approach establishes a practical framework for noninvasive characterization of myocardial oxygen metabolism it holds the potential to facilitate early disease detection inform personalized therapeutic strategies and guide the development of cardiometabolic therapies aimed at addressing the ongoing heart failure epidemic"
40353264,"Determinants of Hypertensive Disorders of Pregnancy in Rural Women in Central India: A Community-Based Cohort Study.","This prospective cohort study was planned to elucidate the magnitude and epidemiological determinants for hypertensive disease in pregnancy (HDP) in a cohort of rural women of central India. It was a community-based prospective cohort study of rural pregnant women. 1650 eligible women were recruited at less than 20 weeks of gestation by pretrained field workers in 100 villages of Wardha District. Baseline socio-demographic factors of all subjects were recorded with the help of open-ended pre-designed and tested questionnaire. They were screened for high risk factors. The woman was followed up till delivery for development of hypertensive disorder of pregnancy. The overall incidence of hypertensive disorders in pregnancy was 7.15%. On univariate analysis, significant determinants of HDP were education, occupation, socio-economic status, interval from previous pregnancy, BMI, calcium intake, stress, and family history of hypertension. Odds of HDP increased by 1.075 times with every additional year of age (95%CI: 1.001 to 1.154), by 1.165 times if BMI increases by one unit (95%CI: 1.165 to 1.168), by 1.168 times if stress score increases by one (95%CI: 1.091 to 1.252), and reduced by 0.736 if haemoglobin increases by one gm/dl (95%CI: 0.632 to 0.858). Family history of hypertension doubles the odds of HDP (95%CI: 1.075 to 3.813). This study helped us to know the burden and various epidemiological determinants of hypertensive disorders. It helped us in identifying the modifiable high risk factors that stakeholders should give due attention to formulate preventive strategies for improving obstetric outcome. The online version contains supplementary material available at 10.1007/s13224-024-02027-y.",252,"Journal of obstetrics and gynaecology of India",2025,"Maharashtra India","","","Cardiovascular","this prospective cohort study was planned to elucidate the magnitude and epidemiological determinants for hypertensive disease in pregnancy hdp in a cohort of rural women of central india it was a community based prospective cohort study of rural pregnant women eligible women were recruited at less than weeks of gestation by pretrained field workers in villages of wardha district baseline socio demographic factors of all subjects were recorded with the help of open ended pre designed and tested questionnaire they were screened for high risk factors the woman was followed up till delivery for development of hypertensive disorder of pregnancy the overall incidence of hypertensive disorders in pregnancy was on univariate analysis significant determinants of hdp were education occupation socio economic status interval from previous pregnancy bmi calcium intake stress and family history of hypertension odds of hdp increased by times with every additional year of age ci to by times if bmi increases by one unit ci to by times if stress score increases by one ci to and reduced by if haemoglobin increases by one gm dl ci to family history of hypertension doubles the odds of hdp ci to this study helped us to know the burden and various epidemiological determinants of hypertensive disorders it helped us in identifying the modifiable high risk factors that stakeholders should give due attention to formulate preventive strategies for improving obstetric outcome the online version contains supplementary material available at s y"
37991277,"The ""microcephalic hydrocephalus"" paradox as a paradigm of altered neural stem cell biology.","Characterized by enlarged brain ventricles, hydrocephalus is a common neurological disorder classically attributed to a primary defect in cerebrospinal fluid (CSF) homeostasis. Microcephaly (""small head"") and hydrocephalus are typically viewed as two mutually exclusive phenomenon, since hydrocephalus is thought of as a fluid ""plumbing"" disorder leading to CSF accumulation, ventricular dilatation, and resultant macrocephaly. However, some cases of hydrocephalus can be associated with microcephaly. Recent work in the genomics of congenital hydrocephalus (CH) and an improved understanding of the tropism of certain viruses such as Zika and cytomegalovirus are beginning to shed light into the paradox ""microcephalic hydrocephalus"" by defining prenatal neural stem cells (NSC) as the spatiotemporal ""scene of the crime."" In some forms of CH and viral brain infections, impaired fetal NSC proliferation leads to decreased neurogenesis, cortical hypoplasia and impaired biomechanical interactions at the CSF-brain interface that collectively engender ventriculomegaly despite an overall and often striking decrease in head circumference. The coexistence of microcephaly and hydrocephalus suggests that these two phenotypes may overlap more than previously appreciated. Continued study of both conditions may be unexpectedly fertile ground for providing new insights into human NSC biology and our understanding of neurodevelopmental disorders.",194,"Cerebral cortex (New York, N.Y. : 1991)",2024,"United States","Pregnancy; Female; Humans; Microcephaly; Hydrocephalus; Brain; Neural Stem Cells; Zika Virus; Zika Virus Infection; Biology","Microcephaly","Neurological","characterized by enlarged brain ventricles hydrocephalus is a common neurological disorder classically attributed to a primary defect in cerebrospinal fluid csf homeostasis microcephaly small head and hydrocephalus are typically viewed as two mutually exclusive phenomenon since hydrocephalus is thought of as a fluid plumbing disorder leading to csf accumulation ventricular dilatation and resultant macrocephaly however some cases of hydrocephalus can be associated with microcephaly recent work in the genomics of congenital hydrocephalus ch and an improved understanding of the tropism of certain viruses such as zika and cytomegalovirus are beginning to shed light into the paradox microcephalic hydrocephalus by defining prenatal neural stem cells nsc as the spatiotemporal scene of the crime in some forms of ch and viral brain infections impaired fetal nsc proliferation leads to decreased neurogenesis cortical hypoplasia and impaired biomechanical interactions at the csf brain interface that collectively engender ventriculomegaly despite an overall and often striking decrease in head circumference the coexistence of microcephaly and hydrocephalus suggests that these two phenotypes may overlap more than previously appreciated continued study of both conditions may be unexpectedly fertile ground for providing new insights into human nsc biology and our understanding of neurodevelopmental disorders"
38173094,"Neural response to monetary and social rewards and familial risk for psychopathology in adolescent females.","Adolescence is a key developmental period for the emergence of psychopathology. Reward-related brain activity increases across adolescence and has been identified as a potential neurobiological mechanism of risk for different forms of psychopathology. The reward positivity (RewP) is an event-related potential component that indexes reward system activation and has been associated with both concurrent and family history of psychopathology. However, it is unclear whether the RewP is also associated with higher-order psychopathology subfactors and whether this relationship is present across different types of reward. In a sample of 193 adolescent females and a biological parent, the present study examined the association between adolescent and parental psychopathology subfactors and adolescent RewP to monetary and social reward. Results indicated that the adolescent and parental distress subfactors were negatively associated with the adolescent domain-general RewP. The adolescent and parental positive mood subfactors were negatively associated with the adolescent domain-general and domain-specific monetary RewP, respectively. Conversely, the adolescent and parental fear/obsessions subfactors were positively associated with the adolescent domain-general RewP. The associations between parental and adolescent psychopathology subfactors and the adolescent RewP were independent of each other. The RewP in adolescent females is associated with both concurrent and parental psychopathology symptoms, suggesting that it indexes both severity and risk for higher-order subfactors.",208,"Psychological medicine",2024,"USA","Humans; Female; Adolescent; Reward; Evoked Potentials; Parents; Electroencephalography; Mental Disorders; Psychopathology; Child of Impaired Parents","Reward","Neurological","adolescence is a key developmental period for the emergence of psychopathology reward related brain activity increases across adolescence and has been identified as a potential neurobiological mechanism of risk for different forms of psychopathology the reward positivity rewp is an event related potential component that indexes reward system activation and has been associated with both concurrent and family history of psychopathology however it is unclear whether the rewp is also associated with higher order psychopathology subfactors and whether this relationship is present across different types of reward in a sample of adolescent females and a biological parent the present study examined the association between adolescent and parental psychopathology subfactors and adolescent rewp to monetary and social reward results indicated that the adolescent and parental distress subfactors were negatively associated with the adolescent domain general rewp the adolescent and parental positive mood subfactors were negatively associated with the adolescent domain general and domain specific monetary rewp respectively conversely the adolescent and parental fear obsessions subfactors were positively associated with the adolescent domain general rewp the associations between parental and adolescent psychopathology subfactors and the adolescent rewp were independent of each other the rewp in adolescent females is associated with both concurrent and parental psychopathology symptoms suggesting that it indexes both severity and risk for higher order subfactors"
38169122,"A pilot study of antimicrobial effects and ototoxicity of a Norway spruce (Picea abies) resin-based canine otic rinse product.","Norway spruce (Picea abies) resin-based products are used in human medicine. A resin-based otic rinse also could be useful in supportive care of canine otitis externa (COE), yet information on its antimicrobial effect against canine pathogens or ototoxicity is lacking. To investigate the antimicrobial properties and ototoxicity of a commercial resin-based otic product. Antimicrobial effect was evaluated using a standardised challenge test on Staphylococcus pseudintermedius, Corynebacterium auriscanis, Pseudomonas aeruginosa, Escherichia coli, Malassezia pachydermatis, and Streptococcus halichoeri strains to measure reduction in growth after 24 h exposure to the product. Effect on cell morphology was investigated by exposing S. pseudintermedius, C. auriscanis, P. aeruginosa and M. pachydermatis to the product in 20% and 100% (v/v) concentrations for 6, 24 and 48 h, and evaluating cells by transmission (TEM) and scanning (SEM) electron microscopy. An in vitro microbial kill-rate assay also was performed. Auditory brain stem response test, clinical evaluation and postmortem histological evaluation of ear canals were undertaken on experimental guinea pigs treated with the test product or saline controls. The product showed >log 5 growth reduction for all strains in the challenge test. TEM and SEM images showed clear changes in the cells' inner structures and deterioration of cells, and 100% (v/v) test product exposure induced microbial killing in 1-2 h. Ototoxicity was not detected in guinea pigs. The product may be an option in supportive care of COE because of antimicrobial effects and lack of ototoxic properties in a guinea pig model.",243,"Veterinary dermatology",2024,"Finland","Animals; Dogs; Pilot Projects; Dog Diseases; Picea; Otitis Externa; Pseudomonas aeruginosa; Corynebacterium; Escherichia coli; Malassezia","Dog Diseases","Neurological","norway spruce picea abies resin based products are used in human medicine a resin based otic rinse also could be useful in supportive care of canine otitis externa coe yet information on its antimicrobial effect against canine pathogens or ototoxicity is lacking to investigate the antimicrobial properties and ototoxicity of a commercial resin based otic product antimicrobial effect was evaluated using a standardised challenge test on staphylococcus pseudintermedius corynebacterium auriscanis pseudomonas aeruginosa escherichia coli malassezia pachydermatis and streptococcus halichoeri strains to measure reduction in growth after h exposure to the product effect on cell morphology was investigated by exposing s pseudintermedius c auriscanis p aeruginosa and m pachydermatis to the product in and v v concentrations for and h and evaluating cells by transmission tem and scanning sem electron microscopy an in vitro microbial kill rate assay also was performed auditory brain stem response test clinical evaluation and postmortem histological evaluation of ear canals were undertaken on experimental guinea pigs treated with the test product or saline controls the product showed log growth reduction for all strains in the challenge test tem and sem images showed clear changes in the cells inner structures and deterioration of cells and v v test product exposure induced microbial killing in h ototoxicity was not detected in guinea pigs the product may be an option in supportive care of coe because of antimicrobial effects and lack of ototoxic properties in a guinea pig model"
38050024,"Association Between Gadoxetic Acid-Enhanced Magnetic Resonance Imaging, Organic Anion Transporters, and Farnesoid X Receptor in Benign Focal Liver Lesions.","The organic anion uptake and efflux transporters [organic anion-transporting polypeptide (OATP)1B1, OATP1B3 and multidrug resistance-associated protein (MRP)2 and MRP3] that mediate the transport of the hepatobiliary-specific contrast agent gadoxetate (Gd-EOB-DTPA) are direct or indirect targets of the farnesoid X receptor (FXR), a key regulator of bile acid and lipid homeostasis. In benign liver tumors, FXR expression and activation is not yet characterized. We investigated the expression and activation of FXR and its targets in hepatocellular adenoma (HCA) and focal nodular hyperplasia (FNH) and their correlation with Gd-EOB-DTPA-enhanced magnetic resonance imaging (MRI). Gd-EOB-DTPA MRI patterns were assessed by an expert radiologist. The intensity of the lesions on the hepatobiliary phase was correlated to mRNA expression levels of OATP1B1, OATP1B3, MRP2, MRP3, FXR, and small heterodimer partner (SHP) in fresh surgical specimens of patients with FNH or HCA subtypes. Normal and tumor sample pairs of 43 HCA and 14 FNH were included. All FNH (14/14) were hyperintense. Of the 34 HCA with available Gd-EOB-DTPA-enhanced MRI, 6 were hyperintense and 28 HCA were hypointense. OATP1B3 was downregulated in the hypointense tumors compared with normal surrounding liver tissue (2.77±3.59 vs. 12.9±15.6, P < 0.001). A significant positive correlation between FXR expression and activation and OATP1B3 expression level was found in the HCA cohort. SHP showed a trend toward downregulation in hypointense HCA. In conclusion, this study suggests that the MRI relative signal in HCA may reflect expression level and/or activity of SHP and FXR. Moreover, our data confirms the pivotal role of OATP1B3 in Gd-EOB-DTPA uptake in HCA. SIGNIFICANCE STATEMENT: FXR represents a valuable target for the treatment of liver disease and metabolic syndrome. Currently, two molecules, ursodeoxycholate and obeticholate, are approved for the treatment of primary biliary cirrhosis and cholestasis, with several compounds in clinical trials for the treatment of metabolic dysfunction-associated fatty liver disease. Because FXR expression and activation is associated with gadoxetate accumulation in HCA, an atypical gadoxetate-enhanced MRI pattern might arise in patients under FXR-targeted therapy, thereby complicating the differential diagnosis.",331,"Drug metabolism and disposition: the biological fate of chemicals",2024,"The Netherlands (JV) bvvanrosmalen@gmailcom","Humans; Organic Anion Transporters; Liver Neoplasms; Adenoma, Liver Cell; Contrast Media; Focal Nodular Hyperplasia; Magnetic Resonance Imaging; Multidrug Resistance-Associated Protein 2; Anions; Retrospective Studies","Organic Anion Transporters","Cancer","the organic anion uptake and efflux transporters organic anion transporting polypeptide oatp b oatp b and multidrug resistance associated protein mrp and mrp that mediate the transport of the hepatobiliary specific contrast agent gadoxetate gd eob dtpa are direct or indirect targets of the farnesoid x receptor fxr a key regulator of bile acid and lipid homeostasis in benign liver tumors fxr expression and activation is not yet characterized we investigated the expression and activation of fxr and its targets in hepatocellular adenoma hca and focal nodular hyperplasia fnh and their correlation with gd eob dtpa enhanced magnetic resonance imaging mri gd eob dtpa mri patterns were assessed by an expert radiologist the intensity of the lesions on the hepatobiliary phase was correlated to mrna expression levels of oatp b oatp b mrp mrp fxr and small heterodimer partner shp in fresh surgical specimens of patients with fnh or hca subtypes normal and tumor sample pairs of hca and fnh were included all fnh were hyperintense of the hca with available gd eob dtpa enhanced mri were hyperintense and hca were hypointense oatp b was downregulated in the hypointense tumors compared with normal surrounding liver tissue vs p a significant positive correlation between fxr expression and activation and oatp b expression level was found in the hca cohort shp showed a trend toward downregulation in hypointense hca in conclusion this study suggests that the mri relative signal in hca may reflect expression level and or activity of shp and fxr moreover our data confirms the pivotal role of oatp b in gd eob dtpa uptake in hca significance statement fxr represents a valuable target for the treatment of liver disease and metabolic syndrome currently two molecules ursodeoxycholate and obeticholate are approved for the treatment of primary biliary cirrhosis and cholestasis with several compounds in clinical trials for the treatment of metabolic dysfunction associated fatty liver disease because fxr expression and activation is associated with gadoxetate accumulation in hca an atypical gadoxetate enhanced mri pattern might arise in patients under fxr targeted therapy thereby complicating the differential diagnosis"
38247933,"Automatic Detection and Classification of Hypertensive Retinopathy with Improved Convolution Neural Network and Improved SVM.","Hypertensive retinopathy (HR) results from the microvascular retinal changes triggered by hypertension, which is the most common leading cause of preventable blindness worldwide. Therefore, it is necessary to develop an automated system for HR detection and evaluation using retinal images. We aimed to propose an automated approach to identify and categorize the various degrees of HR severity. A new network called the spatial convolution module (SCM) combines cross-channel and spatial information, and the convolution operations extract helpful features. The present model is evaluated using publicly accessible datasets ODIR, INSPIREVR, and VICAVR. We applied the augmentation to artificially increase the dataset of 1200 fundus images. The different HR severity levels of normal, mild, moderate, severe, and malignant are finally classified with the reduced time when compared to the existing models because in the proposed model, convolutional layers run only once on the input fundus images, which leads to a speedup and reduces the processing time in detecting the abnormalities in the vascular structure. According to the findings, the improved SVM had the highest detection and classification accuracy rate in the vessel classification with an accuracy of 98.99% and completed the task in 160.4 s. The ten-fold classification achieved the highest accuracy of 98.99%, i.e., 0.27 higher than the five-fold classification accuracy and the improved KNN classifier achieved an accuracy of 98.72%. When computation efficiency is a priority, the proposed model's ability to quickly recognize different HR severity levels is significant.",239,"Bioengineering (Basel, Switzerland)",2024,"India","","","Cardiovascular","hypertensive retinopathy hr results from the microvascular retinal changes triggered by hypertension which is the most common leading cause of preventable blindness worldwide therefore it is necessary to develop an automated system for hr detection and evaluation using retinal images we aimed to propose an automated approach to identify and categorize the various degrees of hr severity a new network called the spatial convolution module scm combines cross channel and spatial information and the convolution operations extract helpful features the present model is evaluated using publicly accessible datasets odir inspirevr and vicavr we applied the augmentation to artificially increase the dataset of fundus images the different hr severity levels of normal mild moderate severe and malignant are finally classified with the reduced time when compared to the existing models because in the proposed model convolutional layers run only once on the input fundus images which leads to a speedup and reduces the processing time in detecting the abnormalities in the vascular structure according to the findings the improved svm had the highest detection and classification accuracy rate in the vessel classification with an accuracy of and completed the task in s the ten fold classification achieved the highest accuracy of i e higher than the five fold classification accuracy and the improved knn classifier achieved an accuracy of when computation efficiency is a priority the proposed model s ability to quickly recognize different hr severity levels is significant"
39885945,"Effects of Etlingera elatior flower extract on cyclooxygenase-2 expression in the gingival epithelium in a diabetic periodontitis rat model.","This research was aimed at investigating the effects of 70% ethanolic Etlingera elatior flower extract on cyclooxygenase-2 (COX-2) expression in the gingival epithelium in rats with diabetic periodontitis. Diabetes and periodontitis were induced in 32 male Rattus norvegicus individuals weighing 200-300 g each. Streptozotocin dissolved in 1 mL citrate buffer was injected intraperitoneally to elicit hyperglycemia. Three days after diabetes induction, the rats' fasting blood glucose levels were measured with a GCU EasyTouch® glucometer. Diabetes was confirmed by fasting blood glucose levels exceeding 200 mg/dL. After diagnosis of diabetic periodontitis, a daily injection of 70% ethanolic E. elatior extract (n = 16) and saline (n = 16) was intraperitoneally administered for 7 days. Immunohistochemistry was used to detect COX-2 expression in the gingival epithelium on days 1, 3, 5, and 7 after injection, and the number of positively colored cells was expressed as a percentage. Brownish cytoplasm in the gingival epithelium was considered to indicate positive COX-2 expression, which extended from the basal layer to the corneum. The percentage of immunopositive cells was analyzed with two-way ANOVA followed by post-hoc LSD analysis at a 95% significance level. Injection of 70% ethanolic extract of E. elatior flower, compared with saline, resulted in greater COX-2 expression on days 1-5. On day 7, however, the E. elatior group exhibited substantially lower COX-2 expression than the saline group (p < 0.05). In diabetic periodontitis, 70% ethanolic E. elatior extract was found to be a useful active component for host modulation therapy. The 70% ethanolic extract of E. elatior flower modulated COX-2 expression in the gingival epithelium in rats with diabetic periodontitis.",267,"Journal of Taibah University Medical Sciences",2024,"Indonesia","","","Diabetes","this research was aimed at investigating the effects of ethanolic etlingera elatior flower extract on cyclooxygenase cox expression in the gingival epithelium in rats with diabetic periodontitis diabetes and periodontitis were induced in male rattus norvegicus individuals weighing g each streptozotocin dissolved in ml citrate buffer was injected intraperitoneally to elicit hyperglycemia three days after diabetes induction the rats fasting blood glucose levels were measured with a gcu easytouch glucometer diabetes was confirmed by fasting blood glucose levels exceeding mg dl after diagnosis of diabetic periodontitis a daily injection of ethanolic e elatior extract n and saline n was intraperitoneally administered for days immunohistochemistry was used to detect cox expression in the gingival epithelium on days and after injection and the number of positively colored cells was expressed as a percentage brownish cytoplasm in the gingival epithelium was considered to indicate positive cox expression which extended from the basal layer to the corneum the percentage of immunopositive cells was analyzed with two way anova followed by post hoc lsd analysis at a significance level injection of ethanolic extract of e elatior flower compared with saline resulted in greater cox expression on days on day however the e elatior group exhibited substantially lower cox expression than the saline group p in diabetic periodontitis ethanolic e elatior extract was found to be a useful active component for host modulation therapy the ethanolic extract of e elatior flower modulated cox expression in the gingival epithelium in rats with diabetic periodontitis"
38250519,"A comparison of diagnostic utility of new endoscopic scraper combined cell block method and conventional brush catheter for biliary tract cancer.","The sensitivities of endoscopic trans-papillary pathologic diagnosis of biliary tract cancer (BTC) are unsatisfactory. Recently, the diagnostic utility of the endoscopic scraper device, Trefle for biliary stricture has been reported. The Trefle can be guided to the target biliary stricture over the guidewire and is as easy to use as the conventional brush catheter (CBC). This study evaluated the efficacy and safety of Trefle-assisted tissue acquisition combined cell block method and CBC cytology for biliary strictures due to BTCs. We retrospectively reviewed consecutive patients with biliary strictures in whom CBC cytology or Trefle-assisted tissue acquisition under endoscopic retrograde cholangiopancreatography was performed for suspected BTCs from January 2015 to June 2022 at our institution. 173 patients (CBC group; n = 55, Trefle group; n = 118) were enrolled in this study. The sensitivity, specificity, and accuracy of CBC cytology for BTC were 68.3%/100%/76.4%. On the other hand, the sensitivity, specificity, and accuracy of Trefle-assisted tissue acquisition for BTC were 93.7%/95.7%/94.1%, showing superior sensitivity (p < 0.001) and accuracy (p = 0.002) compared to that of CBC. Compared to CBC cytology, Trefle-assisted tissue acquisition has superior diagnostic performance while maintaining procedural simplicity and is considered useful for diagnosing malignant biliary stricture.",199,"DEN open",2024,"Department of Gastroenterology and Hepatology Nihon University Itabashi Hospital Tokyo Japan","","","Cancer","the sensitivities of endoscopic trans papillary pathologic diagnosis of biliary tract cancer btc are unsatisfactory recently the diagnostic utility of the endoscopic scraper device trefle for biliary stricture has been reported the trefle can be guided to the target biliary stricture over the guidewire and is as easy to use as the conventional brush catheter cbc this study evaluated the efficacy and safety of trefle assisted tissue acquisition combined cell block method and cbc cytology for biliary strictures due to btcs we retrospectively reviewed consecutive patients with biliary strictures in whom cbc cytology or trefle assisted tissue acquisition under endoscopic retrograde cholangiopancreatography was performed for suspected btcs from january to june at our institution patients cbc group n trefle group n were enrolled in this study the sensitivity specificity and accuracy of cbc cytology for btc were on the other hand the sensitivity specificity and accuracy of trefle assisted tissue acquisition for btc were showing superior sensitivity p and accuracy p compared to that of cbc compared to cbc cytology trefle assisted tissue acquisition has superior diagnostic performance while maintaining procedural simplicity and is considered useful for diagnosing malignant biliary stricture"
38408880,"Triglyceride/high-density lipoprotein cholesterol ratio may be a better index of cardiometabolic risk in women than in men in Japan.","Few data exist regarding the gender differences in the relationship between triglyceride/high-density lipoprotein cholesterol (TG/HDL-C) ratio and cardiometabolic risk leading to atherosclerotic cardiovascular disease (ASCVD). We investigated, by gender, the association between the TG/HDL-C ratio and metabolic syndrome (MetS) and its components in the Japanese, who are less obese than their Western counterparts. A population consisting of 10,373 participants (average age, 47.6 ± 12.6 years, 60.9 % men) at the Health Planning Center of Nihon University Hospital between April 2019 and March 2020 was studied using a cross-sectional study method. The TG/HDL-C ratio and proportion of visceral obesity increased approximately parallelly with age in women; however, these parameters did not change proportionally with age in men. Accordingly, receiver operating characteristic analysis revealed the accuracy of the TG/HDL-C ratio as a predictor of visceral obesity based on the Japanese MetS criteria (women vs. men: area under the curve, 0.797 vs. 0.712, p < 0.0001; sensitivity, 82.4 % vs. 59.9 %; specificity, 61.1 % vs. 71.1 %; cutoff value, 1.075 vs. 1.933, respectively). Furthermore, a higher TG/HDL-C ratio in women reflected the status of MetS and its components compared with men in multi-logistic regression analysis. An increased TG/HDL-C ratio in women may be involved in MetS and its components compared to men. We may pay attention to visceral obesity and increased TG/HDL-C ratio to prevent ASCVD risk in women, even in the Japanese population, which generally contains a lower proportion of obesity than in Western populations.",244,"Nutrition, metabolism, and cardiovascular diseases : NMCD",2024,"Japan Electronic address: tanishigemasa@nihon-uacjp","Male; Humans; Female; Adult; Middle Aged; Triglycerides; Cholesterol, HDL; Japan; Obesity, Abdominal; Cross-Sectional Studies","Metabolic Syndrome","Cardiovascular","few data exist regarding the gender differences in the relationship between triglyceride high density lipoprotein cholesterol tg hdl c ratio and cardiometabolic risk leading to atherosclerotic cardiovascular disease ascvd we investigated by gender the association between the tg hdl c ratio and metabolic syndrome mets and its components in the japanese who are less obese than their western counterparts a population consisting of participants average age years men at the health planning center of nihon university hospital between april and march was studied using a cross sectional study method the tg hdl c ratio and proportion of visceral obesity increased approximately parallelly with age in women however these parameters did not change proportionally with age in men accordingly receiver operating characteristic analysis revealed the accuracy of the tg hdl c ratio as a predictor of visceral obesity based on the japanese mets criteria women vs men area under the curve vs p sensitivity vs specificity vs cutoff value vs respectively furthermore a higher tg hdl c ratio in women reflected the status of mets and its components compared with men in multi logistic regression analysis an increased tg hdl c ratio in women may be involved in mets and its components compared to men we may pay attention to visceral obesity and increased tg hdl c ratio to prevent ascvd risk in women even in the japanese population which generally contains a lower proportion of obesity than in western populations"
38166717,"Depressive symptoms and daily living dependence in older adults with type 2 diabetes mellitus: the mediating role of positive and negative perceived stress.","Higher stress is associated with higher levels of depression and instrumental-activities-of-daily-living (IADL) dependence, and depression is strongly associated with specific IADL disabilities. Accordingly, the aim of this study was to investigate the mediating effect of perceived stress on the association between depression and IADL dependence among older adults with diabetes mellitus (DM). We examined baseline data collected from a longitudinal study that recruited 110 patients with DM aged ≥ 65 years from the endocrinology outpatient clinic of a district hospital. The instruments used for our measurement processes comprised a demographic data sheet and Chinese versions of the Perceived Stress Scale (PSS), the short form of the Geriatric Depression Scale (GDS-S), and the Lawton IADL Scale. We assessed the mediating effects of positive perceived stress (PPS) and negative perceived stress (NPS) after controlling for five covariates by using a regression-based model run through the SPSS macro PROCESS. We observed negative correlations between GDS-S scores and PPS and between PPS and IADL dependence; we noted positive correlations between GDS-S scores and NPS and between NPS and IADL dependence (all P < 0.01). The indirect effect is coefficient = 0.12, [95% confidence interval = (0.0, 0.33)], suggesting that PPS achieves a mediating effect between depressive symptoms and IADL dependence. However, the NPS does not achieve a mediating effect in the relationship between depressive symptoms and IADL dependence (coefficient = 0.06, 95% CI = - 0.03, 0.15). Personal PPS mediates the association between depression and IADL dependence in older adults with DM. This finding suggests that providing patients with psychological education to promote their PPS may help prevent their functional decline.",267,"BMC psychiatry",2024,"Taiwan","Psychological Tests; Self Report; Activities of Daily Living; Stress, Psychological; Longitudinal Studies; Depression; Humans; Diabetes Mellitus, Type 2; Aged","Depression","Diabetes","higher stress is associated with higher levels of depression and instrumental activities of daily living iadl dependence and depression is strongly associated with specific iadl disabilities accordingly the aim of this study was to investigate the mediating effect of perceived stress on the association between depression and iadl dependence among older adults with diabetes mellitus dm we examined baseline data collected from a longitudinal study that recruited patients with dm aged years from the endocrinology outpatient clinic of a district hospital the instruments used for our measurement processes comprised a demographic data sheet and chinese versions of the perceived stress scale pss the short form of the geriatric depression scale gds s and the lawton iadl scale we assessed the mediating effects of positive perceived stress pps and negative perceived stress nps after controlling for five covariates by using a regression based model run through the spss macro process we observed negative correlations between gds s scores and pps and between pps and iadl dependence we noted positive correlations between gds s scores and nps and between nps and iadl dependence all p the indirect effect is coefficient confidence interval suggesting that pps achieves a mediating effect between depressive symptoms and iadl dependence however the nps does not achieve a mediating effect in the relationship between depressive symptoms and iadl dependence coefficient ci personal pps mediates the association between depression and iadl dependence in older adults with dm this finding suggests that providing patients with psychological education to promote their pps may help prevent their functional decline"
40213466,"Renal Clearable H-Dots Leveraging Ligand Complexation for Enhanced Active Tumor Targeting.","The use of ligand conjugation onto nanoparticle surfaces as an active targeting strategy has gained significant attention in the pursuit of improving tumor-specific delivery and retention. However, the chemical conjugation of targeting moieties often induces alterations in the physicochemical properties of nanoparticles, including size, conformation, charge-to-mass ratio, and hydrophilicity/lipophilicity, resulting in unexpected biodistribution and pharmacokinetic profiles. Here, the enhanced active targeting efficiency achieved by integrating cyclic arginine-glycine-aspartic acid (cRGD) peptides onto ultrasmall nanocarrier H-dot while preserving its essential physicochemical and pharmacokinetic attributes is investigated. The resulting cRGD/H-dots demonstrate improved cellular uptake via integrin αvβ3 receptors, accompanied by negligible cytotoxicity. Notably, the active targeting efficacy of cRGD/H-dots compared to unmodified H-dots (1.2%ID/g, two-fold increase) is quantitatively evaluated, validated through fluorescence imaging and histological analysis. The findings highlight that cRGD/H-dots offer enhanced tumor targetability and prolonged tumoral retention while maintaining active renal clearance of unbound molecules.",144,"Small science",2024,"Gordon Center for Medical Imaging Department of Radiology Massachusetts General Hospital and Harvard Medical School Boston MA 02114 USA","","","Cancer","the use of ligand conjugation onto nanoparticle surfaces as an active targeting strategy has gained significant attention in the pursuit of improving tumor specific delivery and retention however the chemical conjugation of targeting moieties often induces alterations in the physicochemical properties of nanoparticles including size conformation charge to mass ratio and hydrophilicity lipophilicity resulting in unexpected biodistribution and pharmacokinetic profiles here the enhanced active targeting efficiency achieved by integrating cyclic arginine glycine aspartic acid crgd peptides onto ultrasmall nanocarrier h dot while preserving its essential physicochemical and pharmacokinetic attributes is investigated the resulting crgd h dots demonstrate improved cellular uptake via integrin v receptors accompanied by negligible cytotoxicity notably the active targeting efficacy of crgd h dots compared to unmodified h dots id g two fold increase is quantitatively evaluated validated through fluorescence imaging and histological analysis the findings highlight that crgd h dots offer enhanced tumor targetability and prolonged tumoral retention while maintaining active renal clearance of unbound molecules"
39759114,"Involvement of the ubiquitin-proteasome system in the regulation of the tumor microenvironment and progression.","The tumor microenvironment is a complex environment comprising tumor cells, non-tumor cells, and other critical non-cellular components. Some studies about tumor microenvironment have recently achieved remarkable progress in tumor treatment. As a substantial part of post-translational protein modification, ubiquitination is a crucial player in maintaining protein stability in cell signaling, cell growth, and a series of cellular life activities, which are also essential for regulating tumor cells or other non-tumor cells in the tumor microenvironment. This review focuses on the role and function of ubiquitination and deubiquitination modification in the tumor microenvironment while discussing the prospect of developing inhibitors targeting ubiquity-related enzymes, thereby providing ideas for future research in cancer therapy.",111,"Genes & diseases",2025,"China","","","Cancer","the tumor microenvironment is a complex environment comprising tumor cells non tumor cells and other critical non cellular components some studies about tumor microenvironment have recently achieved remarkable progress in tumor treatment as a substantial part of post translational protein modification ubiquitination is a crucial player in maintaining protein stability in cell signaling cell growth and a series of cellular life activities which are also essential for regulating tumor cells or other non tumor cells in the tumor microenvironment this review focuses on the role and function of ubiquitination and deubiquitination modification in the tumor microenvironment while discussing the prospect of developing inhibitors targeting ubiquity related enzymes thereby providing ideas for future research in cancer therapy"
38232059,"The burden of cardiovascular disease attributable to dietary risk factors in Australia between 1990 and 2019.","Unhealthy diet is associated with increased risk of cardiovascular diseases (CVD). However, there are no studies reporting the impact and trends of dietary risk factors on CVD in Australia. This study aimed to determine the burden of CVDs attributable to dietary risk factors in Australia between 1990 and 2019. We used data from the Global Burden of Diseases (GBD) study and quantified the rate (per 100,000) of deaths, disability-adjusted life years (DALYs), years lived with a disability (YLDs), and years of life lost (YLLs) for 21 CVDs attributable to 13 dietary risk factors (eight food groups and five nutrients) in Australia by sex and age groups (≥25 years and over). In 2019, the age-standardised rates of deaths, YLDs, YLLs, and DALYs attributable to dietary risk factors attributable to CVDs in the Australian population were 26.5, 60.8, 349.9, and 410.8 per 100,000 in women and 46.1, 62.6, 807.0, and 869.6 in men. Between 1990 and 2019, YLLs consistently contributed more towards the rates of DALYs than YLDs. Over the 30-year period, CVD deaths, YLLs, and DALYs attributable to dietary risk factors declined in both women and men. The leading dietary risk factors for CVD deaths and DALYs were a diet high in red meat (6.1 deaths per 100,000 [3.6, 8.7] and 115.6 DALYs per 100,000 [79.7, 151.6]) in women and a diet low in wholegrains (11.3 deaths [4.4, 15.1] and 220.3 DALYs [86.4, 291.8]) in men. Sex differences were observed in the contribution of dietary risk factors to CVD over time such that the lowest rate of decrease in deaths and DALYs occurred with diets high in sodium in women and diets high in processed meat in men. Although the burden of diet-related CVD has decreased significantly in the Australian population over the past 30 years, diets low in wholegrains and high in red meat continue to contribute significantly to the overall CVD burden. Future nutrition programs and policies should target these dietary risk factors.",324,"PloS one",2024,"Australia","Humans; Male; Female; Adult; Cardiovascular Diseases; Quality-Adjusted Life Years; Australia; Risk Factors; Diet; Global Burden of Disease","Cardiovascular Diseases","Cardiovascular","unhealthy diet is associated with increased risk of cardiovascular diseases cvd however there are no studies reporting the impact and trends of dietary risk factors on cvd in australia this study aimed to determine the burden of cvds attributable to dietary risk factors in australia between and we used data from the global burden of diseases gbd study and quantified the rate per of deaths disability adjusted life years dalys years lived with a disability ylds and years of life lost ylls for cvds attributable to dietary risk factors eight food groups and five nutrients in australia by sex and age groups years and over in the age standardised rates of deaths ylds ylls and dalys attributable to dietary risk factors attributable to cvds in the australian population were and per in women and and in men between and ylls consistently contributed more towards the rates of dalys than ylds over the year period cvd deaths ylls and dalys attributable to dietary risk factors declined in both women and men the leading dietary risk factors for cvd deaths and dalys were a diet high in red meat deaths per and dalys per in women and a diet low in wholegrains deaths and dalys in men sex differences were observed in the contribution of dietary risk factors to cvd over time such that the lowest rate of decrease in deaths and dalys occurred with diets high in sodium in women and diets high in processed meat in men although the burden of diet related cvd has decreased significantly in the australian population over the past years diets low in wholegrains and high in red meat continue to contribute significantly to the overall cvd burden future nutrition programs and policies should target these dietary risk factors"
38292816,"Movement disorder Deep brain stimulation Hybridization: Patient and caregiver outcomes.","Deep brain stimulation (DBS) is a well-established surgical treatment for certain movement disorders and involves the implantation of brain electrodes connected to implantable pulse generators (IPGs). As more device manufacturers have entered the market, some IPG technology has been designed to be compatible with brain electrodes from other manufacturers, which has facilitated the hybridization of implant technology. The aim of this study was to assess the benefits of hybridization of non-rechargeable, constant voltage IPGs to rechargeable, constant current IPGs. A list of DBS movement disorder patients who had their non-rechargeable, constant voltage IPGs replaced with rechargeable, constant current IPGs from a different manufacturer was compiled. Structured surveys of these patients, and their caregivers when applicable, were undertaken to determine both patient and caregiver satisfaction in this DBS hybridization strategy. Eighteen patients met inclusion criteria and twelve patients or their caregivers completed the structured survey (67% response rate). Nine patients had Parkinson's disease (75%), three had essential tremor (25%). Nine (75%) were converted from bilateral single-channel IPGs, and three (25%) were converted from a unilateral dual-channel IPGs. Overall, 92% of patients and caregivers surveyed reported improvement or no change in their symptoms, 92% reported a decrease or no change in their medication requirements, and 92% report they are satisfied or very satisfied with their IPG hybridization and would recommend the surgery to similar patients. There were no immediate surgical complications. In this series of movement disorder DBS patients, surgery was safe and patient and caregiver satisfaction were high with a hybridization of non-rechargeable, constant voltage IPGs to rechargeable, constant current IPGs.",260,"Clinical parkinsonism & related disorders",2024,"United States","","","Neurological","deep brain stimulation dbs is a well established surgical treatment for certain movement disorders and involves the implantation of brain electrodes connected to implantable pulse generators ipgs as more device manufacturers have entered the market some ipg technology has been designed to be compatible with brain electrodes from other manufacturers which has facilitated the hybridization of implant technology the aim of this study was to assess the benefits of hybridization of non rechargeable constant voltage ipgs to rechargeable constant current ipgs a list of dbs movement disorder patients who had their non rechargeable constant voltage ipgs replaced with rechargeable constant current ipgs from a different manufacturer was compiled structured surveys of these patients and their caregivers when applicable were undertaken to determine both patient and caregiver satisfaction in this dbs hybridization strategy eighteen patients met inclusion criteria and twelve patients or their caregivers completed the structured survey response rate nine patients had parkinson s disease three had essential tremor nine were converted from bilateral single channel ipgs and three were converted from a unilateral dual channel ipgs overall of patients and caregivers surveyed reported improvement or no change in their symptoms reported a decrease or no change in their medication requirements and report they are satisfied or very satisfied with their ipg hybridization and would recommend the surgery to similar patients there were no immediate surgical complications in this series of movement disorder dbs patients surgery was safe and patient and caregiver satisfaction were high with a hybridization of non rechargeable constant voltage ipgs to rechargeable constant current ipgs"
39466786,"The Dual-specificity Phosphatase 3 (DUSP3): A Potential Target Against Renal Ischemia/Reperfusion Injury.","Renal ischemia/reperfusion (I/R) injury is a common clinical challenge faced by clinicians in kidney transplantation. I/R is the leading cause of acute kidney injury, and it occurs when blood flow to the kidney is interrupted and subsequently restored. I/R impairs renal function in both short and long terms. Renal ischemic preconditioning refers to all maneuvers intended to prevent or attenuate ischemic damage. In this context, the present review focuses on the dual-specificity phosphatase 3 (DUSP3), also known as vaccinia H1-related phosphatase, an uncommon regulator of mitogen-activated protein kinase (MAPK) phosphorylation. DUSP3 has different biological functions: (1) it acts as a tumor modulator and (2) it is involved in the regulation of immune response, thrombosis, hemostasis, angiogenesis, and genomic stability. These functions occur either through MAPK-dependent or MAPK-independent mechanisms. DUSP3 genetic deletion dampens kidney damage and inflammation caused by I/R in mice, suggesting DUSP3 as a potential target for preventing renal I/R injury. Here, we discuss the putative role of DUSP3 in ischemic preconditioning and the potential mechanisms of such an attenuated inflammatory response via improved kidney perfusion and adequate innate immune response.",182,"Transplantation",2024,"Belgium","Reperfusion Injury; Animals; Humans; Dual Specificity Phosphatase 3; Kidney; Ischemic Preconditioning; Acute Kidney Injury; Kidney Transplantation; Signal Transduction; Mice","Reperfusion Injury","Cancer","renal ischemia reperfusion i r injury is a common clinical challenge faced by clinicians in kidney transplantation i r is the leading cause of acute kidney injury and it occurs when blood flow to the kidney is interrupted and subsequently restored i r impairs renal function in both short and long terms renal ischemic preconditioning refers to all maneuvers intended to prevent or attenuate ischemic damage in this context the present review focuses on the dual specificity phosphatase dusp also known as vaccinia h related phosphatase an uncommon regulator of mitogen activated protein kinase mapk phosphorylation dusp has different biological functions it acts as a tumor modulator and it is involved in the regulation of immune response thrombosis hemostasis angiogenesis and genomic stability these functions occur either through mapk dependent or mapk independent mechanisms dusp genetic deletion dampens kidney damage and inflammation caused by i r in mice suggesting dusp as a potential target for preventing renal i r injury here we discuss the putative role of dusp in ischemic preconditioning and the potential mechanisms of such an attenuated inflammatory response via improved kidney perfusion and adequate innate immune response"
41847646,"Isoindolines and Isoindoline-1,3-diones as Nonpeptide ACE Inhibitors: An In Silico and In Vitro Modeling Approach.","Hypertension, a major cardiovascular risk factor, is often treated with peptide-derived angiotensin-converting enzyme inhibitors (ACEi), which can have several side effects. This study examined a new alternative: isoindoline and isoindoline-1,3-dione derivatives as nonpeptide ACE inhibitors. The synthesis and testing of these compounds involved both in silico molecular docking studies and optimized in vitro inhibitory kinetic assays, along with acute toxicity tests in mice. isoindoline-1,3-dione, D-05, demonstrated the strongest ACE inhibition in vitro (IC50 = 416.4 μM) and effectively bound to the enzyme's catalytic active site in silico. Additionally, isoindoline-1,3-diones showed lower toxicity in mice (LD50 > 1600 mg/kg) compared to isoindolines (LD50 < 1000 mg/kg). This reduced toxicity is attributed to the presence of fewer reactive secondary metabolites. These promising results highlight the potential of isoindoline-1,3-diones as innovative nonpeptide ACE inhibitors and support further in vivo studies to verify their antihypertensive effects.",142,"ACS medicinal chemistry letters",2026,"México","","","Cardiovascular","hypertension a major cardiovascular risk factor is often treated with peptide derived angiotensin converting enzyme inhibitors acei which can have several side effects this study examined a new alternative isoindoline and isoindoline dione derivatives as nonpeptide ace inhibitors the synthesis and testing of these compounds involved both in silico molecular docking studies and optimized in vitro inhibitory kinetic assays along with acute toxicity tests in mice isoindoline dione d demonstrated the strongest ace inhibition in vitro ic m and effectively bound to the enzyme s catalytic active site in silico additionally isoindoline diones showed lower toxicity in mice ld mg kg compared to isoindolines ld mg kg this reduced toxicity is attributed to the presence of fewer reactive secondary metabolites these promising results highlight the potential of isoindoline diones as innovative nonpeptide ace inhibitors and support further in vivo studies to verify their antihypertensive effects"
41705380,"Factors influencing the risk of complications in hand surgery: a narrative review.","&lt;b&gt;Introduction:&lt;/b&gt; Complications are undesirable events that interfere with the treatment process, prolong it, and often worsen the final result. Avoiding complications is not always possible, but minimizing the risk is a constant concern of the treating team.&lt;b&gt;Aim:&lt;/b&gt; The aim of the study was to review the literature on risk factors for complications in hand surgery.&lt;b&gt;Material and methods:&lt;/b&gt; Randomized clinical trials, observational studies, systematic reviews, and meta-analyses found in PubMed and Medline databases published in the last 10 years were reviewed.&lt;b&gt;Results:&lt;/b&gt; Complications after hand surgery are relatively rare, occurring in about 2-3% of patients. The patient&apos;s poor general health, diabetes, obesity, and smoking significantly increase the risk of complications, particularly infection. Severe systemic diseases increase the risk of systemic complications. However, patients with such burdens are rarely operated on. Anticoagulation and immunosuppression increase the risk of local complications. Surgeon's experience, fatigue, or sleep deprivation may affect the risk of postoperative complications. However, the actual impact of these variables is unclear.&lt;b&gt;Conclusions:&lt;/b&gt; Complications after hand surgery are rare, and knowing the factors that increase the risk of their occurrence allows one to avoid them.",181,"Polski przeglad chirurgiczny",2025,"Poland","Humans; Postoperative Complications; Risk Factors; Hand; Female; Male","Postoperative Complications","Diabetes","lt b gt introduction lt b gt complications are undesirable events that interfere with the treatment process prolong it and often worsen the final result avoiding complications is not always possible but minimizing the risk is a constant concern of the treating team lt b gt aim lt b gt the aim of the study was to review the literature on risk factors for complications in hand surgery lt b gt material and methods lt b gt randomized clinical trials observational studies systematic reviews and meta analyses found in pubmed and medline databases published in the last years were reviewed lt b gt results lt b gt complications after hand surgery are relatively rare occurring in about of patients the patient apos s poor general health diabetes obesity and smoking significantly increase the risk of complications particularly infection severe systemic diseases increase the risk of systemic complications however patients with such burdens are rarely operated on anticoagulation and immunosuppression increase the risk of local complications surgeon s experience fatigue or sleep deprivation may affect the risk of postoperative complications however the actual impact of these variables is unclear lt b gt conclusions lt b gt complications after hand surgery are rare and knowing the factors that increase the risk of their occurrence allows one to avoid them"
38178079,"Development and validation of prognostic models for small cell lung cancer patients with liver metastasis: a SEER population-based study.","This study was to establish and validate prediction models to predict the cancer-specific survival (CSS) and overall survival (OS) of small-cell lung cancer (SCLC) patients with liver metastasis. In the retrospective cohort study, SCLC patients with liver metastasis between 2010 and 2015 were retrospectively retrieved from the Surveillance, Epidemiology, and End Results (SEER) database. Patients were randomly divided into the training group and testing group (3: 1 ratio). The Cox proportional hazards model was used to determine the predictive factors for CSS and OS in SCLC with liver metastasis. The prediction models were conducted based on the predictive factors. The performances of the prediction models were evaluated by concordance indexes (C-index), and calibration plots. The clinical value of the models was evaluated by decision curve analysis (DCA). In total, 8,587 patients were included, with 154 patients experiencing CSS and 154 patients experiencing OS. The median follow-up was 3 months. Age, gender, marital status, N stage, lung metastases, multiple metastases surgery of metastatic site, chemotherapy, and radiotherapy were independent predictive factors for the CSS and OS of SCLC patients with liver metastasis. The prediction models presented good performances of CSS and OS among patients with liver metastasis, with the C-index for CSS being 0.724, whereas the C-index for OS was 0.732, in the training set. The calibration curve showed a high degree of consistency between the actual and predicted CSS and OS. DCA suggested that the prediction models provided greater net clinical benefit to these patients. Our prediction models showed good predictive performance for the CSS and OS among SCLC patients with liver metastasis. Our developed nomograms may help clinicians predict CSS and OS in SCLC patients with liver metastasis.",279,"BMC pulmonary medicine",2024,"P R China","Humans; Liver Neoplasms; Lung Neoplasms; Prognosis; Retrospective Studies; Small Cell Lung Carcinoma","Liver Neoplasms","Cancer","this study was to establish and validate prediction models to predict the cancer specific survival css and overall survival os of small cell lung cancer sclc patients with liver metastasis in the retrospective cohort study sclc patients with liver metastasis between and were retrospectively retrieved from the surveillance epidemiology and end results seer database patients were randomly divided into the training group and testing group ratio the cox proportional hazards model was used to determine the predictive factors for css and os in sclc with liver metastasis the prediction models were conducted based on the predictive factors the performances of the prediction models were evaluated by concordance indexes c index and calibration plots the clinical value of the models was evaluated by decision curve analysis dca in total patients were included with patients experiencing css and patients experiencing os the median follow up was months age gender marital status n stage lung metastases multiple metastases surgery of metastatic site chemotherapy and radiotherapy were independent predictive factors for the css and os of sclc patients with liver metastasis the prediction models presented good performances of css and os among patients with liver metastasis with the c index for css being whereas the c index for os was in the training set the calibration curve showed a high degree of consistency between the actual and predicted css and os dca suggested that the prediction models provided greater net clinical benefit to these patients our prediction models showed good predictive performance for the css and os among sclc patients with liver metastasis our developed nomograms may help clinicians predict css and os in sclc patients with liver metastasis"
39776892,"Computational modeling of fear and stress responses: validation using consolidated fear and stress protocols.","Dysfunction in fear and stress responses is intrinsically linked to various neurological diseases, including anxiety disorders, depression, and Post-Traumatic Stress Disorder. Previous studies using in vivo models with Immediate-Extinction Deficit (IED) and Stress Enhanced Fear Learning (SEFL) protocols have provided valuable insights into these mechanisms and aided the development of new therapeutic approaches. However, assessing these dysfunctions in animal subjects using IED and SEFL protocols can cause significant pain and suffering. To advance the understanding of fear and stress, this study presents a biologically and behaviorally plausible computational architecture that integrates several subregions of key brain structures, such as the amygdala, hippocampus, and medial prefrontal cortex. Additionally, the model incorporates stress hormone curves and employs spiking neural networks with conductance-based integrate-and-fire neurons. The proposed approach was validated using the well-established Contextual Fear Conditioning paradigm and subsequently tested with IED and SEFL protocols. The results confirmed that higher intensity aversive stimuli result in more robust and persistent fear memories, making extinction more challenging. They also underscore the importance of the timing of extinction and the significant influence of stress. To our knowledge, this is the first instance of computational modeling being applied to IED and SEFL protocols. This study validates our computational model's complexity and biological realism in analyzing responses to fear and stress through fear conditioning, IED, and SEFL protocols. Rather than providing new biological insights, the primary contribution of this work lies in its methodological innovation, demonstrating that complex, biologically plausible neural architectures can effectively replicate established findings in fear and stress research. By simulating protocols typically conducted in vivo-often involving significant pain and suffering-in an insilico environment, our model offers a promising tool for studying fear-related mechanisms. These findings support the potential of computational models to reduce the reliance on animal testing while setting the stage for new therapeutic approaches.",302,"Frontiers in systems neuroscience",2024,"Brazil","","","Neurological","dysfunction in fear and stress responses is intrinsically linked to various neurological diseases including anxiety disorders depression and post traumatic stress disorder previous studies using in vivo models with immediate extinction deficit ied and stress enhanced fear learning sefl protocols have provided valuable insights into these mechanisms and aided the development of new therapeutic approaches however assessing these dysfunctions in animal subjects using ied and sefl protocols can cause significant pain and suffering to advance the understanding of fear and stress this study presents a biologically and behaviorally plausible computational architecture that integrates several subregions of key brain structures such as the amygdala hippocampus and medial prefrontal cortex additionally the model incorporates stress hormone curves and employs spiking neural networks with conductance based integrate and fire neurons the proposed approach was validated using the well established contextual fear conditioning paradigm and subsequently tested with ied and sefl protocols the results confirmed that higher intensity aversive stimuli result in more robust and persistent fear memories making extinction more challenging they also underscore the importance of the timing of extinction and the significant influence of stress to our knowledge this is the first instance of computational modeling being applied to ied and sefl protocols this study validates our computational model s complexity and biological realism in analyzing responses to fear and stress through fear conditioning ied and sefl protocols rather than providing new biological insights the primary contribution of this work lies in its methodological innovation demonstrating that complex biologically plausible neural architectures can effectively replicate established findings in fear and stress research by simulating protocols typically conducted in vivo often involving significant pain and suffering in an insilico environment our model offers a promising tool for studying fear related mechanisms these findings support the potential of computational models to reduce the reliance on animal testing while setting the stage for new therapeutic approaches"
40844960,"Cardiovascular Disease Risk Related Knowledge, Perception, Behaviours, and Utilization of Routine Screening Services among a Nigerian Adult Population: A Cross-Sectional Analytic Study.","Cardiovascular disease (CVD) risk preventive interventions should be informed by and targeted at addressing health literacy needs of individuals and communities. This study assessed the CVD risk knowledge, perception, behaviours, and utilization of routine risk screening services among a Nigerian adult population. A cross-sectional analytic study design was employed to assess the CVD risk knowledge, perception, behaviours, and utilization of risk screening services among a random multistage sample of 900 adults. Data were collected using an interviewer-administered semi-structured questionnaire adapted from the WHO STEPS questionnaire. Descriptive and inferential analyses of data collected were carried out using the IBM SPSS version 28 software. The mean age of the study participants was 45.0 (SD = 18.7) years, with 66.8% reporting three concurrent risk behaviours, and 34.2% reporting utilization of at least one CVD risk screening service in the preceding year. Overall good CVD risk knowledge, and perception among the study participants was 77.2% and 19.6% respectively. Education, urban settlement, family history of CVD, good overall CVD risk knowledge and perception were predictors of the utilization of CVD risk screening services. A significant proportion of the study participants reported multiple CVD risk behaviours, had poor risk perception and utilization of risk screening services despite having a good overall CVD risk knowledge. There is need for concerted efforts by the relevant stakeholder in the State Ministry of Health to target the adult population in the study setting with health promotion information on CVD risk prevention and the benefits of early risk detection.",248,"West African journal of medicine",2025,"United Kingdom E-mail address: PatrickOyibo@cityacuk","Humans; Cross-Sectional Studies; Nigeria; Female; Male; Health Knowledge, Attitudes, Practice; Middle Aged; Cardiovascular Diseases; Adult; Mass Screening","Health Knowledge, Attitudes, Practice","Cardiovascular","cardiovascular disease cvd risk preventive interventions should be informed by and targeted at addressing health literacy needs of individuals and communities this study assessed the cvd risk knowledge perception behaviours and utilization of routine risk screening services among a nigerian adult population a cross sectional analytic study design was employed to assess the cvd risk knowledge perception behaviours and utilization of risk screening services among a random multistage sample of adults data were collected using an interviewer administered semi structured questionnaire adapted from the who steps questionnaire descriptive and inferential analyses of data collected were carried out using the ibm spss version software the mean age of the study participants was sd years with reporting three concurrent risk behaviours and reporting utilization of at least one cvd risk screening service in the preceding year overall good cvd risk knowledge and perception among the study participants was and respectively education urban settlement family history of cvd good overall cvd risk knowledge and perception were predictors of the utilization of cvd risk screening services a significant proportion of the study participants reported multiple cvd risk behaviours had poor risk perception and utilization of risk screening services despite having a good overall cvd risk knowledge there is need for concerted efforts by the relevant stakeholder in the state ministry of health to target the adult population in the study setting with health promotion information on cvd risk prevention and the benefits of early risk detection"
41718620,"Effect of metoprolol and bisoprolol on bleeding rates in patients with atrial fibrillation.","Atrial fibrillation (AF) is a complex disease with irregular ventricular response and tachycardia as a result of irregular and rapid contraction of the atria, with poor cardiovascular outcomes unless treated. Beta-blockers are commonly used agents in the treatment of AF. The effects of beta-blockers on bleeding continue to be evaluated. Bleeding is a common complication in AF. In current cases, the evaluation of bleeding contributes to the follow-up of the disease. Our study aims to evaluate the effect of beta-blockers on bleeding in patients with AF. The study was conducted retrospectively, and a total of 4004 patients hospitalised in a cardiology outpatient clinic were included. The patients were divided into two groups: those using metoprolol (n = 2481) and those using bisoprolol (n = 1523). Bleeding rates were evaluated. Bleeding events in the entire group were as follows; gastrointestinal bleeding in 164 patients (35.65%), epistaxis in 109 patients (23.69%), eye bleeding in 47 patients (10.21%), genitourinary bleeding in 39 patients (58.47%), oral bleeding in 35 patients (7.60%), subcutaneous bleeding in 28 patients (6.08%), intracranial bleeding in 19 patients (4.13%), traumatic bleeding in 16 patients (3.47%), and haemoptysis in 3 patients (0.65%). Both Bleeding Academic Research Consortium (BARC) type ≥ 2 and BARC ≥ 3 bleeding events were significantly higher in the bisoprolol group (p < 0.001). According to this study, the risk of bleeding in AF patients using metoprolol was found to be lower than in patients using bisoprolol. Accordingly, using metoprolol in AF patients seems safer.",247,"Cardiovascular journal of Africa",2025,"Turkey Email: sefaerdi61@gmailcom","Humans; Atrial Fibrillation; Metoprolol; Bisoprolol; Female; Retrospective Studies; Male; Aged; Hemorrhage; Middle Aged","Atrial Fibrillation","Cardiovascular","atrial fibrillation af is a complex disease with irregular ventricular response and tachycardia as a result of irregular and rapid contraction of the atria with poor cardiovascular outcomes unless treated beta blockers are commonly used agents in the treatment of af the effects of beta blockers on bleeding continue to be evaluated bleeding is a common complication in af in current cases the evaluation of bleeding contributes to the follow up of the disease our study aims to evaluate the effect of beta blockers on bleeding in patients with af the study was conducted retrospectively and a total of patients hospitalised in a cardiology outpatient clinic were included the patients were divided into two groups those using metoprolol n and those using bisoprolol n bleeding rates were evaluated bleeding events in the entire group were as follows gastrointestinal bleeding in patients epistaxis in patients eye bleeding in patients genitourinary bleeding in patients oral bleeding in patients subcutaneous bleeding in patients intracranial bleeding in patients traumatic bleeding in patients and haemoptysis in patients both bleeding academic research consortium barc type and barc bleeding events were significantly higher in the bisoprolol group p according to this study the risk of bleeding in af patients using metoprolol was found to be lower than in patients using bisoprolol accordingly using metoprolol in af patients seems safer"
38266609,"Optimized LC-MS/MS method for quantifying insulin degludec and liraglutide in rat plasma and Tissues: Application in pharmacokinetics and biodistribution.","We present an ultra-performance liquid chromatography-tandem mass spectrometry (LC-MS/MS) method for simultaneous detection of insulin degludec (I-Deg) and liraglutide (LIRA) in rat plasma and tissues, characterized by its sensitivity and selectivity. Chromatographic separation was achieved using an Acquity UPLC BEH C18 column, leveraging a mobile phase of acetonitrile and water (both with 0.1 % formic acid) under gradient elution over a run time of 7.5 min. The mass spectrometer operated in positive electrospray ionization multiple reaction monitoring (MRM) mode, tracking transitions of m/z 1221.6 → 641.6 for I-Deg, m/z 938.7 → 1064.1 for LIRA, and m/z 1184.7 → 454.4 for the internal standard. Validation ranged from 5 to 100 ng/mL, exhibiting robust linearity (r2 > 0.99) and limits of detection (LOD) of 1.63-2.02 ng/mL for I-Deg and 0.96-1.62 ng/mL for LIRA. Limits of quantification (LOQ) were 2.38-4.76 ng/mL for I-Deg and 3.22-4.40 ng/mL for LIRA. Notably, no significant matrix effects were detected. Stability was confirmed under various conditions, and precision metrics (intraday RSD 1.68-8.05 % for I-Deg and 1.11-7.69 % for LIRA; interday RSD 1.39-8.61 % for I-Deg and 1.06-8.83 % for LIRA) alongside accuracy (90.5-114.9 % for I-Deg and 92.7-113.7 % for LIRA) were within acceptable ranges. The method was successfully applied to pharmacokinetic and biodistribution studies following simultaneous subcutaneous administration of LIRA and I-Deg in rats.",218,"Journal of chromatography. B, Analytical technologies in the biomedical and life sciences",2024,"Brazil","Rats; Animals; Chromatography, Liquid; Rats, Sprague-Dawley; Tandem Mass Spectrometry; Liraglutide; Tissue Distribution; Chromatography, High Pressure Liquid; Liquid Chromatography-Mass Spectrometry; Reproducibility of Results","Tandem Mass Spectrometry","Diabetes","we present an ultra performance liquid chromatography tandem mass spectrometry lc ms ms method for simultaneous detection of insulin degludec i deg and liraglutide lira in rat plasma and tissues characterized by its sensitivity and selectivity chromatographic separation was achieved using an acquity uplc beh c column leveraging a mobile phase of acetonitrile and water both with formic acid under gradient elution over a run time of min the mass spectrometer operated in positive electrospray ionization multiple reaction monitoring mrm mode tracking transitions of m z for i deg m z for lira and m z for the internal standard validation ranged from to ng ml exhibiting robust linearity r and limits of detection lod of ng ml for i deg and ng ml for lira limits of quantification loq were ng ml for i deg and ng ml for lira notably no significant matrix effects were detected stability was confirmed under various conditions and precision metrics intraday rsd for i deg and for lira interday rsd for i deg and for lira alongside accuracy for i deg and for lira were within acceptable ranges the method was successfully applied to pharmacokinetic and biodistribution studies following simultaneous subcutaneous administration of lira and i deg in rats"
39816443,"Northern Lights Neuroscience Symposium 2024: Expanding Spectrum of Common Dementia Disorders.","The Northern Lights Neuroscience Symposium 2024 ""Expanding Spectrum of Common Dementia Disorders"" was held in Hanasaari, Helsinki (Espoo), Finland on September 26-27, 2024. The meeting was jointly organised by the Scandinavian Neuropathological Society (chair Olivera Casar-Borota) and University of Helsinki. Drs. Liisa Myllykangas (chair), Olli Tynninen, Maria Gardberg and Tuomas Rauramaa made up the organising committee. The event brought together neuropathologists, clinicians and neuroscientists from nine different counties. In total, 91 people had registered for the meeting, and there were 29 abstracts. The keynote lectures on neuropathological and clinical aspects of new dementia entities such as LATE and PART as well as subtypes of AD and LBD, vascular and mixed patologies, were given by Irina Alafuzoff, Peter Nelson, David Wolk, Gabor Kovacs, Melissa Murray, Jacob Vogel, Liisa Myllykangas, Per Borghammer, Johannes Attems and Masafumi Ihara. The Patrick Sourander lecture ""Investigating choroid plexus and cerebrospinal fluid roles and functions in neurologic disease"" was presented by Maria Lehtinen from Harvard Medical School. Seven additional oral presentations (selected from submitted abstracts) were also given. The participants were highly appreciative of the meeting's top level scientific content and of the networking event, which included a Finnish sauna, a cruise in the Helsinki archipelago and a dinner in the center of Helsinki.",207,"Free neuropathology",2024,"Unknown","","","Neurological","the northern lights neuroscience symposium expanding spectrum of common dementia disorders was held in hanasaari helsinki espoo finland on september the meeting was jointly organised by the scandinavian neuropathological society chair olivera casar borota and university of helsinki drs liisa myllykangas chair olli tynninen maria gardberg and tuomas rauramaa made up the organising committee the event brought together neuropathologists clinicians and neuroscientists from nine different counties in total people had registered for the meeting and there were abstracts the keynote lectures on neuropathological and clinical aspects of new dementia entities such as late and part as well as subtypes of ad and lbd vascular and mixed patologies were given by irina alafuzoff peter nelson david wolk gabor kovacs melissa murray jacob vogel liisa myllykangas per borghammer johannes attems and masafumi ihara the patrick sourander lecture investigating choroid plexus and cerebrospinal fluid roles and functions in neurologic disease was presented by maria lehtinen from harvard medical school seven additional oral presentations selected from submitted abstracts were also given the participants were highly appreciative of the meeting s top level scientific content and of the networking event which included a finnish sauna a cruise in the helsinki archipelago and a dinner in the center of helsinki"
38167215,"Radiofrequency ablation for thyroid nodules in Ecuador: a cross-sectional study.","To describe the demographic characteristics and clinical outcomes following the first cohort of patients with Bening Thyroid Nodule (BTN) and (Papillary Thyroid Microcarcinoma) (PTMC) treated with Radiofrequency Ablation (RFA)in Ecuador. Single-center, cross-sectional study. We included adults undergoing RFA for BTN and PTMC between July 2019 and May 2022. Descriptive statistics and the Wilcoxon signed-rank test were used to compare some pre- and post-intervention outcomes. We included 44 patients with 36 BTNs and eight PTMCs. The median age was 45.80 years (IQR 16-79 years), and most patients had normal thyroid function (72.72%). The median follow-up time was 7.80 months (IQR1.0-34.0). Nodules were primarily solid (43.21%) or predominantly solid (56.81%). The pre-RFA median volume in the benign lesions group was 10.30 ml (IQR 1.86-18.97). After ablation, the 1-month, 3-month, 6-month, and 12-month median volumes were 6.90 (IQR 0.48-10.15; p < 0.01) mL, 5.72 (IQR 0.77-7.25; p = 0.045); 0.98 (IQR 0.25-3.64; p < 0.01), and 0.11 (IQR 0.07-11.26; p = 0.026), respectively. The volume rate reduction was 47.20%, 72.20%, 74.00%, and 96.20% at 1, 3, 6, and 12-month follow-ups, respectively. The pre-RFA median volume in the PTMC group was 0.25 ml (IQR 0.19-0.48). After ablation, the 1-month, 3-month, and 6-month mean volumes were 0.19 (range 0.12-0.31; p = 0.120) mL, 0.10 (IQR 0.05-0.15; p = 0.13), and 0.01 (IQR 0.005-0.04; p = 0.364), respectively. In this first report from Ecuador, we found that RFA may be a feasible alternative for treating benign and malignant thyroid nodules in the short term. Long-term data are needed to evaluate oncologic outcomes in PTMC patients.",259,"Thyroid research",2024,"Ecuador","","","Cancer","to describe the demographic characteristics and clinical outcomes following the first cohort of patients with bening thyroid nodule btn and papillary thyroid microcarcinoma ptmc treated with radiofrequency ablation rfa in ecuador single center cross sectional study we included adults undergoing rfa for btn and ptmc between july and may descriptive statistics and the wilcoxon signed rank test were used to compare some pre and post intervention outcomes we included patients with btns and eight ptmcs the median age was years iqr years and most patients had normal thyroid function the median follow up time was months iqr nodules were primarily solid or predominantly solid the pre rfa median volume in the benign lesions group was ml iqr after ablation the month month month and month median volumes were iqr p ml iqr p iqr p and iqr p respectively the volume rate reduction was and at and month follow ups respectively the pre rfa median volume in the ptmc group was ml iqr after ablation the month month and month mean volumes were range p ml iqr p and iqr p respectively in this first report from ecuador we found that rfa may be a feasible alternative for treating benign and malignant thyroid nodules in the short term long term data are needed to evaluate oncologic outcomes in ptmc patients"
38220193,"Prevalence of Gastric Epithelial Tumors in Helicobacter pylori-uninfected Individuals Undergoing a Medical Checkup.","Objective This study investigated the prevalence of gastric epithelial tumor in Helicobacter pylori-uninfected subjects who underwent esophagogastroduodenoscopy (EGD) as part of an annual checkup. Methods A total of 20,540 EGD examinations of H. pylori-uninfected individuals (12,917 men, 7,623 women; mean age 51.5±9.2 years old) were performed between April 2016 and March 2023. The prevalence of gastric epithelial tumor discovery and the size and location of each lesion type were analyzed. Results According to 20,540 examinations, 61 gastric epithelial tumors were endoscopically and histologically diagnosed in 58 of the subjects, with a prevalence rate of 0.28%. These tumors included signet-ring carcinoma (n=10, 0.05%), gastric adenocarcinoma of fundic-gland type (n=10, 0.05%), intestinal-type well-differentiated adenocarcinoma (n=2, 0.01%), and raspberry-type gastric foveolar tumors (n=36, 0.18%). One subject had two intestinal-type well-differentiated adenocarcinomas, and two each had two raspberry-type gastric foveolar tumors. The mean sizes of the signet-ring carcinomas, gastric adenocarcinoma of fundic-gland type, intestinal-type well-differentiated adenocarcinomas, and raspberry-type gastric foveolar tumors were 6.4, 4.7, 5.0, and 3.4 mm, respectively. Each lesion was located at a specific site in the stomach characteristic of its type. Conclusion In the present H. pylori-uninfected subjects, the prevalence of gastric epithelial tumors found on an EGD examination was 0.28%. Endoscopic examination should be performed in H. pylori-uninfected individuals to detect such tumors in characteristic locations.",216,"Internal medicine (Tokyo, Japan)",2024,"Japan","Humans; Male; Middle Aged; Female; Stomach Neoplasms; Prevalence; Adult; Helicobacter pylori; Endoscopy, Digestive System; Helicobacter Infections","Stomach Neoplasms","Cancer","objective this study investigated the prevalence of gastric epithelial tumor in helicobacter pylori uninfected subjects who underwent esophagogastroduodenoscopy egd as part of an annual checkup methods a total of egd examinations of h pylori uninfected individuals men women mean age years old were performed between april and march the prevalence of gastric epithelial tumor discovery and the size and location of each lesion type were analyzed results according to examinations gastric epithelial tumors were endoscopically and histologically diagnosed in of the subjects with a prevalence rate of these tumors included signet ring carcinoma n gastric adenocarcinoma of fundic gland type n intestinal type well differentiated adenocarcinoma n and raspberry type gastric foveolar tumors n one subject had two intestinal type well differentiated adenocarcinomas and two each had two raspberry type gastric foveolar tumors the mean sizes of the signet ring carcinomas gastric adenocarcinoma of fundic gland type intestinal type well differentiated adenocarcinomas and raspberry type gastric foveolar tumors were and mm respectively each lesion was located at a specific site in the stomach characteristic of its type conclusion in the present h pylori uninfected subjects the prevalence of gastric epithelial tumors found on an egd examination was endoscopic examination should be performed in h pylori uninfected individuals to detect such tumors in characteristic locations"
38177014,"Aldehyde Dehydrogenase 2 (ALDH2) rs671 Polymorphism is a Predictor of Pulmonary Hypertension Due to Left Heart Disease.","Pulmonary hypertension due to left heart disease (PH-LHD) is commonly seen in patients with heart failure (HF), but there are limited treatment options. Recent studies have shown an association between aldehyde dehydrogenase 2 (ALDH2) rs671 polymorphisms and pulmonary hypertension (PH). Therefore, this study aimed to investigate the occurrence of ALDH2 rs671 polymorphisms, and the association between ALDH2 and risk of PH-LHD in patients with HF. It also investigated different ALDH2 genotypes and examined their association with cardiac structure and function in HF patients with PH-LHD. A total of 178 HF patients were consecutively enrolled in this study: 102 without PH-LHD and 76 with PH-LHD. Clinical data, parameters of echocardiography, and relevant biochemical indexes were recorded in both groups. Differences in data obtained between groups were compared, and the risk of variant ALDH2 polymorphisms with PH-LHD in HF patients was analysed using univariate and multivariate logistic regression. The prevalence of ALDH2 rs671 GA/AA polymorphisms (variant ALDH2) was 24 of 102 patients (23.53%) in the HF without PH-LHD group, and 32 of 76 patients (42.10%) in the HF with PH-LHD group, with a statistically significant difference. Univariate and multivariate logistical regression showed that variant ALDH2 is an independent risk factor for HF combined with PH-LHD. A higher proportion of patients with variant ALDH2 in the HF with PH-LHD group had a tricuspid regurgitation velocity >2.8 m/s, and they had higher values of peak early diastolic velocity of the mitral orifice/peak velocity of the early diastolic wave of the mitral orifice, maximum frequency shift of pulmonary valve flow, and pulmonary artery stiffness. Variant ALDH2 may be an independent risk factor for HF combined with PH-LHD. Variant ALDH2 may also be involved in pulmonary artery remodelling and is a potential new target for clinical treatment of PH-LHD.",293,"Heart, lung & circulation",2024,"China","Humans; Hypertension, Pulmonary; Heart Diseases; Heart Failure; Risk Factors; Aldehyde Dehydrogenase; Aldehyde Dehydrogenase, Mitochondrial","Hypertension, Pulmonary","Cardiovascular","pulmonary hypertension due to left heart disease ph lhd is commonly seen in patients with heart failure hf but there are limited treatment options recent studies have shown an association between aldehyde dehydrogenase aldh rs polymorphisms and pulmonary hypertension ph therefore this study aimed to investigate the occurrence of aldh rs polymorphisms and the association between aldh and risk of ph lhd in patients with hf it also investigated different aldh genotypes and examined their association with cardiac structure and function in hf patients with ph lhd a total of hf patients were consecutively enrolled in this study without ph lhd and with ph lhd clinical data parameters of echocardiography and relevant biochemical indexes were recorded in both groups differences in data obtained between groups were compared and the risk of variant aldh polymorphisms with ph lhd in hf patients was analysed using univariate and multivariate logistic regression the prevalence of aldh rs ga aa polymorphisms variant aldh was of patients in the hf without ph lhd group and of patients in the hf with ph lhd group with a statistically significant difference univariate and multivariate logistical regression showed that variant aldh is an independent risk factor for hf combined with ph lhd a higher proportion of patients with variant aldh in the hf with ph lhd group had a tricuspid regurgitation velocity m s and they had higher values of peak early diastolic velocity of the mitral orifice peak velocity of the early diastolic wave of the mitral orifice maximum frequency shift of pulmonary valve flow and pulmonary artery stiffness variant aldh may be an independent risk factor for hf combined with ph lhd variant aldh may also be involved in pulmonary artery remodelling and is a potential new target for clinical treatment of ph lhd"
37930156,"First-in-Human Study of the Reversible BTK Inhibitor Nemtabrutinib in Patients with Relapsed/Refractory Chronic Lymphocytic Leukemia and B-Cell Non-Hodgkin Lymphoma.","Nemtabrutinib is an orally bioavailable, reversible inhibitor of Bruton tyrosine kinase (BTK) and C481S mutant BTK. We evaluated the safety, pharmacology, and antitumor activity of nemtabrutinib in relapsed/refractory hematologic malignancies. Forty-eight patients with chronic lymphocytic leukemia (CLL), B-cell non-Hodgkin lymphoma (NHL), or Waldenström macroglobulinemia (WM), relapsed/refractory after ≥2 prior therapies were enrolled in the open-label, single-arm, phase I MK-1026-001 study (NCT03162536) to receive nemtabrutinib 5 to 75 mg once daily in 28-day cycles. Dose finding progressed using a 3 + 3 dose escalation design. Primary endpoints were safety and the recommended phase II dose (RP2D). Among 47 treated patients, 29 had CLL, 17 had NHL, and 1 had WM. Grade ≥3 treatment-emergent adverse events occurred in 37 (89%), most commonly neutropenia (11; 23.4%), febrile neutropenia (7; 14.9%), and pneumonia (7; 14.9%). The RP2D was 65 mg daily. An overall response rate of 75% was observed in patients with CLL at 65 mg daily. This first-in-human phase I study demonstrates the safety and preliminary efficacy of nemtabrutinib in patients with relapsed/refractory B-cell malignancies. These data support further exploration of nemtabrutinib in larger clinical studies. This article is featured in Selected Articles from This Issue, p. 5.",195,"Cancer discovery",2024,"Ohio","Humans; Leukemia, Lymphocytic, Chronic, B-Cell; Agammaglobulinaemia Tyrosine Kinase; Lymphoma, B-Cell; Recurrence; Hematologic Neoplasms","Leukemia, Lymphocytic, Chronic, B-Cell","Cancer","nemtabrutinib is an orally bioavailable reversible inhibitor of bruton tyrosine kinase btk and c s mutant btk we evaluated the safety pharmacology and antitumor activity of nemtabrutinib in relapsed refractory hematologic malignancies forty eight patients with chronic lymphocytic leukemia cll b cell non hodgkin lymphoma nhl or waldenstr m macroglobulinemia wm relapsed refractory after prior therapies were enrolled in the open label single arm phase i mk study nct to receive nemtabrutinib to mg once daily in day cycles dose finding progressed using a dose escalation design primary endpoints were safety and the recommended phase ii dose rp d among treated patients had cll had nhl and had wm grade treatment emergent adverse events occurred in most commonly neutropenia febrile neutropenia and pneumonia the rp d was mg daily an overall response rate of was observed in patients with cll at mg daily this first in human phase i study demonstrates the safety and preliminary efficacy of nemtabrutinib in patients with relapsed refractory b cell malignancies these data support further exploration of nemtabrutinib in larger clinical studies this article is featured in selected articles from this issue p"
40171088,"The Association of C-Mill With Traditional Physical Therapy Rehabilitation in a Multiple Sclerosis Patient: A Case Report.","A 55-year-old woman with Multiple Scleroris (MS) was referred to undergo a course of conventional physical therapy and cognitive robotic rehabilitation. The neurological examination revealed ataxic gait, dysmetria, nystagmus, cognitive impairment of attention and memory, weakness in the four limbs. To improve balance and walking skills, 20 gait and balance rehabilitation sessions was prescribed, based on conventional physiotherapy and virtual reality. The results were evaluated with balance and walking tests and with objective test C-GAIT. This case report shows improvements in gait and balance in aMS patient obtained with a rehabilitation program that associated C-MILL with traditional physical therapy.",99,"Translational medicine @ UniSa",2024,"Italy","","","Neurological","a year old woman with multiple scleroris ms was referred to undergo a course of conventional physical therapy and cognitive robotic rehabilitation the neurological examination revealed ataxic gait dysmetria nystagmus cognitive impairment of attention and memory weakness in the four limbs to improve balance and walking skills gait and balance rehabilitation sessions was prescribed based on conventional physiotherapy and virtual reality the results were evaluated with balance and walking tests and with objective test c gait this case report shows improvements in gait and balance in ams patient obtained with a rehabilitation program that associated c mill with traditional physical therapy"
38255262,"Shared Genetics between Age at Menarche and Type 2 Diabetes Mellitus: Genome-Wide Genetic Correlation Study.","Background: Age at menarche (AAM) has been associated with type 2 diabetes mellitus (T2DM). However, little is known about their shared heritability. Methods: Our data comes from the Taiwan Biobank. Genome-wide association studies (GWASs) were conducted to identify single-nucleotide polymorphisms (SNPs) related to AAM-, T2DM-, and T2DM-related phenotypes, such as body fat percentage (BFP), fasting blood glucose (FBG), and hemoglobin A1C (HbA1C). Further, the conditional false discovery rate (cFDR) method was applied to examine the shared genetic signals. Results: Conditioning on AAM, Quantile-quantile plots showed an earlier departure from the diagonal line among SNPs associated with BFP and FBG, indicating pleiotropic enrichments among AAM and these traits. Further, the cFDR analysis found 39 independent pleiotropic loci that may underlie the AAM-T2DM association. Among them, FN3KRP rs1046896 (cFDR = 6.84 × 10-49), CDKAL1 rs2206734 (cFDR = 6.48 × 10-10), B3GNTL1 rs58431774 (cFDR = 2.95 × 10-10), G6PC2 rs1402837 (cFDR = 1.82 × 10-8), and KCNQ1 rs60808706 (cFDR = 9.49 × 10-8) were highlighted for their significant genetic enrichment. The protein-protein interaction analysis revealed a significantly enriched network among novel discovered genes that were mostly found to be involved in the insulin and glucagon signaling pathways. Conclusions: Our study highlights potential pleiotropic effects across AAM and T2DM. This may shed light on identifying the genetic causes of T2DM.",216,"Biomedicines",2024,"Taiwan","","","Diabetes","background age at menarche aam has been associated with type diabetes mellitus t dm however little is known about their shared heritability methods our data comes from the taiwan biobank genome wide association studies gwass were conducted to identify single nucleotide polymorphisms snps related to aam t dm and t dm related phenotypes such as body fat percentage bfp fasting blood glucose fbg and hemoglobin a c hba c further the conditional false discovery rate cfdr method was applied to examine the shared genetic signals results conditioning on aam quantile quantile plots showed an earlier departure from the diagonal line among snps associated with bfp and fbg indicating pleiotropic enrichments among aam and these traits further the cfdr analysis found independent pleiotropic loci that may underlie the aam t dm association among them fn krp rs cfdr cdkal rs cfdr b gntl rs cfdr g pc rs cfdr and kcnq rs cfdr were highlighted for their significant genetic enrichment the protein protein interaction analysis revealed a significantly enriched network among novel discovered genes that were mostly found to be involved in the insulin and glucagon signaling pathways conclusions our study highlights potential pleiotropic effects across aam and t dm this may shed light on identifying the genetic causes of t dm"
39555330,"Trends in Incidence of Head and Neck Cancers in Dibrugarh District, Assam, India; During the Period 2003-2016.","Head and neck cancers are considered to be the most common cancers in developing countries, especially in Southeast Asia. In India, it accounts for one-fourth of male cancers and one-tenth of female cancers. An attempt was made to study head and neck cancer trends in the Dibrugarh district of Assam, North-East India, India. All sites viz., oral cavity and mobile tongue, oropharynx, hypopharynx, larynx, nasopharynx and others were considered separately for both the sexes to carry out the present analysis. Using the data from the Population-Based Cancer Registry, Upper Assam, Dibrugarh, annual crude incidence rate and age-specific rate were calculated for the period from 2003 to 2016. Mann-Kendall and Sen's Slope non-parametric analysis were applied to examine the trend in the percentages of Head and Neck cancers. The most frequent incidence site for HN cancers was the hypopharynx (33.50%). The disease was common among the males (78.87%) compared to the female (21.13%) population in Dibrugarh district. HN cancers are more prone to the age group 50-70 years (60.93%) compared to the individuals with less than 50 years (26.51%). Combining all the sites of HN cancers in male showed a significant decrease in incidence, whereas in female increasing trend was noted over a period of time. A slight decline in the percentage of head and neck cancer was documented in Dibrugarh when we combined both sexes. The results obtained from the current investigation will laid the scientific framework for proper planning and organization of prevention, diagnosis and treatment of HN cancers in Dibrugarh district, Assam.",254,"Indian journal of surgical oncology",2024,"Assam 786002 India","","","Cancer","head and neck cancers are considered to be the most common cancers in developing countries especially in southeast asia in india it accounts for one fourth of male cancers and one tenth of female cancers an attempt was made to study head and neck cancer trends in the dibrugarh district of assam north east india india all sites viz oral cavity and mobile tongue oropharynx hypopharynx larynx nasopharynx and others were considered separately for both the sexes to carry out the present analysis using the data from the population based cancer registry upper assam dibrugarh annual crude incidence rate and age specific rate were calculated for the period from to mann kendall and sen s slope non parametric analysis were applied to examine the trend in the percentages of head and neck cancers the most frequent incidence site for hn cancers was the hypopharynx the disease was common among the males compared to the female population in dibrugarh district hn cancers are more prone to the age group years compared to the individuals with less than years combining all the sites of hn cancers in male showed a significant decrease in incidence whereas in female increasing trend was noted over a period of time a slight decline in the percentage of head and neck cancer was documented in dibrugarh when we combined both sexes the results obtained from the current investigation will laid the scientific framework for proper planning and organization of prevention diagnosis and treatment of hn cancers in dibrugarh district assam"
38391707,"Modified RCTU Score: A Semi-Quantitative, Visual Tool for Predicting Alzheimer's Conversion from aMCI.","This research evaluated the modified RCTU score, derived from amyloid PET scans, for predicting the progression from amnestic Mild Cognitive Impairment (aMCI) to Alzheimer's Disease (AD). aMCI patients underwent baseline evaluations, including amyloid PET. AD conversion was identified through neuropsychological tests after observation. The RCTU was modified by segmenting frontal, parietal, and temporal lobes into left and right, resulting in seven areas. Scores from both modified and conventional RCTU were analyzed and compared. Among 45 patients, 12 progressed to AD (over 17.8 ± 6.8 months). AD converters showed higher scores in modified RCTU scores. Modified RCTU score had strong correlations with amyloid SUVR (r > 0.7). Modified RCTU sum score was the significant covariate of AD conversion. Modified RCTU could determine the asymmetry of amyloid deposits. We demonstrated that symmetric deposits of amyloid showed a higher risk for AD conversion when analyzed using modified RCTU. The modified RCTU score is a promising method for predicting AD conversion, correlating strongly with amyloid SUVR.",162,"Brain sciences",2024,"Republic of Korea","","","Neurological","this research evaluated the modified rctu score derived from amyloid pet scans for predicting the progression from amnestic mild cognitive impairment amci to alzheimer s disease ad amci patients underwent baseline evaluations including amyloid pet ad conversion was identified through neuropsychological tests after observation the rctu was modified by segmenting frontal parietal and temporal lobes into left and right resulting in seven areas scores from both modified and conventional rctu were analyzed and compared among patients progressed to ad over months ad converters showed higher scores in modified rctu scores modified rctu score had strong correlations with amyloid suvr r modified rctu sum score was the significant covariate of ad conversion modified rctu could determine the asymmetry of amyloid deposits we demonstrated that symmetric deposits of amyloid showed a higher risk for ad conversion when analyzed using modified rctu the modified rctu score is a promising method for predicting ad conversion correlating strongly with amyloid suvr"
38238287,"One thousand patients with essential thrombocythemia: the Florence-CRIMM experience.","We describe 1000 patients with essential thrombocythemia seen at the Center Research and Innovation of Myeloproliferative Neoplasms (CRIMM), Florence, Italy, between 1980 and 2023: median age 59 years (18-95), females 65%, JAK2/CALR/MPL-mutated 66%/19%/4%, triple-negative (TN) 11%. Extreme thrombocytosis (ExT, platelets ≥1000 × 109/L) in 16%, leukocytosis (leukocytes >11 × 109/L) in 16%, and at least one cardiovascular risk factor in 52% of cases. JAK2-mutated patients were older (median 62 years) and CALR-mutated and TN (53 years for both) younger (p < 0.001). Female gender clustered with TN (76%) and JAK2 (67%) vs CALR (46%) mutations (p < 0.001). ExT clustered with CALR (type-2 more than type-1), TN and MPL, and leukocytosis with JAK2 mutation (p < 0.001). In multivariable analysis, risk factors for arterial thrombosis-free survival were age ≥60 years (HR 2.0; p < 0.001) and JAK2 mutation (HR 1.3; p = 0.02) with borderline significance for male gender (p = 0.08) and cardiovascular risk factors (p = 0.08); for venous thrombosis-free survival, JAK2 mutation (HR 1.9; p = 0.03) with borderline significance for venous thrombosis history (p = 0.07); for overall survival, older age (p < 0.001), male gender (HR 1.9; p < 0.001), absolute neutrophil count (ANC) ≥ 8 × 109/L (HR 1.8; p = 0.01), absolute lymphocyte count (ALC) < 1.7 × 109/L (HR 1.2; p = 0.03); for myelofibrosis-free survival, CALR mutation (HR 2.7; p < 0.001, particularly for CALR type 1/1-like, HR 3.3) and MPL mutation (HR 3.9; p = 0.001); for leukemia-free survival, older age (p = 0.03). Cytoreductive therapy appeared to mitigate both venous (HR 0.3; p = 0.01) and arterial thrombosis (HR 4; p = 0.04); there was a trend for aspirin in preventing arterial thrombosis recurrence. The current study provides real-world observations in essential thrombocythemia, representing a valid source document for interpreting current literature and planning future studies.",307,"Blood cancer journal",2024,"Italy","Humans; Male; Female; Middle Aged; Thrombocythemia, Essential; Leukocytosis; Myeloproliferative Disorders; Thrombocytosis; Thrombosis; Mutation","Thrombocythemia, Essential","Cardiovascular","we describe patients with essential thrombocythemia seen at the center research and innovation of myeloproliferative neoplasms crimm florence italy between and median age years females jak calr mpl mutated triple negative tn extreme thrombocytosis ext platelets l in leukocytosis leukocytes l in and at least one cardiovascular risk factor in of cases jak mutated patients were older median years and calr mutated and tn years for both younger p female gender clustered with tn and jak vs calr mutations p ext clustered with calr type more than type tn and mpl and leukocytosis with jak mutation p in multivariable analysis risk factors for arterial thrombosis free survival were age years hr p and jak mutation hr p with borderline significance for male gender p and cardiovascular risk factors p for venous thrombosis free survival jak mutation hr p with borderline significance for venous thrombosis history p for overall survival older age p male gender hr p absolute neutrophil count anc l hr p absolute lymphocyte count alc l hr p for myelofibrosis free survival calr mutation hr p particularly for calr type like hr and mpl mutation hr p for leukemia free survival older age p cytoreductive therapy appeared to mitigate both venous hr p and arterial thrombosis hr p there was a trend for aspirin in preventing arterial thrombosis recurrence the current study provides real world observations in essential thrombocythemia representing a valid source document for interpreting current literature and planning future studies"
40171463,"Expression of cyclooxygenase-2 (COX-2) in colorectal carcinoma in an indigenous African population of Kano, Nigeria.","cyclooxygenases-2 (COX-2) over-expression has been noticed in colorectal cancers (CRCs) with adverse outcomes, serving as a potential marker for prognosis, targeted therapy and as a window in CRC prevention. Unfortunately, there are scarce data regarding COX-2 expression in CRC in Africa where CRC incidence is on the increase with younger age affectation and unfavourable outcomes. This retrospective study aims to determine the proportion of CRCs that over-express COX-2 and document any relationship between COX-2 over-expression with clinicopathological features such as histologic subtype, tumour grade, age and sex. All the 139 CRCs that were histologically diagnosed at Aminu Kano Teaching Hospital over a 5-year period were included, but only 124 Formalin-fixed paraffin-embedded tissue blocks were sectioned and stained with COX-2 antibody. COX-2 expression was scored for distribution (no cells = 0, 1%-10% = 1, 11%-50% = 2, 51%-80% = 3, 81%-100% = 4) and intensity (no stain = 0; weak = 1; moderate = 2, strong = 3). The immunoreactive score (IRS) is a product of intensity (I) and distribution (D) as: 9-12 strongly +, 5-8 moderately +, 1-4 weakly + and 0 negative. Over-expression of COX-2 is an IRS of 5-12. Outcomes were statistically evaluated with clinicopathological data. The CRCs occurred more commonly in males (M: F, 2:1), in the middle age group (mostly between 30 and 59 years), and 51.1% of cases occurred before 50 years and peaked in the 6th decade. Over-expression of COX-2 was observed in 46.8% (58/124) and was strongly associated with adenocarcinoma (ADC) not otherwise specified (NOS) (moderately and poorly differentiated tumours) but not with age or sex. The over-expression of COX-2 was significantly associated with ADC NOS (moderately and poorly differentiated tumours), indicating that it may influence the outcome of CRCs with possible variation in tumour subtype.",293,"Ecancermedicalscience",2024,"Nigeria","","","Cancer","cyclooxygenases cox over expression has been noticed in colorectal cancers crcs with adverse outcomes serving as a potential marker for prognosis targeted therapy and as a window in crc prevention unfortunately there are scarce data regarding cox expression in crc in africa where crc incidence is on the increase with younger age affectation and unfavourable outcomes this retrospective study aims to determine the proportion of crcs that over express cox and document any relationship between cox over expression with clinicopathological features such as histologic subtype tumour grade age and sex all the crcs that were histologically diagnosed at aminu kano teaching hospital over a year period were included but only formalin fixed paraffin embedded tissue blocks were sectioned and stained with cox antibody cox expression was scored for distribution no cells and intensity no stain weak moderate strong the immunoreactive score irs is a product of intensity i and distribution d as strongly moderately weakly and negative over expression of cox is an irs of outcomes were statistically evaluated with clinicopathological data the crcs occurred more commonly in males m f in the middle age group mostly between and years and of cases occurred before years and peaked in the th decade over expression of cox was observed in and was strongly associated with adenocarcinoma adc not otherwise specified nos moderately and poorly differentiated tumours but not with age or sex the over expression of cox was significantly associated with adc nos moderately and poorly differentiated tumours indicating that it may influence the outcome of crcs with possible variation in tumour subtype"
38313388,"Venous Doppler flow patterns, venous congestion, heart disease and renal dysfunction: A complex liaison.","The World Journal of Cardiology published an article written by Kuwahara et al that we take the pleasure to comment on. We focused our attention on venous congestion. In intensive care settings, it is now widely accepted that venous congestion is an important clinical feature worthy of investigation. Evaluating venous Doppler profile abnormalities at multiple sites could suggest adequate treatment and monitor its efficacy. Renal dysfunction could trigger or worsen fluid overload in heart disease, and cardio-renal syndrome is a well-characterized spectrum of disorders describing the complex interactions between heart and kidney diseases. Fluid overload and venous congestion, including renal venous hypertension, are major determinants of acute and chronic renal dysfunction arising in heart disease. Organ congestion from venous hypertension could be involved in the development of organ injury in several clinical situations, such as critical diseases, congestive heart failure, and chronic kidney disease. Ultrasonography and abnormal Doppler flow patterns diagnose clinically significant systemic venous congestion. Cardiologists and nephrologists might use this valuable, non-invasive, bedside diagnostic tool to establish fluid status and guide clinical choices.",175,"World journal of cardiology",2024,"Italy","","","Cardiovascular","the world journal of cardiology published an article written by kuwahara et al that we take the pleasure to comment on we focused our attention on venous congestion in intensive care settings it is now widely accepted that venous congestion is an important clinical feature worthy of investigation evaluating venous doppler profile abnormalities at multiple sites could suggest adequate treatment and monitor its efficacy renal dysfunction could trigger or worsen fluid overload in heart disease and cardio renal syndrome is a well characterized spectrum of disorders describing the complex interactions between heart and kidney diseases fluid overload and venous congestion including renal venous hypertension are major determinants of acute and chronic renal dysfunction arising in heart disease organ congestion from venous hypertension could be involved in the development of organ injury in several clinical situations such as critical diseases congestive heart failure and chronic kidney disease ultrasonography and abnormal doppler flow patterns diagnose clinically significant systemic venous congestion cardiologists and nephrologists might use this valuable non invasive bedside diagnostic tool to establish fluid status and guide clinical choices"
38224402,"Effect of Zinc Supplementation on Lipid Profile and Body Composition in Patients with Type 2 Diabetes Mellitus: A GRADE-Assessed Systematic Review and Dose-Response Meta-analysis.","The aim of this systematic review and meta-analysis of randomized controlled trials (RCTs) is to investigate the overall effects of zinc supplementation on lipid profile and body composition such as body weight (BW), body mass index (BMI), triglycerides (TG), total cholesterol (TC), low-density lipoprotein-cholesterol (LDL-C), and high-density lipoprotein-cholesterol (HDL-C) in patients with type 2 diabetes mellitus (T2DM). Scopus, Web of Science, PubMed, and Embase databases were searched from inception through October, 2023. The I2 and Cochran's Q tests were used to assess heterogeneity between studies. Nineteen RCTs (n = 1357 participants) were included in the meta-analysis. Zinc supplementation significantly reduced TG (WMD = - 17.41 mg/dL; 95% CI: - 22.60, - 12.22; P < 0.001), TC (WMD: - 19.60 mg/dL; 95% CI: - 28.46, - 10.73, P < 0.001), LDL-C (WMD = - 8.80 mg/dL; 95% CI: - 14.80, - 2.81; P = 0.004), and BMI (WMD = - 0.53 kg/m2; 95% CI: - 1.05, - 0.01; P = 0.046) but not BW (WMD: - 0.51 kg, 95 % CI: - 1.99, 0.97, P = 0.498). Moreover, zinc supplementation increased HDL-C (WMD = 4.82 mg/dL; 95% CI: 0.88, 8.76; P = 0.016) in patients with T2DM. Our results propose that zinc supplementation may be an effective strategy for improving lipid profile and body composition in patients with T2DM.",218,"Biological trace element research",2024,"Iran","Humans; Body Composition; Diabetes Mellitus, Type 2; Dietary Supplements; Dose-Response Relationship, Drug; Lipids; Randomized Controlled Trials as Topic; Zinc","Body Composition","Diabetes","the aim of this systematic review and meta analysis of randomized controlled trials rcts is to investigate the overall effects of zinc supplementation on lipid profile and body composition such as body weight bw body mass index bmi triglycerides tg total cholesterol tc low density lipoprotein cholesterol ldl c and high density lipoprotein cholesterol hdl c in patients with type diabetes mellitus t dm scopus web of science pubmed and embase databases were searched from inception through october the i and cochran s q tests were used to assess heterogeneity between studies nineteen rcts n participants were included in the meta analysis zinc supplementation significantly reduced tg wmd mg dl ci p tc wmd mg dl ci p ldl c wmd mg dl ci p and bmi wmd kg m ci p but not bw wmd kg ci p moreover zinc supplementation increased hdl c wmd mg dl ci p in patients with t dm our results propose that zinc supplementation may be an effective strategy for improving lipid profile and body composition in patients with t dm"
38368212,"Evaluation of the efficacy of autologous conditioned serum versus dextrose prolotherapy in internal derangement of the TMJ - A pilot study.","It was the aim of the study to compare the effectiveness of autologous conditioned serum (ACS) and dextrose prolotherapy (DP) solutions, in treating patients with TMJ internal derangement (ID). 24 participants with TMJ ID (Wilkes II-V) were recruited and randomized into study and control groups, with 12 patients each, treated with IA injection of ACS and DP, respectively. Pain, mouth opening, joint sounds, and jaw deviation were evaluated, with patients reviewed at 2 weeks, 1 month, and 2 months intervals. Based on the nature of the variables, appropriate descriptive statistics and statistical tests were applied. The pain score was zero in the study group after 2 months of treatment, which was statistically significant (p = 0.006). Deviation was also significantly reduced (p < 0.001) and mouth opening significantly improved (p = 0.004) in the ACS-treated patients. ACS demonstrated superiority over DP in the management of TMJ dysfunction. Therefore, ACS can be considered an ideal, minimally invasive treatment option for TMJ ID. Clinical trial registry number: (CTRI/2021/10/037043).",166,"Journal of cranio-maxillo-facial surgery : official publication of the European Association for Cranio-Maxillo-Facial Surgery",2024,"India","Humans; Glucose; Injections, Intra-Articular; Pain; Pilot Projects; Prolotherapy; Range of Motion, Articular; Temporomandibular Joint; Treatment Outcome","Prolotherapy","Diabetes","it was the aim of the study to compare the effectiveness of autologous conditioned serum acs and dextrose prolotherapy dp solutions in treating patients with tmj internal derangement id participants with tmj id wilkes ii v were recruited and randomized into study and control groups with patients each treated with ia injection of acs and dp respectively pain mouth opening joint sounds and jaw deviation were evaluated with patients reviewed at weeks month and months intervals based on the nature of the variables appropriate descriptive statistics and statistical tests were applied the pain score was zero in the study group after months of treatment which was statistically significant p deviation was also significantly reduced p and mouth opening significantly improved p in the acs treated patients acs demonstrated superiority over dp in the management of tmj dysfunction therefore acs can be considered an ideal minimally invasive treatment option for tmj id clinical trial registry number ctri"
37419226,"Integrated proteomics and metabolomics reveals metabolism disorders in the α-syn mice and potential therapeutic effect of Acanthopanax senticosus extracts.","Acanthopanax senticosus (Rupr.et.Maxim.)Harms(AS) is an extract of Eleutherococcus senticocus Maxim(Rupr.et.Maxim.). In modern medical interpretation, Acanthopanax senticosus can be used to treat Parkinson's disease, and a large number of modern pharmacological and clinical studies also support this application. Our study demonstrated that AS extracts can increase the activity of various antioxidant enzymes and improve the symptoms of Parkinson's disease in mice. The current study looked at the protective effect of Acanthopanax senticosus extracts(ASE) in preventing PD. First, the α-syn-overexpressing mice were chosen as suitable models for Parkinson's disease in vivo. HE staining was used to observe the pathological changes in the substantia nigra. Meanwhile, TH expression in substantia nigra was analyzed by immunohistochemistry. Behavioral and biochemical tests evaluated neuroprotective effects of ASE on PD mice. Subsequently, combined with proteomics and metabolomics analysis, the changes in brain proteins and metabolites in mice treated with ASE for PD were studied. Finally, Western blot was used to detect metabolome-related and proteomic proteins in the brain tissue of α-syn mice. Forty-nine common differentially expressed proteins were screened by proteomics analysis, among which 28 were significantly up-regulated,and 21 were significantly down-regulated. Metabolomics analysis showed that twenty-five potentially important metabolites were involved in the therapeutic effect of ASE on PD. Most of the different proteins and metabolites were considered to be enriched in a variety of species in metabolic pathways, including glutathione metabolism and alanine aspartate and glutamate metabolism and other pathways, which means that ASE may have molecular mechanisms to ameliorate PD dysfunction. In addition, we found that decreases in glutathione and glutathione disulfide levels may play a critical role in these systemic changes and warrant further investigation. In the glutathione metabolic pathway, ASE also acts on GPX4, GCLC and GCLM. ASE can effectively relieve behavioral symptoms of α-syn mice and relieve oxidative stress in brain tissue. These findings suggest that ASE offers a potential solution to target these pathways for the treatment of PD.",319,"Journal of ethnopharmacology",2024,"China","Mice; Animals; Parkinson Disease; Plant Extracts; Eleutherococcus; Proteomics; Metabolomics; Glutathione","Parkinson Disease","Neurological","acanthopanax senticosus rupr et maxim harms as is an extract of eleutherococcus senticocus maxim rupr et maxim in modern medical interpretation acanthopanax senticosus can be used to treat parkinson s disease and a large number of modern pharmacological and clinical studies also support this application our study demonstrated that as extracts can increase the activity of various antioxidant enzymes and improve the symptoms of parkinson s disease in mice the current study looked at the protective effect of acanthopanax senticosus extracts ase in preventing pd first the syn overexpressing mice were chosen as suitable models for parkinson s disease in vivo he staining was used to observe the pathological changes in the substantia nigra meanwhile th expression in substantia nigra was analyzed by immunohistochemistry behavioral and biochemical tests evaluated neuroprotective effects of ase on pd mice subsequently combined with proteomics and metabolomics analysis the changes in brain proteins and metabolites in mice treated with ase for pd were studied finally western blot was used to detect metabolome related and proteomic proteins in the brain tissue of syn mice forty nine common differentially expressed proteins were screened by proteomics analysis among which were significantly up regulated and were significantly down regulated metabolomics analysis showed that twenty five potentially important metabolites were involved in the therapeutic effect of ase on pd most of the different proteins and metabolites were considered to be enriched in a variety of species in metabolic pathways including glutathione metabolism and alanine aspartate and glutamate metabolism and other pathways which means that ase may have molecular mechanisms to ameliorate pd dysfunction in addition we found that decreases in glutathione and glutathione disulfide levels may play a critical role in these systemic changes and warrant further investigation in the glutathione metabolic pathway ase also acts on gpx gclc and gclm ase can effectively relieve behavioral symptoms of syn mice and relieve oxidative stress in brain tissue these findings suggest that ase offers a potential solution to target these pathways for the treatment of pd"
38185577,"Consistent service use before the COVID-19 pandemic predicted the continuity of face-to-face appointments during the lockdown among type 2 diabetes patients.","The COVID-19 pandemic affected diabetes care among type 2 diabetes (T2D) patients. However, it is not known whether the observed changes in care concern all T2D patients equally. We examined the changes in health service usage and treatment outcomes among T2D patients according to the pre-pandemic follow-up activity. We analysed electronic health records of 11 083 T2D patients in North Karelia, Finland (March 2017-March 2021), categorizing them by pre-pandemic T2D-related in-person contact frequency. We focused on HbA1c and LDL measurement activity and treatment targets as care indicators. Overall, health service usage and recording rates for HbA1c and LDL decreased during the pandemic. They decreased most but stayed at the highest level among patients with the most consistent pre-pandemic face-to-face service use, characterised by the highest proportion of comorbidities and elevated HbA1c. Their treatment outcomes were not negatively affected. In contrast, service usage and measurement activities increased among those with no pre-pandemic contact. Those with consistent pre-pandemic service use and greater service needs were more likely to seek face-to-face care despite the lockdown, and no negative effect on treatment outcomes was seen.",181,"Primary care diabetes",2024,"Finland","Humans; Diabetes Mellitus, Type 2; Pandemics; COVID-19; Glycated Hemoglobin; Communicable Disease Control; Prediabetic State","Diabetes Mellitus, Type 2","Diabetes","the covid pandemic affected diabetes care among type diabetes t d patients however it is not known whether the observed changes in care concern all t d patients equally we examined the changes in health service usage and treatment outcomes among t d patients according to the pre pandemic follow up activity we analysed electronic health records of t d patients in north karelia finland march march categorizing them by pre pandemic t d related in person contact frequency we focused on hba c and ldl measurement activity and treatment targets as care indicators overall health service usage and recording rates for hba c and ldl decreased during the pandemic they decreased most but stayed at the highest level among patients with the most consistent pre pandemic face to face service use characterised by the highest proportion of comorbidities and elevated hba c their treatment outcomes were not negatively affected in contrast service usage and measurement activities increased among those with no pre pandemic contact those with consistent pre pandemic service use and greater service needs were more likely to seek face to face care despite the lockdown and no negative effect on treatment outcomes was seen"
38197281,"An effective treatment for diabetic foot necrosis with traditional Chinese and Western medicine: a case report.","Patients with diabetes who undergo a kidney transplant are at a great risk of undergoing amputations, usually associated with severe infection and necrosis. The treatment of severe diabetic foot necrosis is challenging in clinic, and the function of the limb is often hugely compromised. A 74-year-old male who had been diagnosed with severe post-renal transplant diabetic foot necrosis refused the option of below-knee amputation from previous surgeons, and requested to keep his left foot. The patient was treated with integrated traditional Chinese medicine (TCM) and Western medicine, with positive results. TCM therapeutic principles included 'clearing heat, removing toxicity, regulating Qi, resolving dampness, activating stagnant blood and nourishing yin as well as tonifying Qi and blood'. Treatment with Western medicine included wound debridement, internal fixation or joint fusion, and use of insulin, antibiotics and vasodilators. The patient was treated with a staged and diverse approach (i.e., a combination of TCM and Western medicine, surgical management and education for diabetic foot care), which ultimately helped the patient achieve limb salvage and regain normal function. A combination therapy of Western medicine and TCM may be a promising approach to heal diabetic foot ulcers.",190,"Journal of wound care",2024,"China","Aged; Humans; Male; Combined Modality Therapy; Diabetes Mellitus; Diabetic Foot; Foot; Treatment Outcome; Medicine, Chinese Traditional","Diabetes Mellitus","Diabetes","patients with diabetes who undergo a kidney transplant are at a great risk of undergoing amputations usually associated with severe infection and necrosis the treatment of severe diabetic foot necrosis is challenging in clinic and the function of the limb is often hugely compromised a year old male who had been diagnosed with severe post renal transplant diabetic foot necrosis refused the option of below knee amputation from previous surgeons and requested to keep his left foot the patient was treated with integrated traditional chinese medicine tcm and western medicine with positive results tcm therapeutic principles included clearing heat removing toxicity regulating qi resolving dampness activating stagnant blood and nourishing yin as well as tonifying qi and blood treatment with western medicine included wound debridement internal fixation or joint fusion and use of insulin antibiotics and vasodilators the patient was treated with a staged and diverse approach i e a combination of tcm and western medicine surgical management and education for diabetic foot care which ultimately helped the patient achieve limb salvage and regain normal function a combination therapy of western medicine and tcm may be a promising approach to heal diabetic foot ulcers"
37072170,"Optimized density and locations of stroke centers for improved cost effectiveness of mechanical thrombectomy in patients with acute ischemic stroke.","Despite the proven cost effectiveness of mechanical thrombectomy (MT) in patients with acute ischemic stroke (AIS) due to large vessel occlusion, treatment within 6 hours from symptom onset remains inaccessible for many patients. We aimed to find the optimal number and location of treatment facilities with respect to the cost effectiveness of MT in patients with AIS, first by the most cost effective implementation of comprehensive stroke centers (CSCs), and second by the most cost effective addition of complementary thrombectomy capable stroke centers (TSCs). This study was based on nationwide observational data comprising 18 793 patients with suspected AIS potentially eligible for treatment with MT. The most cost effective solutions were attained by solving the p median facility location-allocation problem with the objective function of maximizing the incremental net monetary benefit (INMB) of MT compared with no MT in patients with AIS. Deterministic sensitivity analysis (DSA) was used as the basis of the results analysis. The implementation strategy with seven CSCs produced the highest annual INMB per patient of all possible solutions in the base case scenario. The most cost effective implementation strategy of the extended scenario comprised seven CSCs and four TSCs. DSA revealed sensitivity to variability in MT rate and the maximum willingness to pay per quality adjusted life year gained. The combination of optimization modeling and cost effectiveness analysis provides a powerful tool for configuring the extent and locations of CSCs (and TSCs). The most cost effective implementation of CSCs in Sweden entails 24/7 MT services at all seven university hospitals.",254,"Journal of neurointerventional surgery",2024,"Sweden nicklasennabvogel@liuse","Humans; Ischemic Stroke; Cost-Effectiveness Analysis; Cost-Benefit Analysis; Stroke; Thrombectomy; Brain Ischemia; Treatment Outcome","Ischemic Stroke","Neurological","despite the proven cost effectiveness of mechanical thrombectomy mt in patients with acute ischemic stroke ais due to large vessel occlusion treatment within hours from symptom onset remains inaccessible for many patients we aimed to find the optimal number and location of treatment facilities with respect to the cost effectiveness of mt in patients with ais first by the most cost effective implementation of comprehensive stroke centers cscs and second by the most cost effective addition of complementary thrombectomy capable stroke centers tscs this study was based on nationwide observational data comprising patients with suspected ais potentially eligible for treatment with mt the most cost effective solutions were attained by solving the p median facility location allocation problem with the objective function of maximizing the incremental net monetary benefit inmb of mt compared with no mt in patients with ais deterministic sensitivity analysis dsa was used as the basis of the results analysis the implementation strategy with seven cscs produced the highest annual inmb per patient of all possible solutions in the base case scenario the most cost effective implementation strategy of the extended scenario comprised seven cscs and four tscs dsa revealed sensitivity to variability in mt rate and the maximum willingness to pay per quality adjusted life year gained the combination of optimization modeling and cost effectiveness analysis provides a powerful tool for configuring the extent and locations of cscs and tscs the most cost effective implementation of cscs in sweden entails mt services at all seven university hospitals"
38292794,"A case of intermittent CT imaging for up to 2 hours following asymptomatic air emboli due to a CT-guided lung biopsy.","Air emboli represent rare but severe complications of computed tomography (CT)-guided lung biopsy (CTLB). No reports exist regarding the behavior of air during the early stages of air emboli. We present a case of air emboli following CTLB, evaluated by intermittent CT over a 2-hour period, spanning from onset to resolution. A man in his 60s underwent CTLB for diagnosis of a slowly enlarging pulmonary nodule in the right lower lobe. Immediately post-biopsy, chest CT revealed air emboli in the right coronary artery and apex of the ascending aorta. The patient was in the head-down position on the CT table, and intermittent CT scans were performed over a 2-hour period until the air emboli resolved. Subsequently, the patient was discharged without any complications.",123,"Radiology case reports",2024,"Japan","","","Cardiovascular","air emboli represent rare but severe complications of computed tomography ct guided lung biopsy ctlb no reports exist regarding the behavior of air during the early stages of air emboli we present a case of air emboli following ctlb evaluated by intermittent ct over a hour period spanning from onset to resolution a man in his s underwent ctlb for diagnosis of a slowly enlarging pulmonary nodule in the right lower lobe immediately post biopsy chest ct revealed air emboli in the right coronary artery and apex of the ascending aorta the patient was in the head down position on the ct table and intermittent ct scans were performed over a hour period until the air emboli resolved subsequently the patient was discharged without any complications"
38163814,"Cardiovascular autonomic dysfunction in post-COVID-19 syndrome: a major health-care burden.","Cardiovascular autonomic dysfunction (CVAD) is a malfunction of the cardiovascular system caused by deranged autonomic control of circulatory homeostasis. CVAD is an important component of post-COVID-19 syndrome, also termed long COVID, and might affect one-third of highly symptomatic patients with COVID-19. The effects of CVAD can be seen at both the whole-body level, with impairment of heart rate and blood pressure control, and in specific body regions, typically manifesting as microvascular dysfunction. Many severely affected patients with long COVID meet the diagnostic criteria for two common presentations of CVAD: postural orthostatic tachycardia syndrome and inappropriate sinus tachycardia. CVAD can also manifest as disorders associated with hypotension, such as orthostatic or postprandial hypotension, and recurrent reflex syncope. Advances in research, accelerated by the COVID-19 pandemic, have identified new potential pathophysiological mechanisms, diagnostic methods and therapeutic targets in CVAD. For clinicians who daily see patients with CVAD, knowledge of its symptomatology, detection and appropriate management is more important than ever. In this Review, we define CVAD and its major forms that are encountered in post-COVID-19 syndrome, describe possible CVAD aetiologies, and discuss how CVAD, as a component of post-COVID-19 syndrome, can be diagnosed and managed. Moreover, we outline directions for future research to discover more efficient ways to cope with this prevalent and long-lasting condition.",213,"Nature reviews. Cardiology",2024,"Sweden arturfedorowski@kise","Humans; COVID-19; Autonomic Nervous System Diseases; Cardiovascular Diseases; Post-Acute COVID-19 Syndrome; SARS-CoV-2","COVID-19","Cardiovascular","cardiovascular autonomic dysfunction cvad is a malfunction of the cardiovascular system caused by deranged autonomic control of circulatory homeostasis cvad is an important component of post covid syndrome also termed long covid and might affect one third of highly symptomatic patients with covid the effects of cvad can be seen at both the whole body level with impairment of heart rate and blood pressure control and in specific body regions typically manifesting as microvascular dysfunction many severely affected patients with long covid meet the diagnostic criteria for two common presentations of cvad postural orthostatic tachycardia syndrome and inappropriate sinus tachycardia cvad can also manifest as disorders associated with hypotension such as orthostatic or postprandial hypotension and recurrent reflex syncope advances in research accelerated by the covid pandemic have identified new potential pathophysiological mechanisms diagnostic methods and therapeutic targets in cvad for clinicians who daily see patients with cvad knowledge of its symptomatology detection and appropriate management is more important than ever in this review we define cvad and its major forms that are encountered in post covid syndrome describe possible cvad aetiologies and discuss how cvad as a component of post covid syndrome can be diagnosed and managed moreover we outline directions for future research to discover more efficient ways to cope with this prevalent and long lasting condition"
38128756,"Molecular mechanism of cognitive impairment associated with Parkinson's disease: A stroke perspective.","Parkinson's disease (PD) is a common neurological illness that causes several motor and non-motor symptoms, most characteristically limb tremors and bradykinesia. PD is a slowly worsening disease that arises due to progressive neurodegeneration of specific areas of the brain, especially the substantia nigra of the midbrain. Even though PD has continuously been linked to a higher mortality risk in numerous epidemiologic studies, there have been significant discoveries regarding the connection between PD and stroke. The incidence of strokes such as cerebral infarction and hemorrhage is substantially associated with the development of PD. Moreover, cognitive impairments, primarily dementia, have been associated with stroke and PD. However, the underlying molecular mechanism of this phenomenon is still obscure. This concise review focuses on the relationship between stroke and PD, emphasizing the molecular mechanism of cognition deficit and memory loss evident in PD and stroke. Furthermore, we are also highlighting some potential drug molecules that can target both PD and stroke.",157,"Life sciences",2024,"India","Humans; Parkinson Disease; Cognitive Dysfunction; Cognition Disorders; Brain; Stroke","Parkinson Disease","Neurological","parkinson s disease pd is a common neurological illness that causes several motor and non motor symptoms most characteristically limb tremors and bradykinesia pd is a slowly worsening disease that arises due to progressive neurodegeneration of specific areas of the brain especially the substantia nigra of the midbrain even though pd has continuously been linked to a higher mortality risk in numerous epidemiologic studies there have been significant discoveries regarding the connection between pd and stroke the incidence of strokes such as cerebral infarction and hemorrhage is substantially associated with the development of pd moreover cognitive impairments primarily dementia have been associated with stroke and pd however the underlying molecular mechanism of this phenomenon is still obscure this concise review focuses on the relationship between stroke and pd emphasizing the molecular mechanism of cognition deficit and memory loss evident in pd and stroke furthermore we are also highlighting some potential drug molecules that can target both pd and stroke"
38337497,"Evaluation of the Efficacy and Safety of Quetiapine in the Treatment of Delirium in Adult ICU Patients: A Retrospective Comparative Study.","Background: Quetiapine is commonly prescribed off-label to manage delirium in intensive care unit (ICU) patients. However, limited studies comparing its efficacy and safety to those of other antipsychotics exist in the literature. Method: A retrospective, single-center chart review study was conducted on adults admitted to the ICU between January 2017 and August 2022, who were diagnosed with delirium and treated with a single antipsychotic and had no neurological medical conditions, active alcohol withdrawal, or prior use of antipsychotics. Data were analyzed using SPSS software version 28, with p-values of <0.05 indicating statistical significance. Results: In total, 47 patients were included, of whom 22 (46.8%), 19 (40.4%), 4 (8.5%), and 2 (4.3%) were on quetiapine, haloperidol, risperidone, and olanzapine, respectively. The median number of hours needed to resolve delirium were 12 (21.5), 23 (28), 13 (13.75), and 36 (10) (p = 0.115) for quetiapine, haloperidol, risperidone, and olanzapine, respectively, with haloperidol being used for a significantly shorter median number of days than quetiapine (3 (2.5) days vs. 7.5 (11.5) days; p = 0.007). Of the medication groups, only quetiapine-treated patients received a significantly higher median maintenance compared to the initiation dose (50 (50) mg vs. 50 (43.75) mg; p = 0.039). For the length of stay in the ICU and hospital, delirium-free days, % of ICU time spent in delirium, ventilator-free days, the difference between the highest and baseline QTc intervals, and ICU and hospital mortalities, no significant difference was observed between the groups. Conclusions: Overall, the use of quetiapine in our retrospective study seems to not be advantageous over the other drugs in terms of efficacy and safety outcomes.",269,"Journal of clinical medicine",2024,"Saudi Arabia","","","Neurological","background quetiapine is commonly prescribed off label to manage delirium in intensive care unit icu patients however limited studies comparing its efficacy and safety to those of other antipsychotics exist in the literature method a retrospective single center chart review study was conducted on adults admitted to the icu between january and august who were diagnosed with delirium and treated with a single antipsychotic and had no neurological medical conditions active alcohol withdrawal or prior use of antipsychotics data were analyzed using spss software version with p values of indicating statistical significance results in total patients were included of whom and were on quetiapine haloperidol risperidone and olanzapine respectively the median number of hours needed to resolve delirium were and p for quetiapine haloperidol risperidone and olanzapine respectively with haloperidol being used for a significantly shorter median number of days than quetiapine days vs days p of the medication groups only quetiapine treated patients received a significantly higher median maintenance compared to the initiation dose mg vs mg p for the length of stay in the icu and hospital delirium free days of icu time spent in delirium ventilator free days the difference between the highest and baseline qtc intervals and icu and hospital mortalities no significant difference was observed between the groups conclusions overall the use of quetiapine in our retrospective study seems to not be advantageous over the other drugs in terms of efficacy and safety outcomes"
38199293,"Myocardial bridges in a pediatric population: Outcomes following a standardized approach.","To describe clinical, functional, surgical, and outcomes data in pediatric patients with a myocardial bridge (MB) evaluated and managed following a standardized approach. Prospective observational study included patients evaluated in the Coronary Artery Anomalies Program. Anatomy was determined by computed tomography angiography, myocardial perfusion by stress perfusion imaging, and coronary hemodynamic assessment by cardiac catheterization. In total, 39 of 42 patients with a complete evaluation for MB were included (December 2012 to June 2022) at a median age of 14.1 years (interquartile range, 12.2-16.4). Sudden cardiac arrest occurred in 3 of 39 (8%), exertional symptoms in 14 (36%), and no/nonspecific symptoms in 7 (18%) patients. Exercise stress test was abnormal in 3 of 34 (9%), stress perfusion imaging in 8 of 34 (24%), and resting instantaneous wave-free ratio ≤0.89 or diastolic dobutamine fractional flow reserve ≤0.80 in 11 of 21 (52%) patients. As a result, 15 of 39 (38%) patients were determined to have hemodynamically significant MB, 1 of 15 patients started beta-blocker, and 14 of 15 were referred for surgery. Myotomy (n = 11) and coronary bypass (n = 1) were performed successfully, resulting in improved symptoms and stress testing results. One patient required pericardiocentesis postoperatively, and all were discharged without other complications. At median follow-up time of 2.9 (1.8-5.8) years, all (except 2 pending surgery) were doing well without exercise restriction. Pediatric patients with MB can present with myocardial ischemia and sudden cardiac arrest. Provocative stress test and intracoronary hemodynamic tests helped risk-stratify symptomatic patients with MB and concern for ischemia. Surgical repair was safe and effective in mitigating exertional symptoms and stress test results, allowing patients to return to exercise without restriction.",275,"The Journal of thoracic and cardiovascular surgery",2024,"Tex Electronic address: tamdoan@bcmedu","Humans; Child; Female; Male; Prospective Studies; Adolescent; Myocardial Bridging; Coronary Angiography; Exercise Test; Treatment Outcome","Myocardial Bridging","Cardiovascular","to describe clinical functional surgical and outcomes data in pediatric patients with a myocardial bridge mb evaluated and managed following a standardized approach prospective observational study included patients evaluated in the coronary artery anomalies program anatomy was determined by computed tomography angiography myocardial perfusion by stress perfusion imaging and coronary hemodynamic assessment by cardiac catheterization in total of patients with a complete evaluation for mb were included december to june at a median age of years interquartile range sudden cardiac arrest occurred in of exertional symptoms in and no nonspecific symptoms in patients exercise stress test was abnormal in of stress perfusion imaging in of and resting instantaneous wave free ratio or diastolic dobutamine fractional flow reserve in of patients as a result of patients were determined to have hemodynamically significant mb of patients started beta blocker and of were referred for surgery myotomy n and coronary bypass n were performed successfully resulting in improved symptoms and stress testing results one patient required pericardiocentesis postoperatively and all were discharged without other complications at median follow up time of years all except pending surgery were doing well without exercise restriction pediatric patients with mb can present with myocardial ischemia and sudden cardiac arrest provocative stress test and intracoronary hemodynamic tests helped risk stratify symptomatic patients with mb and concern for ischemia surgical repair was safe and effective in mitigating exertional symptoms and stress test results allowing patients to return to exercise without restriction"
38284643,"In vitro antioxidant activity, antidiabetic activity and in silico docking studies of 3,3',4',5,7-pentahydroxyflavone and stigmasta-5,22-dien-3β-ol isolated from aerial parts of Euphorbia milii. Des moul.","This research focused on evaluating the in vitro antioxidant, antidiabetic activities and Insilco docking properties of two phytocompounds 3,3',4',5,7-Pentahydroxyflavone (Quercetin) and Stigmasta-5,22-dien-3β-ol (Stigma sterol). These compounds were isolated from the methanol extract of stem and ethanol extract of flower of the E. milii plant. The antioxidant properties of these phytocompounds were studied using the 2,2-diphenyl-1-picrylhydrazyl (DPPH) method. A comparison was made between the antioxidant activity of quercetin, stigma sterol, and the standard drug ascorbic acid. The results indicated that quercetin showed significant antioxidant activity, suggesting its potential as an effective antioxidant. Additionally, in vitro antidiabetic activity was investigated through α-amylase and α-glucosidase inhibition assays. Screened compounds exhibited significant % of inhibition values against two carbohydrate hydrolysing enzymes, α-amylase and α-glucosidase compared to reference drug (acarbose). Furthermore, molecular docking studies were conducted to analyse the interaction of the compounds with α-d-glucose (PDB ID: 3A4A) and PTP1B I (PDB ID: 1T49) as target molecules. These docking studies provided further insights to support the biological findings of the compounds isolated from E. milii aerial parts.",172,"Natural product research",2025,"India","Hypoglycemic Agents; Antioxidants; Molecular Docking Simulation; alpha-Amylases; Plant Components, Aerial; Euphorbia; Glycoside Hydrolase Inhibitors; alpha-Glucosidases; Molecular Structure; Quercetin","Hypoglycemic Agents","Diabetes","this research focused on evaluating the in vitro antioxidant antidiabetic activities and insilco docking properties of two phytocompounds pentahydroxyflavone quercetin and stigmasta dien ol stigma sterol these compounds were isolated from the methanol extract of stem and ethanol extract of flower of the e milii plant the antioxidant properties of these phytocompounds were studied using the diphenyl picrylhydrazyl dpph method a comparison was made between the antioxidant activity of quercetin stigma sterol and the standard drug ascorbic acid the results indicated that quercetin showed significant antioxidant activity suggesting its potential as an effective antioxidant additionally in vitro antidiabetic activity was investigated through amylase and glucosidase inhibition assays screened compounds exhibited significant of inhibition values against two carbohydrate hydrolysing enzymes amylase and glucosidase compared to reference drug acarbose furthermore molecular docking studies were conducted to analyse the interaction of the compounds with d glucose pdb id a a and ptp b i pdb id t as target molecules these docking studies provided further insights to support the biological findings of the compounds isolated from e milii aerial parts"
40488153,"Harnessing Artificial Intelligence in Cardiology: Advancements in Diagnosis, Treatment, and Patient Care.","Heart disease remains a leading cause of morbidity and mortality globally, straining healthcare systems worldwide. Artificial intelligence (AI) offers transformative solutions in cardiology, enhancing early diagnosis, personalized treatment, and surgical precision. This review examines the impact of AI on cardiology, focusing on its role in analyzing medical images, predicting risk, and managing chronic diseases. AI algorithms and intense learning models have demonstrated exceptional proficiency in interpreting imaging modalities, surpassing human diagnostic capabilities. Predictive analytics models utilizing electronic health records, genomic data, and lifestyle information significantly improve early detection and risk prediction of heart conditions. In addition, AI facilitates personalized treatment plans by predicting patient responses to specific medications and adjusting therapies in real time. In chronic disease management, AI-powered wearable devices and telehealth platforms enable continuous monitoring and timely interventions, reducing hospital readmissions. Furthermore, AI enhances surgical outcomes through real-time assistance and precision. While AI's potential in cardiology is vast, ethical considerations and challenges such as data privacy, bias, and the ""black box"" nature of some algorithms must be addressed. AI stands poised to revolutionize cardiovascular medicine, offering promising avenues for improved patient outcomes and healthcare efficiency.",187,"Heart views : the official journal of the Gulf Heart Association",2024,"Pakistan","","","Cardiovascular","heart disease remains a leading cause of morbidity and mortality globally straining healthcare systems worldwide artificial intelligence ai offers transformative solutions in cardiology enhancing early diagnosis personalized treatment and surgical precision this review examines the impact of ai on cardiology focusing on its role in analyzing medical images predicting risk and managing chronic diseases ai algorithms and intense learning models have demonstrated exceptional proficiency in interpreting imaging modalities surpassing human diagnostic capabilities predictive analytics models utilizing electronic health records genomic data and lifestyle information significantly improve early detection and risk prediction of heart conditions in addition ai facilitates personalized treatment plans by predicting patient responses to specific medications and adjusting therapies in real time in chronic disease management ai powered wearable devices and telehealth platforms enable continuous monitoring and timely interventions reducing hospital readmissions furthermore ai enhances surgical outcomes through real time assistance and precision while ai s potential in cardiology is vast ethical considerations and challenges such as data privacy bias and the black box nature of some algorithms must be addressed ai stands poised to revolutionize cardiovascular medicine offering promising avenues for improved patient outcomes and healthcare efficiency"
40171467,"Knowledge of breast cancer among patients undergoing breast cancer treatment at a Tertiary Hospital in Ghana.","Breast cancer is the leading cause of cancer in females worldwide. Western Africa has one of the highest mortality rates globally partly due to late presentation, often attributed to deficits in patient knowledge about the disease. A cross-sectional study was conducted at the Korle Bu Teaching Hospital among breast cancer patients. A structured questionnaire was utilised to collect data on patient demographics; sources of information on breast cancer; risk factors; symptoms; and treatment options. A chi-square test assessed the relationship between the participants' levels of knowledge and demographic characteristics. Univariate and multivariate analyses determined which sociodemographic factors predicted knowledge. p values <0.05 were considered statistically significant. This study enrolled 636 participants with a mean age of 52.6 ± 12.1 years. Television (TV) (63.4%) and radio (44.6%) were the main sources of information about breast cancer. Thirty-two percent of participants knew that family history was an associated risk factor for developing breast cancer. Eighty-three percent of the patients were familiar with self-breast examination, but only 42% of them practiced it. While 76% of participants knew that a breast mass could represent breast cancer, only 13%, 12% and 6% of participants identified nipple discharge, breast skin changes and changes in breast size as concerning symptoms of breast cancer, respectively. Only 7% of patients were aware of breast conservation as a treatment option. A higher educational level and higher monthly income were identified as predictors of a better level of knowledge, while age older than 60 years and advanced-stage disease correlated with decreased knowledge about breast cancer. Breast cancer awareness campaigns in Ghana should be expanded to include all Ghanaians, specifically women of lower socioeconomic status and older than 60 years. Educational messages should emphasise symptoms other than breast masses and the feasibility of breast-conserving surgery as a treatment option for early-stage disease.",300,"Ecancermedicalscience",2024,"Ghana","","","Cancer","breast cancer is the leading cause of cancer in females worldwide western africa has one of the highest mortality rates globally partly due to late presentation often attributed to deficits in patient knowledge about the disease a cross sectional study was conducted at the korle bu teaching hospital among breast cancer patients a structured questionnaire was utilised to collect data on patient demographics sources of information on breast cancer risk factors symptoms and treatment options a chi square test assessed the relationship between the participants levels of knowledge and demographic characteristics univariate and multivariate analyses determined which sociodemographic factors predicted knowledge p values were considered statistically significant this study enrolled participants with a mean age of years television tv and radio were the main sources of information about breast cancer thirty two percent of participants knew that family history was an associated risk factor for developing breast cancer eighty three percent of the patients were familiar with self breast examination but only of them practiced it while of participants knew that a breast mass could represent breast cancer only and of participants identified nipple discharge breast skin changes and changes in breast size as concerning symptoms of breast cancer respectively only of patients were aware of breast conservation as a treatment option a higher educational level and higher monthly income were identified as predictors of a better level of knowledge while age older than years and advanced stage disease correlated with decreased knowledge about breast cancer breast cancer awareness campaigns in ghana should be expanded to include all ghanaians specifically women of lower socioeconomic status and older than years educational messages should emphasise symptoms other than breast masses and the feasibility of breast conserving surgery as a treatment option for early stage disease"
41170143,"Exploring Left Coronary Artery Lumen Measurements in Relation to Anthropometric Factors: A Single-center Study, Saudi Arabia.","Left main coronary artery (LMCA) revascularization has been indicated when the mean luminal area (MLA) measured by intravascular ultrasound (IVUS) is <6 mm². Few studies showed that the cut point for revascularization is less than that in Asian population. In this study, we studied the relationship between the LMCA area measured by IVUS and height and weight measurements to approximate the correlation. A cross-sectional analysis study included all patients who underwent IVUS assessment in King Abdulaziz Cardiac Center, Riyadh, Saudi Arabia, between 2015 and 2021. Patients with significant LMCA disease (>50%), calcification prevent clear measurement of LM artery media layer or any LMCA previous stents, and poor IVUS acquisition were excluded. The LMCA area measured by IVUS at the mid-shaft of the artery was investigated for correlation with patients' height, weight, body mass index (BMI), and body surface area (BSA). A total of 242 patients were included (20.2% of females with a mean age of 59.3 ± 12.1 years). The mean LMCA minimum luminal area (MLA) is 22.2 ± 5.51 mm². There is no significant difference between gender (female MLA 21.2041 mm² vs. male MLA 22.4021 mm² (P = 0.174). There is a significant correlation between LMCA area and height, with a correlation coefficient of 0.21 and P = 0.0008; by simple linear regression, there is a 1.38 mm² increase in LMCA area for every 10 cm increase in height. There is also a significant correlation between LMCA area and weight with a correlation coefficient of 0.19 and P = 0.0025; by simple linear regression, there is a 0.7 mm² increase in LMCA area for every 10 kg increase in weight. The diameter values of the LM in our population sample aligned with those of other populations. There was no statistically significant correlation to age, gender, BMI, or BSA. However, we discovered a weak but statistically significant correlation between height and weight. The clinical importance of the correlation needs to be further investigated in a larger population-based study.",328,"Heart views : the official journal of the Gulf Heart Association",2025,"Saudi Arabia","","","Cardiovascular","left main coronary artery lmca revascularization has been indicated when the mean luminal area mla measured by intravascular ultrasound ivus is mm few studies showed that the cut point for revascularization is less than that in asian population in this study we studied the relationship between the lmca area measured by ivus and height and weight measurements to approximate the correlation a cross sectional analysis study included all patients who underwent ivus assessment in king abdulaziz cardiac center riyadh saudi arabia between and patients with significant lmca disease calcification prevent clear measurement of lm artery media layer or any lmca previous stents and poor ivus acquisition were excluded the lmca area measured by ivus at the mid shaft of the artery was investigated for correlation with patients height weight body mass index bmi and body surface area bsa a total of patients were included of females with a mean age of years the mean lmca minimum luminal area mla is mm there is no significant difference between gender female mla mm vs male mla mm p there is a significant correlation between lmca area and height with a correlation coefficient of and p by simple linear regression there is a mm increase in lmca area for every cm increase in height there is also a significant correlation between lmca area and weight with a correlation coefficient of and p by simple linear regression there is a mm increase in lmca area for every kg increase in weight the diameter values of the lm in our population sample aligned with those of other populations there was no statistically significant correlation to age gender bmi or bsa however we discovered a weak but statistically significant correlation between height and weight the clinical importance of the correlation needs to be further investigated in a larger population based study"
38547617,"Enhancing β-cell function and identity in type 2 diabetes: The protective role of Coptis deltoidea C. Y. Cheng et Hsiao via glucose metabolism modulation and AMPK signaling activation.","Abnormalities in glucose metabolism may be the underlying cause of β-cell dysfunction and identity impairment resulting from high glucose exposure. In China, Coptis deltoidea C. Y. Cheng et Hsiao (YL) has demonstrated remarkable hypoglycemic effects. To investigate the hypoglycemic effect of YL and determine the mechanism of YL in treating diabetes. A type 2 diabetes mouse model was used to investigate the pharmacodynamics of YL. YL was administrated once daily for 8 weeks. The hypoglycemic effect of YL was assessed by fasting blood glucose, an oral glucose tolerance test, insulin levels, and other indexes. The underlying mechanism of YL was examined by targeting glucose metabolomics, western blotting, and qRT-PCR. Subsequently, the binding capacity between predicted AMP-activated protein kinase (AMPK) and important components of YL (Cop, Ber, and Epi) were validated by molecular docking and surface plasmon resonance. Then, in AMPK knockdown MIN6 cells, the mechanisms of Cop, Ber, and Epi were inversely confirmed through evaluations encompassing glucose-stimulated insulin secretion, markers indicative of β-cell identity, and the examination of glycolytic genes and products. YL (0.9 g/kg) treatment exerted notable hypoglycemic effects and protected the structural integrity and identity of pancreatic β-cells. Metabolomic analysis revealed that YL inhibited the hyperactivated glycolysis pathway in diabetic mice, thereby regulating the products of the tricarboxylic acid cycle. KEGG enrichment revealed the intimate relationship of this process with the AMPK signaling pathway. Cop, Ber, and Epi in YL displayed high binding affinities for AMPK protein. These compounds played a pivotal role in preserving the identity of pancreatic β-cells and amplifying insulin secretion. The mechanism underlying this process involved inhibition of glucose uptake, lowering intracellular lactate levels, and elevating acetyl coenzyme A and ATP levels through AMPK signaling. The use of a glycolytic inhibitor corroborated that attenuation of glycolysis restored β-cell identity and function. YL demonstrates significant hypoglycemic efficacy. We elucidated the potential mechanisms underlying the protective effects of YL and its active constituents on β-cell function and identity by observing glucose metabolism processes in pancreatic tissue and cells. In this intricate process, AMPK plays a pivotal regulatory role.",342,"Phytomedicine : international journal of phytotherapy and phytopharmacology",2024,"China","Animals; Insulin-Secreting Cells; Diabetes Mellitus, Type 2; AMP-Activated Protein Kinases; Hypoglycemic Agents; Signal Transduction; Mice; Diabetes Mellitus, Experimental; Male; Coptis","Insulin-Secreting Cells","Diabetes","abnormalities in glucose metabolism may be the underlying cause of cell dysfunction and identity impairment resulting from high glucose exposure in china coptis deltoidea c y cheng et hsiao yl has demonstrated remarkable hypoglycemic effects to investigate the hypoglycemic effect of yl and determine the mechanism of yl in treating diabetes a type diabetes mouse model was used to investigate the pharmacodynamics of yl yl was administrated once daily for weeks the hypoglycemic effect of yl was assessed by fasting blood glucose an oral glucose tolerance test insulin levels and other indexes the underlying mechanism of yl was examined by targeting glucose metabolomics western blotting and qrt pcr subsequently the binding capacity between predicted amp activated protein kinase ampk and important components of yl cop ber and epi were validated by molecular docking and surface plasmon resonance then in ampk knockdown min cells the mechanisms of cop ber and epi were inversely confirmed through evaluations encompassing glucose stimulated insulin secretion markers indicative of cell identity and the examination of glycolytic genes and products yl g kg treatment exerted notable hypoglycemic effects and protected the structural integrity and identity of pancreatic cells metabolomic analysis revealed that yl inhibited the hyperactivated glycolysis pathway in diabetic mice thereby regulating the products of the tricarboxylic acid cycle kegg enrichment revealed the intimate relationship of this process with the ampk signaling pathway cop ber and epi in yl displayed high binding affinities for ampk protein these compounds played a pivotal role in preserving the identity of pancreatic cells and amplifying insulin secretion the mechanism underlying this process involved inhibition of glucose uptake lowering intracellular lactate levels and elevating acetyl coenzyme a and atp levels through ampk signaling the use of a glycolytic inhibitor corroborated that attenuation of glycolysis restored cell identity and function yl demonstrates significant hypoglycemic efficacy we elucidated the potential mechanisms underlying the protective effects of yl and its active constituents on cell function and identity by observing glucose metabolism processes in pancreatic tissue and cells in this intricate process ampk plays a pivotal regulatory role"
39850477,"Impact of the initiation of isCGM soon after type 1 diabetes mellitus diagnosis in adults on glycemic indices and fear of hypoglycemia: a randomized controlled trial.","Continuous glucose monitoring (CGM) improves glycemic control and quality of life. Data on glycemic indices and fear of hypoglycemia (FoH) in newly diagnosed T1DM patients are limited. To assess the impact of initiating intermittently scanned CGM (isCGM) within 1-6 months of diagnosis on glycemic control and FoH in adults with T1DM. After wearing a blinded sensor for 14 days, participants were randomized (1:1) to either isCGM (intervention) or self-monitoring blood glucose (SMBG) with glucometers and blinded CGM (control). Primary outcomes were changes in time below 70 mg/dl (TB70) and FoH, assessed in the Hypoglycemia Fear Survey (HFS). Main secondary outcomes included changes in mean glucose and time in range (TIR) from baseline to 4 weeks after randomization. The full analysis set included 23 patients (12 from the intervention group and 11 from the control group), aged 25.6 ± 5.1 years (14 men, 9 women). All participants were on multiple daily insulin injections. TB70 changed from 2.42% to 2.25% in the intervention, and from 2.81% to 1.82% in the control group, and the between-therapy difference of 0.83% was insignificant. No difference between intervention and control groups in change in HFS-worry and HFS-behavior subscales between baseline and after 4 weeks was found (-1.6 ± 3.2 and 1.0 ± 2.2, respectively). The mean glucose levels changed from 7.03 mmol/l to 6.73 mmol/l and from 7.07 mmol/l to 7.43 mmol/l, in the intervention and control groups, respectively, which resulted in a between-therapy significant glucose difference of -0.66 mmol/l. The mean TIR changed from 88.0% to 90.0% in the intervention group and from 85.2 to 84.1% in the control group-the between-therapy difference was insignificant (3,1%). The study ended early due to CGM reimbursement policy changes, after which most patients eligible for the study could have isCGM reimbursed. In newly diagnosed T1DM adults, TIR is high and hypoglycemia risk is low. The study group was small; however, the data suggest that the use of isCGM soon after T1DM diagnosis could result in mean glucose decrease, but not in change in TB70 and FoH.",337,"Frontiers in endocrinology",2024,"Poland","Humans; Female; Diabetes Mellitus, Type 1; Male; Hypoglycemia; Adult; Blood Glucose Self-Monitoring; Fear; Blood Glucose; Glycemic Index","Diabetes Mellitus, Type 1","Diabetes","continuous glucose monitoring cgm improves glycemic control and quality of life data on glycemic indices and fear of hypoglycemia foh in newly diagnosed t dm patients are limited to assess the impact of initiating intermittently scanned cgm iscgm within months of diagnosis on glycemic control and foh in adults with t dm after wearing a blinded sensor for days participants were randomized to either iscgm intervention or self monitoring blood glucose smbg with glucometers and blinded cgm control primary outcomes were changes in time below mg dl tb and foh assessed in the hypoglycemia fear survey hfs main secondary outcomes included changes in mean glucose and time in range tir from baseline to weeks after randomization the full analysis set included patients from the intervention group and from the control group aged years men women all participants were on multiple daily insulin injections tb changed from to in the intervention and from to in the control group and the between therapy difference of was insignificant no difference between intervention and control groups in change in hfs worry and hfs behavior subscales between baseline and after weeks was found and respectively the mean glucose levels changed from mmol l to mmol l and from mmol l to mmol l in the intervention and control groups respectively which resulted in a between therapy significant glucose difference of mmol l the mean tir changed from to in the intervention group and from to in the control group the between therapy difference was insignificant the study ended early due to cgm reimbursement policy changes after which most patients eligible for the study could have iscgm reimbursed in newly diagnosed t dm adults tir is high and hypoglycemia risk is low the study group was small however the data suggest that the use of iscgm soon after t dm diagnosis could result in mean glucose decrease but not in change in tb and foh"
41782695,"An experimental study on shrimp bioactive peptides restoring testicular function in a rat model of fatty liver disease via autophagy, redox balance, and energy transporters.","Non-alcoholic fatty liver disease is a widely prevalent condition in the modern era, with potential adverse effects on fertility and the reproductive system. This experimental study investigated the adverse effects of non-alcoholic fatty liver disease induced by a high-fat diet (HFD) on testicular structural integrity, with a focus on oxidative stress and metabolic alterations. To produce bioactive peptides (HPs), whiteleg shrimp by-products were hydrolyzed using alcalase at 50 C for 3 hr. For this experimental study, 24 male Wistar rats (230 ± 23.1 gr, 8 wk) were randomly assigned to 4 groups (n = 6/each): control (standard diet), HFD-sole, HFD+HP20 (HFD supplemented with 20 mg/kg bodyweight of HPs), and HFD+HP300 (HFD supplemented with 300 mg/kg BW of HPs). After 10 wk of dietary intervention, testicular tissues were subjected to histological, molecular, and oxidative stress analyses. After 70 days, the HFD group showed higher malondialdehyde and glutathione, but a lower glutathione/glutathione disulfide ratio (40%, p < 0.001), indicating reductive stress. HPs, especially at higher doses, alleviated stress, improved seminiferous tubule morphology, and increased tubular differential index and spermiogenesis index indices. Autophagy genes (Beclin1, Atg7, LC3-I, p62) rose in HFD but were downregulated by HPs. Glucose transporter 1, 3 (GLUT-1+, GLUT-3+) and monocarboxylate transporter 4 cell distributions decreased in HFD but were restored in HP-received groups. HPs improved tubular differential index and spermiogenesis index values associated with restored GLUT-1/3 and monocarboxylate transporter 4 expression in Sertoli cells, suggesting that Sertoli cells provided enhanced metabolic support for germ cell development.",247,"International journal of reproductive biomedicine",2025,"Iran","","","Diabetes","non alcoholic fatty liver disease is a widely prevalent condition in the modern era with potential adverse effects on fertility and the reproductive system this experimental study investigated the adverse effects of non alcoholic fatty liver disease induced by a high fat diet hfd on testicular structural integrity with a focus on oxidative stress and metabolic alterations to produce bioactive peptides hps whiteleg shrimp by products were hydrolyzed using alcalase at c for hr for this experimental study male wistar rats gr wk were randomly assigned to groups n each control standard diet hfd sole hfd hp hfd supplemented with mg kg bodyweight of hps and hfd hp hfd supplemented with mg kg bw of hps after wk of dietary intervention testicular tissues were subjected to histological molecular and oxidative stress analyses after days the hfd group showed higher malondialdehyde and glutathione but a lower glutathione glutathione disulfide ratio p indicating reductive stress hps especially at higher doses alleviated stress improved seminiferous tubule morphology and increased tubular differential index and spermiogenesis index indices autophagy genes beclin atg lc i p rose in hfd but were downregulated by hps glucose transporter glut glut and monocarboxylate transporter cell distributions decreased in hfd but were restored in hp received groups hps improved tubular differential index and spermiogenesis index values associated with restored glut and monocarboxylate transporter expression in sertoli cells suggesting that sertoli cells provided enhanced metabolic support for germ cell development"
38172786,"In-hospital outcomes of transcatheter aortic valve replacement in patients with chronic and end-stage renal disease: a nationwide database study.","Chronic kidney disease (CKD) and end-stage renal disease (ESRD) have been associated with worse outcomes after transcatheter aortic valve replacement (TAVR). With TAVR indications extending to a wider range of patient populations, it is important to understand the current implications of chronic renal insufficiency on clinical outcomes. We aim to determine the impact of CKD and ESRD on in-hospital outcomes after TAVR. We queried the National Inpatient Sample for TAVR performed between 2016 and 2020 using International Classification of Diseases-10th Revision codes. We compared in-hospital mortality and clinical outcomes between three groups: normal renal function, CKD and ESRD. The association between CKD/ESRD and outcomes was tested with multivariable logistic regression analyses, using normal renal function as baseline. In the five-year study period, 279,195 patients underwent TAVR (mean age 78.9 ± 8.5 years, 44.4% female). Of all patients, 67.1% had normal renal function, 29.2% had CKD, and 3.7% had ESRD. There were significant differences in age, sex, and prevalence of comorbidities across groups. In-hospital mortality was 1.3%. Compared to patients with normal renal function, patients with renal insufficiency had higher in-hospital mortality, with the highest risk found in patients with ESRD (adjusted odds ratio: 1.4 [95% confidence interval: 1.2-1.7] for CKD; adjusted odds ratio: 2.4 [95% confidence interval: 1.8-3.3] for ESRD). Patients with CKD or ESRD had a higher risk of cardiogenic shock, need for mechanical circulatory support, and vascular access complications, compared to those with normal renal function. In addition, patients with ESRD had a higher risk of cardiac arrest and periprocedural acute myocardial infarction. The incidence of conversion to open heart surgery was 0.3% and did not differ between groups. Post-procedural infectious and respiratory complications were more common among patients with CKD or ESRD. Patients with CKD and ESRD are at higher risk of in-hospital mortality, cardiovascular, and non-cardiovascular complications after TAVR. The risk of complications is highest in patients with ESRD and does not result in more frequent conversion to open heart surgery. These results emphasize the importance of individualized patient selection for TAVR and procedural planning among patients with chronic renal insufficiency.",345,"BMC cardiovascular disorders",2024,"USA martalorenteros@gmailcom","Humans; Female; Aged; Aged, 80 and over; Male; Transcatheter Aortic Valve Replacement; Aortic Valve Stenosis; Risk Factors; Treatment Outcome; Kidney Failure, Chronic","Transcatheter Aortic Valve Replacement","Cardiovascular","chronic kidney disease ckd and end stage renal disease esrd have been associated with worse outcomes after transcatheter aortic valve replacement tavr with tavr indications extending to a wider range of patient populations it is important to understand the current implications of chronic renal insufficiency on clinical outcomes we aim to determine the impact of ckd and esrd on in hospital outcomes after tavr we queried the national inpatient sample for tavr performed between and using international classification of diseases th revision codes we compared in hospital mortality and clinical outcomes between three groups normal renal function ckd and esrd the association between ckd esrd and outcomes was tested with multivariable logistic regression analyses using normal renal function as baseline in the five year study period patients underwent tavr mean age years female of all patients had normal renal function had ckd and had esrd there were significant differences in age sex and prevalence of comorbidities across groups in hospital mortality was compared to patients with normal renal function patients with renal insufficiency had higher in hospital mortality with the highest risk found in patients with esrd adjusted odds ratio confidence interval for ckd adjusted odds ratio confidence interval for esrd patients with ckd or esrd had a higher risk of cardiogenic shock need for mechanical circulatory support and vascular access complications compared to those with normal renal function in addition patients with esrd had a higher risk of cardiac arrest and periprocedural acute myocardial infarction the incidence of conversion to open heart surgery was and did not differ between groups post procedural infectious and respiratory complications were more common among patients with ckd or esrd patients with ckd and esrd are at higher risk of in hospital mortality cardiovascular and non cardiovascular complications after tavr the risk of complications is highest in patients with esrd and does not result in more frequent conversion to open heart surgery these results emphasize the importance of individualized patient selection for tavr and procedural planning among patients with chronic renal insufficiency"
40039322,"Data-driven modeling of neural dynamics from EEG to track physiological changes.","A key challenge in studying brain function is gaining insight into the mechanisms which drive neural activity. In this paper, we seek to address this challenge by developing a framework for generative, individualized models based on EEG data which can give insight into the neural functions which drive observed electrophysiological activity. The models created using this framework are accurate, reliable, individualized, and capable of tracking changes in neural activity during the physiological changes occurring during cardiac arrest. Due to the biophysical significance of the model structure, we can gain insight into the mechanisms driving these changes in neural activity, e.g., lowered excitatory inputs across the brain.",106,"Annual International Conference of the IEEE Engineering in Medicine and Biology Society. IEEE Engineering in Medicine and Biology Society. Annual International Conference",2024,"Unknown","Electroencephalography; Humans; Models, Neurological; Brain; Heart Arrest; Neurons","Electroencephalography","Neurological","a key challenge in studying brain function is gaining insight into the mechanisms which drive neural activity in this paper we seek to address this challenge by developing a framework for generative individualized models based on eeg data which can give insight into the neural functions which drive observed electrophysiological activity the models created using this framework are accurate reliable individualized and capable of tracking changes in neural activity during the physiological changes occurring during cardiac arrest due to the biophysical significance of the model structure we can gain insight into the mechanisms driving these changes in neural activity e g lowered excitatory inputs across the brain"
39830183,"Implementation of a value-based approach for older people who have suffered an acute myocardial infarction: study protocol.","Due to the rapid aging of the global population, new approaches are required to improve the quality of life of older people and to reduce healthcare system expenditures. One of the approaches that can be used is value-based healthcare. This article describes a value-based solution for older people who have suffered a myocardial infarction. This solution combines the work of healthcare professionals and informal caregivers and the use of modern and user-friendly technologies to support the achievement of patients' values. Patients older than 65 years who have suffered a myocardial infarction will be divided into control and intervention groups within a pre-post-controlled design research study. Members of the intervention group will be provided with a personalized plan developed by healthcare professionals and based on the results from the baseline questionnaire. Two ValueCare digital solution components will be developed: a mobile application for the participants and a web platform for the professionals, researchers, and informal caregivers. Together with smartwatches, which will track important health aspects, and applications, this approach would enable older people to improve their health through correct lifestyle choices and their professional and informal caregivers to track their progress. With the use of the described technology and the multidisciplinary approach, the unmet needs and values of participants could be achieved. Using this approach, it could be possible to reduce overall healthcare expenses through the active involvement of both older people and their informal caregivers through a shared decision-making process with healthcare professionals. The ISRCTN registry number is 25089186. The date of trial registration is 16/11/2021.",256,"Frontiers in public health",2024,"Croatia","Aged; Aged, 80 and over; Female; Humans; Male; Caregivers; Mobile Applications; Myocardial Infarction; Quality of Life; Surveys and Questionnaires","Myocardial Infarction","Cardiovascular","due to the rapid aging of the global population new approaches are required to improve the quality of life of older people and to reduce healthcare system expenditures one of the approaches that can be used is value based healthcare this article describes a value based solution for older people who have suffered a myocardial infarction this solution combines the work of healthcare professionals and informal caregivers and the use of modern and user friendly technologies to support the achievement of patients values patients older than years who have suffered a myocardial infarction will be divided into control and intervention groups within a pre post controlled design research study members of the intervention group will be provided with a personalized plan developed by healthcare professionals and based on the results from the baseline questionnaire two valuecare digital solution components will be developed a mobile application for the participants and a web platform for the professionals researchers and informal caregivers together with smartwatches which will track important health aspects and applications this approach would enable older people to improve their health through correct lifestyle choices and their professional and informal caregivers to track their progress with the use of the described technology and the multidisciplinary approach the unmet needs and values of participants could be achieved using this approach it could be possible to reduce overall healthcare expenses through the active involvement of both older people and their informal caregivers through a shared decision making process with healthcare professionals the isrctn registry number is the date of trial registration is"
38340698,"Dysconnectivity of the brain functional network and abnormally expressed peripheral transcriptional profiles in patients with anxious depression.","Major depressive disorder (MDD) is a heterogeneous mental disorder, and accompanying anxiety symptoms, known as anxious depression (AD), are the most common subtype. However, the pathophysiology of AD may be distinct in depressed patients without anxiety (NAD) and remains unknown. This study aimed to investigate the relationship between functional connectivity and peripheral transcriptional profiles in patients with AD and NAD. Functional imaging data were collected to identify differences in functional networks among patients with AD (n = 66), patients with NAD (n = 115), and healthy controls (HC, n = 200). The peripheral transcriptional data were clustered as co-expression modules, and their associations with AD, AND, and HC were analyzed. The gene ontology (GO) and Kyoto Encyclopedia of Genes and Genomes (KEGG) functional enrichment analyses of the genes in the significant module were performed. Correlation analysis was performed to identify functional network-associated gene co-expression modules. A network was identified which consisted of 23 nodes and 28 edges that were significantly different among three sample groups. The regions of the network were located in temporal and occipital lobe. Two gene co-expression modules were shown to be associated with NAD, and one of which was correlated with the disrupted network in the AD group. The biological function of this module was enriched in immune regulation pathways. The results suggested that immune-related mechanisms were associated with functional networks in AD.",227,"Journal of psychiatric research",2024,"China","Humans; Major Depressive Disorder; Depression; NAD; Brain; Gene Regulatory Networks; Gene Expression Profiling","Major Depressive Disorder","Neurological","major depressive disorder mdd is a heterogeneous mental disorder and accompanying anxiety symptoms known as anxious depression ad are the most common subtype however the pathophysiology of ad may be distinct in depressed patients without anxiety nad and remains unknown this study aimed to investigate the relationship between functional connectivity and peripheral transcriptional profiles in patients with ad and nad functional imaging data were collected to identify differences in functional networks among patients with ad n patients with nad n and healthy controls hc n the peripheral transcriptional data were clustered as co expression modules and their associations with ad and and hc were analyzed the gene ontology go and kyoto encyclopedia of genes and genomes kegg functional enrichment analyses of the genes in the significant module were performed correlation analysis was performed to identify functional network associated gene co expression modules a network was identified which consisted of nodes and edges that were significantly different among three sample groups the regions of the network were located in temporal and occipital lobe two gene co expression modules were shown to be associated with nad and one of which was correlated with the disrupted network in the ad group the biological function of this module was enriched in immune regulation pathways the results suggested that immune related mechanisms were associated with functional networks in ad"
38264149,"Safety, feasibility and effectiveness of the remotely delivered Pulmonary Hypertension and Home-Based (PHAHB) physical activity intervention.","Pulmonary hypertension (PH) is a heterogeneous condition, associated with a high symptom burden and a substantial loss of exercise capacity. Despite prior safety concerns regarding physical exertion, exercise training as a supportive therapy is now recommended for PH patients. Currently, most programmes are hospital-based, which limits accessibility. There is a need to provide alternative approaches for physical activity engagement for PH patients. The aim of this research was to develop, implement and evaluate the safety, feasibility and effectiveness of home-based physical activity intervention for PH. An entirely remotely delivered home-based physical activity intervention underpinned by behaviour change theory and informed by end-users, was assessed using a single-arm feasibility study design. Participants (n=19; 80% female) with a mean±sd age of 49.9±15.9 years with a diagnosis of PH undertook a 10-week, home-based physical activity intervention with induction training, support materials, telecommunication support, health coaching, exercise training and assessments, all remotely delivered. Training involved respiratory training along with a combination of aerobic and resistance exercises. The intervention was deemed safe as no adverse events were reported. A high level of feasibility was demonstrated as the protocol was implemented as intended, sustained a high level of engagement and adherence and was well accepted by participants in terms of enjoyment and utility. There was a significant improvement in functional capacity, physical activity, exercise self-efficacy and quality of life, between baseline and post-training. The study demonstrates that an entirely remotely delivered home-based physical activity programme is safe, feasible and effective in improving functional capacity, physical activity and quality of life in PH patients.",257,"ERJ open research",2024,"Ireland","","","Cardiovascular","pulmonary hypertension ph is a heterogeneous condition associated with a high symptom burden and a substantial loss of exercise capacity despite prior safety concerns regarding physical exertion exercise training as a supportive therapy is now recommended for ph patients currently most programmes are hospital based which limits accessibility there is a need to provide alternative approaches for physical activity engagement for ph patients the aim of this research was to develop implement and evaluate the safety feasibility and effectiveness of home based physical activity intervention for ph an entirely remotely delivered home based physical activity intervention underpinned by behaviour change theory and informed by end users was assessed using a single arm feasibility study design participants n female with a mean sd age of years with a diagnosis of ph undertook a week home based physical activity intervention with induction training support materials telecommunication support health coaching exercise training and assessments all remotely delivered training involved respiratory training along with a combination of aerobic and resistance exercises the intervention was deemed safe as no adverse events were reported a high level of feasibility was demonstrated as the protocol was implemented as intended sustained a high level of engagement and adherence and was well accepted by participants in terms of enjoyment and utility there was a significant improvement in functional capacity physical activity exercise self efficacy and quality of life between baseline and post training the study demonstrates that an entirely remotely delivered home based physical activity programme is safe feasible and effective in improving functional capacity physical activity and quality of life in ph patients"
38292846,"Emerging role of liquid biopsy in rat sarcoma virus mutated metastatic colorectal cancer: A case report.","In patients with metastatic colorectal cancer (mCRC), the treatment options are limited and have been proved to be affected by rat sarcoma virus (RAS) mutational status. In RAS wild-type (wt) patients, the combination of anti-epidermal growth factor receptor (EGFR) monoclonal antibodies with chemotherapy (CT) is more effective than CT alone. On the other hand, RAS-mutated patients are not eligible for treatment with anti-EGFR antibodies. Eleven patients with initially RAS-mutated mCRC were followed from diagnosis to May 2022. At the time of cell-free DNA determination, five patients had undergone one CT line, five patients had undergone two CT lines, and one patient had undergone three CT lines (all in combination with bevacizumab). At the second and third treatment lines [second line (2L), third line (3L)], patients with neo-RAS wt received a combination of CT and cetuximab. In neo-RAS wt patients treated with anti-EGFR, our findings indicated an increase in progression-free survival for both 2L and 3L (14.5 mo, P = 0.119 and 3.9 mo, P = 0.882, respectively). Regarding 2L overall survival, we registered a slight increase in neo-RAS wt patients treated with anti-EGFR (33.6 mo vs 32.4 mo, P = 0.385). At data cut-off, two patients were still alive: A RAS-mutated patient undergoing 3L treatment and a neo-RAS wt patient who received 2L treatment with anti-EGFR (ongoing). Our case series demonstrated that monitoring RAS mutations in mCRC by liquid biopsy may provide an additional treatment line for neo-RAS wt patients.",240,"World journal of gastrointestinal oncology",2024,"Portugal jpgramaca@gmailcom","","","Cancer","in patients with metastatic colorectal cancer mcrc the treatment options are limited and have been proved to be affected by rat sarcoma virus ras mutational status in ras wild type wt patients the combination of anti epidermal growth factor receptor egfr monoclonal antibodies with chemotherapy ct is more effective than ct alone on the other hand ras mutated patients are not eligible for treatment with anti egfr antibodies eleven patients with initially ras mutated mcrc were followed from diagnosis to may at the time of cell free dna determination five patients had undergone one ct line five patients had undergone two ct lines and one patient had undergone three ct lines all in combination with bevacizumab at the second and third treatment lines second line l third line l patients with neo ras wt received a combination of ct and cetuximab in neo ras wt patients treated with anti egfr our findings indicated an increase in progression free survival for both l and l mo p and mo p respectively regarding l overall survival we registered a slight increase in neo ras wt patients treated with anti egfr mo vs mo p at data cut off two patients were still alive a ras mutated patient undergoing l treatment and a neo ras wt patient who received l treatment with anti egfr ongoing our case series demonstrated that monitoring ras mutations in mcrc by liquid biopsy may provide an additional treatment line for neo ras wt patients"
41607606,"The Long-Term Outcomes of Pulmonary Hypertension in Systemic Lupus Erythematosus (SLE-PAH) Vary Among Different Autoantibody-Based Clusters: An Observational, Longitudinal Study Conducted at a Single Centre in India.","Pulmonary arterial hypertension (PAH) is often overlooked in systemic lupus erythematosus (SLE) patients. However, the association between SLE and PAH is gaining attention due to unique mechanisms and treatment responses. This study aims to categorise SLE-PAH patients by autoantibody profiles and evaluate long-term outcomes, including mortality and changes in PAH over 12 months. A hospital-based investigation included SLE patients diagnosed with PAH. We analysed mortality, PAH resolution, increases in anti-PAH therapy, and follow-up right ventricular systolic pressure (RVSP) over 12 months. K-means cluster analysis was used for clustering, with regression analyses predicting mortality. Analysing 111 SLE PAH patients revealed three clusters: Cluster 1 (CL1)-Sm-RNP positive (n=48), Cluster 2 (CL2)-no specific autoantibodies (n=36), and Cluster 3 (CL3)-multiple autoantibody positivity (n=27) (Smith, Sm-RNP, nucleosome, histone). Nephritis was significant in CL3 with multiple antibody positivity compared to CL1 and CL2 (p=0.01). CL1 showed a higher baseline mean RVSP (64.5 ± 19.1 (CL1) vs 57.5 ± 12.6 (CL2) vs 50.9 ± 12, p=0.002) and more frequent use of dual anti-PAH therapy (p=0.000). CL2, without any specific antibody, had an earlier onset of PAH (p=0.04). Significant improvement in PAH after withdrawing anti-PAH medication was noted in Cluster 3 (p=0.00). Regression analysis showed that aggressive anti-PAH therapy lowers PAH-related mortality (p=0.01), while nephritis (p=0.012) and positive dsDNA (p=0.009) correlate with higher mortality. This study is the first to analyse SLE-PAH through cluster-based methods. Sm-RNP antibodies indicate more severe disease needing dual therapy, while multiple positive antibodies suggest a better prognosis, with most patients achieving PAH resolution.",250,"Mediterranean journal of rheumatology",2025,"India","","","Cardiovascular","pulmonary arterial hypertension pah is often overlooked in systemic lupus erythematosus sle patients however the association between sle and pah is gaining attention due to unique mechanisms and treatment responses this study aims to categorise sle pah patients by autoantibody profiles and evaluate long term outcomes including mortality and changes in pah over months a hospital based investigation included sle patients diagnosed with pah we analysed mortality pah resolution increases in anti pah therapy and follow up right ventricular systolic pressure rvsp over months k means cluster analysis was used for clustering with regression analyses predicting mortality analysing sle pah patients revealed three clusters cluster cl sm rnp positive n cluster cl no specific autoantibodies n and cluster cl multiple autoantibody positivity n smith sm rnp nucleosome histone nephritis was significant in cl with multiple antibody positivity compared to cl and cl p cl showed a higher baseline mean rvsp cl vs cl vs p and more frequent use of dual anti pah therapy p cl without any specific antibody had an earlier onset of pah p significant improvement in pah after withdrawing anti pah medication was noted in cluster p regression analysis showed that aggressive anti pah therapy lowers pah related mortality p while nephritis p and positive dsdna p correlate with higher mortality this study is the first to analyse sle pah through cluster based methods sm rnp antibodies indicate more severe disease needing dual therapy while multiple positive antibodies suggest a better prognosis with most patients achieving pah resolution"
38215561,"Generation of induced pluripotent stem cell line LNDWCHi001-A from a patient with early-onset Parkinson's disease carrying the homozygous c.1898C > T (p. A633V) mutation in the PLA2G6 gene.","A variant of the phospholipase A2 group VI gene (PLA2G6, PARK14) has been found to cause early-onset Parkinson's disease (EOPD). In this study, we reprogrammed peripheral blood mononuclear cells from a 39-year-old patient with EOPD carrying a homozygous PLA2G6 mutation c.1898C > T (p. A633V) to generate the human induced pluripotent stem cell line LNDWCHi001-A. This cell line was identified based on pluripotent markers and displayed differentiation capacity, providing an essential model for studying the pathogenesis of EOPD and drug screening.",81,"Stem cell research",2024,"China","Humans; Adult; Parkinson Disease; Induced Pluripotent Stem Cells; Leukocytes, Mononuclear; Parkinsonian Disorders; Mutation; Group VI Phospholipases A2","Parkinson Disease","Neurological","a variant of the phospholipase a group vi gene pla g park has been found to cause early onset parkinson s disease eopd in this study we reprogrammed peripheral blood mononuclear cells from a year old patient with eopd carrying a homozygous pla g mutation c c t p a v to generate the human induced pluripotent stem cell line lndwchi a this cell line was identified based on pluripotent markers and displayed differentiation capacity providing an essential model for studying the pathogenesis of eopd and drug screening"
38311544,"Laparoscopic anatomic vs. nonanatomic liver resection for large hepatocellular carcinoma (≥5 cm) in the right lobe.","To determine the impacts and outcomes of laparoscopic anatomic liver resection (LAR) and laparoscopic nonanatomic resection (LNAR) in patients with large hepatocellular carcinoma (HCC) in the right lobe of the liver. There are few comparative studies of LAR and LNAR for large HCC. Three hundred thirty-seven patients underwent liver resection for large HCC (≥5 cm) at Seoul National University Bundang Hospital, Seoul, Korea, between January 2004 and December 2022. After the exclusion of patients treated with open hepatic resection and those who had left-lobe or bilobar tumors, 94 patients were ultimately included. Patients were divided into LAR group (61 patients) and LNAR group (33 patients). After propensity score matching (PSM) with 1:1 matching, 31 patients were included in each group. The outcomes in the two groups were compared. LAR group had longer operative time than LNAR group (333.7 ± 113.7 vs 210 ± 117.6 min, respectively, P < 0.001), wider safety margin (1.4 ± 1.5 vs 0.7 ± 0.7 cm, respectively, P = 0.015), and lower incidence of recurrence (25.8% vs. 54.8%, respectively, P = 0.021). LAR required longer operative time, achieved wider safety margin, and had lower incidence of recurrence than LNAR.",193,"HPB : the official journal of the International Hepato Pancreato Biliary Association",2024,"Egypt","Humans; Carcinoma, Hepatocellular; Liver Neoplasms; Retrospective Studies; Hepatectomy; Laparoscopy; Propensity Score; Length of Stay; Treatment Outcome","Carcinoma, Hepatocellular","Cancer","to determine the impacts and outcomes of laparoscopic anatomic liver resection lar and laparoscopic nonanatomic resection lnar in patients with large hepatocellular carcinoma hcc in the right lobe of the liver there are few comparative studies of lar and lnar for large hcc three hundred thirty seven patients underwent liver resection for large hcc cm at seoul national university bundang hospital seoul korea between january and december after the exclusion of patients treated with open hepatic resection and those who had left lobe or bilobar tumors patients were ultimately included patients were divided into lar group patients and lnar group patients after propensity score matching psm with matching patients were included in each group the outcomes in the two groups were compared lar group had longer operative time than lnar group vs min respectively p wider safety margin vs cm respectively p and lower incidence of recurrence vs respectively p lar required longer operative time achieved wider safety margin and had lower incidence of recurrence than lnar"
41040461,"The Relationship Between Relative Brain Size and Avoidance of Vehicular Collisions in Birds is Subtle.","Møller and Erritzøe (2017) reported that birds killed by collisions with vehicles had on average relatively smaller brains than birds killed by other causes, which were not identified. Despite concerns about the method used to assess brain mass, we reanalyzed the published data of Møller and Erritzøe (2017) after excluding extraneous species and confirmed a subtle tendency for birds killed by vehicular collision to have somewhat small brains. Some groups of birds (owls, hawks, garden birds and migratory species) did not reflect the overall result. Surprisingly there was no effect of age or sex, whereas one would expect inexperienced immature birds and females in breeding condition to be vulnerable. Overall, plots of brain mass in birds killed by vehicular collisions and other causes greatly overlap, and in some species, individuals killed by collisions have relatively larger brains. That is, the tendency for birds hit by vehicles to be relatively smaller brained is not universal, nor in any species is there an absolute difference in brain size between the two categories. It is possible that in the short time birds have interacted with moving vehicles that selection has acted on brain size to avoid collisions, although we suggest that slightly larger brains might represent an innate tendency to avoid rapidly approaching objects. An interesting question from their study is what was the cause of mortality in the birds not hit by vehicles. Likely sources of mortality of birds post-nestling stage include depredation (natural and house cats) and collisions with windows and other human structures. In fact, relatively large-brained birds might be more susceptible to collisions with windows or being caught by cats (i.e., the other sources of mortality), for which having a relatively larger brain would not appear to mitigate these sources of mortality.",293,"Zoological studies",2025,"USA E-mail: rzink2@unledu (Zink)","","","Neurological","m ller and erritz e reported that birds killed by collisions with vehicles had on average relatively smaller brains than birds killed by other causes which were not identified despite concerns about the method used to assess brain mass we reanalyzed the published data of m ller and erritz e after excluding extraneous species and confirmed a subtle tendency for birds killed by vehicular collision to have somewhat small brains some groups of birds owls hawks garden birds and migratory species did not reflect the overall result surprisingly there was no effect of age or sex whereas one would expect inexperienced immature birds and females in breeding condition to be vulnerable overall plots of brain mass in birds killed by vehicular collisions and other causes greatly overlap and in some species individuals killed by collisions have relatively larger brains that is the tendency for birds hit by vehicles to be relatively smaller brained is not universal nor in any species is there an absolute difference in brain size between the two categories it is possible that in the short time birds have interacted with moving vehicles that selection has acted on brain size to avoid collisions although we suggest that slightly larger brains might represent an innate tendency to avoid rapidly approaching objects an interesting question from their study is what was the cause of mortality in the birds not hit by vehicles likely sources of mortality of birds post nestling stage include depredation natural and house cats and collisions with windows and other human structures in fact relatively large brained birds might be more susceptible to collisions with windows or being caught by cats i e the other sources of mortality for which having a relatively larger brain would not appear to mitigate these sources of mortality"
38170784,"Computational model links normalization to chemoarchitecture in the human visual system.","A goal of cognitive neuroscience is to provide computational accounts of brain function. Canonical computations-mathematical operations used by the brain in many contexts-fulfill broad information-processing needs by varying their algorithmic parameters. A key question concerns the identification of biological substrates for these computations and their algorithms. Chemoarchitecture-the spatial distribution of neurotransmitter receptor densities-shapes brain function. Here, we propose that local variations in specific receptor densities implement algorithmic modulations of canonical computations. To test this hypothesis, we combine mathematical modeling of brain responses with chemoarchitecture data. We compare parameters of divisive normalization obtained from 7-tesla functional magnetic resonance imaging with receptor density maps obtained from positron emission tomography. We find evidence that serotonin and γ-aminobutyric acid receptor densities are the biological substrate for algorithmic modulations of divisive normalization in the human visual system. Our model links computational and biological levels of vision, explaining how canonical computations allow the brain to fulfill broad information-processing needs.",153,"Science advances",2024,"Netherlands","Humans; Neurons; Models, Neurological; Vision, Ocular; Brain; Algorithms","Neurons","Neurological","a goal of cognitive neuroscience is to provide computational accounts of brain function canonical computations mathematical operations used by the brain in many contexts fulfill broad information processing needs by varying their algorithmic parameters a key question concerns the identification of biological substrates for these computations and their algorithms chemoarchitecture the spatial distribution of neurotransmitter receptor densities shapes brain function here we propose that local variations in specific receptor densities implement algorithmic modulations of canonical computations to test this hypothesis we combine mathematical modeling of brain responses with chemoarchitecture data we compare parameters of divisive normalization obtained from tesla functional magnetic resonance imaging with receptor density maps obtained from positron emission tomography we find evidence that serotonin and aminobutyric acid receptor densities are the biological substrate for algorithmic modulations of divisive normalization in the human visual system our model links computational and biological levels of vision explaining how canonical computations allow the brain to fulfill broad information processing needs"
39555303,"Assessment of rTMS treatment effects for methamphetamine addiction based on EEG functional connectivity.","Methamphetamine (MA) addiction leads to impairment of neural communication functions in the brain, and functional connectivity (FC) may be a valid indicator. However, it is unclear how FC in the brain changes in methamphetamine use disorder (MUD) after treatment with repetitive transcranial magnetic stimulation (rTMS). Thirty-four patients with MUD participated in this study. The subjects were randomized to receive the active or sham rTMS for four weeks. Subjects performed electroencephalography (EEG) examinations and visual analogue scale (VAS) assessments before and after the treatment. The FC networks were constructed and visualized, and then the graph theory analysis was carried out. Finally, machine learning was used to classify FC networks before and after rTMS. The results showed that (1) the active group showed a significant enhancement in connectivity in the beta band; (2) the global efficiency, local efficiency, and aggregation coefficient of the active group in the beta band decreased significantly; (3) the LDA algorithm combined with the beta band FC matrix achieved an average accuracy of 82.5% in distinguishing before and after treatment. This study demonstrated that brain FC could effectively assess the therapeutic effect of rTMS, among which the beta band was the most sensitive and effective frequency band. The online version contains supplementary material available at 10.1007/s11571-024-10097-x.",208,"Cognitive neurodynamics",2024,"200444 China","","","Neurological","methamphetamine ma addiction leads to impairment of neural communication functions in the brain and functional connectivity fc may be a valid indicator however it is unclear how fc in the brain changes in methamphetamine use disorder mud after treatment with repetitive transcranial magnetic stimulation rtms thirty four patients with mud participated in this study the subjects were randomized to receive the active or sham rtms for four weeks subjects performed electroencephalography eeg examinations and visual analogue scale vas assessments before and after the treatment the fc networks were constructed and visualized and then the graph theory analysis was carried out finally machine learning was used to classify fc networks before and after rtms the results showed that the active group showed a significant enhancement in connectivity in the beta band the global efficiency local efficiency and aggregation coefficient of the active group in the beta band decreased significantly the lda algorithm combined with the beta band fc matrix achieved an average accuracy of in distinguishing before and after treatment this study demonstrated that brain fc could effectively assess the therapeutic effect of rtms among which the beta band was the most sensitive and effective frequency band the online version contains supplementary material available at s x"
38418352,"The association between time-restricted eating and arterial stiffness status in community-dwelling elderly Chinese individuals.","Emerging studies indicate that time-restricted eating (TRE) may protect against cardiovascular disease (CVD); however, studies performed in elderly adults are limited. This study aimed to analyze the association of TRE with arterial stiffness (AS) in community-dwelling elderly Chinese individuals. This cross-sectional study recruited 3487 participants aged ≥60 y from Shanghai, China. TRE was determined by calculating the end time of the last meal minus the start time of the first meal of the average day. Participants were then categorized into those with a time-restricted window lasting ≤11 h (TRE) and >11 h (non-TRE). The mean age of the sample was 71.78 ± 5.75 y, and 41.2 % were men. Having a TRE pattern was 72.2 %. In the logistic analysis, TRE was associated with borderline arterial stiffness (OR = 1.419; 95 % CI = 1.077-1.869) and elevated arterial stiffness (OR = 1.699; 95 % CI = 1.276-2.263). In a subgroup analysis, the significance remained in the group at risk of malnutrition (with borderline arterial stiffness: OR = 2.270; 95 % CI = 1.229-4.190; with elevated arterial stiffness: OR = 2.459; 95 % CI = 1.287-4.700), while in well-nourished participants, the association only remained with elevated arterial stiffness (OR = 1.530; 95 % CI = 1.107-2.115) and not with borderline arterial stiffness. TRE is a risk factor for both borderline and elevated arterial stiffness in community-dwelling Chinese individuals and varies by nutritional status. (Protocol code 2019-WJWXM-04-310108196508064467.).",235,"Nutrition, metabolism, and cardiovascular diseases : NMCD",2024,"China","Aged; Male; Adult; Humans; Female; Vascular Stiffness; Independent Living; Cross-Sectional Studies; China; Risk Factors","Vascular Stiffness","Cardiovascular","emerging studies indicate that time restricted eating tre may protect against cardiovascular disease cvd however studies performed in elderly adults are limited this study aimed to analyze the association of tre with arterial stiffness as in community dwelling elderly chinese individuals this cross sectional study recruited participants aged y from shanghai china tre was determined by calculating the end time of the last meal minus the start time of the first meal of the average day participants were then categorized into those with a time restricted window lasting h tre and h non tre the mean age of the sample was y and were men having a tre pattern was in the logistic analysis tre was associated with borderline arterial stiffness or ci and elevated arterial stiffness or ci in a subgroup analysis the significance remained in the group at risk of malnutrition with borderline arterial stiffness or ci with elevated arterial stiffness or ci while in well nourished participants the association only remained with elevated arterial stiffness or ci and not with borderline arterial stiffness tre is a risk factor for both borderline and elevated arterial stiffness in community dwelling chinese individuals and varies by nutritional status protocol code wjwxm"
38220558,"Deintensification of potentially inappropriate medications amongst older frail people with type 2 diabetes: Protocol for a cluster randomised controlled trial (D-MED study).","Amongst elderly people with type 2 diabetes (T2D) over prescribing can result in emergency ambulance call-outs, falls and fractures and increased mortality, particularly in frail patients. Current clinical guidelines, however, remain focused on medication intensification rather than deintensification where appropriate. This study aims to evaluate the effectiveness of an electronic decision-support system and training for the deintensification of potentially inappropriate medications amongst older frail people with T2D, when compared to 'usual' care at 12-months. This study is an open-label, multi-site, two-armed pragmatic cluster-randomised trial. GP practices randomised to the 'enhanced care' group have an electronic decision support system installed and receive training on the tool and de-intensification of diabetes medications. The system flags eligible patients for possible deintensification of diabetes medications, linking the health care professional to a clinical algorithm. The primary outcome will be the number of patients at 12-months who have had potentially inappropriate diabetes medications de-intensified. Study recruitment commenced in June 2022. Data collection commenced in January 2023. Baseline data have been extracted from 40 practices (3145 patients). Digital technology, involving computer decision systems, may have the potential to reduce inappropriate medications and aid the process of de-intensification. International Standard Randomised Controlled Trial Number: ISRCTN53221378. Available at: https://www.isrctn.com/ISRCTN53221378.",201,"Primary care diabetes",2024,"UK","Humans; Aged; Potentially Inappropriate Medication List; Diabetes Mellitus, Type 2; Frail Elderly; Inappropriate Prescribing; Data Collection; Randomized Controlled Trials as Topic; Pragmatic Clinical Trials as Topic","Potentially Inappropriate Medication List","Diabetes","amongst elderly people with type diabetes t d over prescribing can result in emergency ambulance call outs falls and fractures and increased mortality particularly in frail patients current clinical guidelines however remain focused on medication intensification rather than deintensification where appropriate this study aims to evaluate the effectiveness of an electronic decision support system and training for the deintensification of potentially inappropriate medications amongst older frail people with t d when compared to usual care at months this study is an open label multi site two armed pragmatic cluster randomised trial gp practices randomised to the enhanced care group have an electronic decision support system installed and receive training on the tool and de intensification of diabetes medications the system flags eligible patients for possible deintensification of diabetes medications linking the health care professional to a clinical algorithm the primary outcome will be the number of patients at months who have had potentially inappropriate diabetes medications de intensified study recruitment commenced in june data collection commenced in january baseline data have been extracted from practices patients digital technology involving computer decision systems may have the potential to reduce inappropriate medications and aid the process of de intensification international standard randomised controlled trial number isrctn available at https www isrctn com isrctn"
38183701,"DL-SPhos: Prediction of serine phosphorylation sites using transformer language model.","Serine phosphorylation plays a pivotal role in the pathogenesis of various cellular processes and diseases. Roughly 81% of human diseases have links to phosphorylation, and an overwhelming 86.4% of protein phosphorylation takes place at serine residues. In eukaryotes, over a quarter of proteins undergo phosphorylation, with more than half implicated in numerous disorders, notably cancer and reproductive system diseases. This study primarily focuses on serine-phosphorylation-driven pathogenesis and the critical role of conserved motif identification. While numerous techniques exist for predicting serine phosphorylation sites, traditional wet lab experiments are resource-intensive. Our paper introduces a cutting-edge deep learning tool for predicting S phosphorylation sites, integrating explainable AI for motif identification, a transformer language model, and deep neural network components. We trained our model on protein sequences from UniProt, validated it against the dbPTM benchmark dataset, and employed the PTMD dataset to explore motifs related to mammalian disorders. Our results highlight that our model surpasses other deep learning predictors by a significant 3%. Furthermore, we utilized the local interpretable model-agnostic explanations (LIME) approach to shed light on the predictions, emphasizing the amino acid residues crucial for S phosphorylation. Notably, our model also outperformed competitors in kinase-specific serine phosphorylation prediction on benchmark datasets.",199,"Computers in biology and medicine",2024,"Republic of Korea","Animals; Humans; Phosphorylation; Proteins; Amino Acid Sequence; Neural Networks, Computer; Serine; Mammals","Proteins","Cancer","serine phosphorylation plays a pivotal role in the pathogenesis of various cellular processes and diseases roughly of human diseases have links to phosphorylation and an overwhelming of protein phosphorylation takes place at serine residues in eukaryotes over a quarter of proteins undergo phosphorylation with more than half implicated in numerous disorders notably cancer and reproductive system diseases this study primarily focuses on serine phosphorylation driven pathogenesis and the critical role of conserved motif identification while numerous techniques exist for predicting serine phosphorylation sites traditional wet lab experiments are resource intensive our paper introduces a cutting edge deep learning tool for predicting s phosphorylation sites integrating explainable ai for motif identification a transformer language model and deep neural network components we trained our model on protein sequences from uniprot validated it against the dbptm benchmark dataset and employed the ptmd dataset to explore motifs related to mammalian disorders our results highlight that our model surpasses other deep learning predictors by a significant furthermore we utilized the local interpretable model agnostic explanations lime approach to shed light on the predictions emphasizing the amino acid residues crucial for s phosphorylation notably our model also outperformed competitors in kinase specific serine phosphorylation prediction on benchmark datasets"
